Order Priority,Discount offered,Unit Price,Freight Expenses,Freight Mode,Segment,Product Type,Product Sub-Category,Product Container,State,City,Region,Country,Order Date,Ship Date,Profit,QtyOrdered,Sales
High,0.06,40.98,2.99,Regular Air,Personel Usage,Processed Meat,Bacon,Small Box,Madhya Pradesh,Rewa,West,India,2010-01-02,2010-01-04,-19.099200000000003,3,124.81
High,0.05,155.06,7.07,Regular Air,Hotels / Hospitals,Processed Meat,Fresh Water Eel,Small Box,Meghalaya,Shillong,East,India,2010-01-02,2010-01-09,845.6639999999999,8,1225.6
High,0.09,9.11,2.15,Express Air,Personel Usage,Processed Meat,Smoked Salmon,Wrap Bag,Maharashtra,Parbhani,West,India,2010-01-02,2010-01-04,20.2996,4,34.41
High,0.08,15.04,1.97,Regular Air,Personel Usage,Processed Meat,Smoked Salmon,Wrap Bag,Maharashtra,Parbhani,West,India,2010-01-02,2010-01-02,108.5163,11,157.27
High,0.03,4.26,1.2,Regular Air,Restaurant Chain,Processed Meat,Foie Gras,Wrap Bag,Uttar Pradesh,Ghaziabad,North,India,2010-01-03,2010-01-04,9.82,29,122.23
High,0.03,4.26,1.2,Regular Air,Restaurant Chain,Processed Meat,Foie Gras,Wrap Bag,Kerala,Pathanamthitta,South,India,2010-01-03,2010-01-04,18.658,7,29.5
Low,0.08,43.22,16.71,Regular Air,Hotels / Hospitals,Canned Foods,Assorted Fruits,Small Box,Andhra Pradesh,Vizianagaram,South,India,2010-01-03,2010-01-05,280.27458,3,130.62
Low,0.05,574.74,24.49,Regular Air,Hotels / Hospitals,Canned Foods,Sliced Pineapple,Large Box,Andhra Pradesh,Vizianagaram,South,India,2010-01-03,2010-01-10,-112.4263,12,6945.16
High,0.04,10.14,2.27,Regular Air,Hotels / Hospitals,Processed Meat,Smoked Salmon,Wrap Bag,Andhra Pradesh,Vizianagaram,South,India,2010-01-03,2010-01-07,24.924,3,30.94
Not Specified,0.0001,213.45,14.7,Delivery Truck,Hotels / Hospitals,Canned Foods,Sliced Pineapple,Jumbo Drum,Madhya Pradesh,Dewas,West,India,2010-01-03,2010-01-05,-560.81418,1,224.12
High,0.09,5.98,4.69,Regular Air,Hotels / Hospitals,Processed Meat,Fresh Water Eel,Small Box,Punjab,Hoshiarpur,West,India,2010-01-05,2010-01-06,-781.1342,11,65.85
Not Specified,0.01,150.98,30.0,Delivery Truck,Personel Usage,Preserved Food,Sundried Tomatoes,Jumbo Drum,Jharkhand,Giridih,North,India,2010-01-06,2010-01-08,131.382,6,958.46
High,0.01,28.28,13.99,Express Air,Personel Usage,Processed Meat,Fresh Water Eel,Medium Box,Jharkhand,Giridih,North,India,2010-01-06,2010-01-08,-89.292,12,368.84
Not Specified,0.03,35.99,1.1,Regular Air,Personel Usage,Canned Foods,Quail Eggs,Small Box,Jharkhand,Giridih,North,India,2010-01-06,2010-01-07,-211.036,1,30.86
Not Specified,0.06,1.7,1.99,Regular Air,Personel Usage,Canned Foods,Assorted Fruits,Small Pack,Jammu And Kashmir,Jammu,North,India,2010-01-06,2010-01-07,80.0712,7,12.15
High,0.01,30.98,5.09,Regular Air,Personel Usage,Processed Meat,Smoked Salmon,Small Box,Jammu And Kashmir,Jammu,North,India,2010-01-06,2010-01-08,896.406,9,288.42
High,0.03,3.28,3.97,Regular Air,Restaurant Chain,Processed Meat,Foie Gras,Wrap Bag,Uttar Pradesh,Azamgarh,North,India,2010-01-06,2010-01-08,-90.7556,7,24.57
High,0.08,15.99,13.18,Regular Air,Personel Usage,Processed Meat,Bacon,Small Box,Madhya Pradesh,Bhopal,West,India,2010-01-07,2010-01-08,-246.92615999999998,12,192.33
Low,0.03,297.64,14.7,Delivery Truck,Hotels / Hospitals,Canned Foods,Sliced Pineapple,Jumbo Drum,Tamil Nadu,Coimbatore,South,India,2010-01-10,2010-01-15,-48.971999999999994,12,3707.05
High,0.02,6.48,9.17,Regular Air,Hotels / Hospitals,Processed Meat,Smoked Salmon,Small Box,Madhya Pradesh,Guna,West,India,2010-01-10,2010-01-11,-105.68520000000001,4,28.2
Low,0.08,399.98,12.06,Delivery Truck,Personel Usage,Canned Foods,Sliced Pineapple,Jumbo Box,Madhya Pradesh,Dhar,West,India,2010-01-11,2010-01-18,28.5141,5,1839.91
High,0.02,48.04,5.09,Regular Air,Hotels / Hospitals,Processed Meat,Smoked Salmon,Small Box,Maharashtra,Baramati,West,India,2010-01-13,2010-01-13,105.25259999999999,3,152.54
High,0.07,5.98,5.79,Regular Air,Personel Usage,Processed Meat,Smoked Salmon,Small Box,Rajasthan,Kota,West,India,2010-01-13,2010-01-15,-41.9727,13,77.42
Critical,0.08,115.99,56.14,Delivery Truck,Restaurant Chain,Canned Foods,Sliced Pineapple,Jumbo Drum,Uttar Pradesh,Allahabad,North,India,2010-01-14,2010-01-16,-272.860884,5,562.93
High,0.08,4.28,0.94,Regular Air,Restaurant Chain,Processed Meat,Foie Gras,Wrap Bag,Uttar Pradesh,Allahabad,North,India,2010-01-14,2010-01-17,10.5792,7,29.18
High,0.08,8.09,7.96,Express Air,Restaurant Chain,Preserved Food,Marmalade,Small Box,Himachal Pradesh,Hamirpur,North,India,2010-01-15,2010-01-16,15.984,6,48.25
High,0.09,2.88,0.7,Regular Air,Personel Usage,Processed Meat,Foie Gras,Wrap Bag,Kerala,Trivandrum,South,India,2010-01-15,2010-01-16,-172.71800000000002,2,5.5
Low,0.04,22.72,8.99,Regular Air,Hotels / Hospitals,Preserved Food,Marmalade,Small Pack,Maharashtra,Solapur,West,India,2010-01-16,2010-01-20,-678.496,9,202.41
High,0.03,90.48,19.99,Regular Air,Hotels / Hospitals,Processed Meat,Caviar,Small Box,Rajasthan,Bharatpur,West,India,2010-01-17,2010-01-19,15.354,1,99.69
High,0.06,22.84,8.18,Regular Air,Hotels / Hospitals,Processed Meat,Smoked Salmon,Small Box,Rajasthan,Bharatpur,West,India,2010-01-17,2010-01-17,-357.924,7,152.49
High,0.05,28.15,6.17,Regular Air,Restaurant Chain,Processed Meat,Foie Gras,Small Pack,Bihar,Muzaffarpur,North,India,2010-01-17,2010-01-18,-66.248,10,282.38
High,0.05,14.81,13.32,Regular Air,Restaurant Chain,Processed Meat,Jelly Fish,Small Box,Maharashtra,Latur,West,India,2010-01-17,2010-01-20,-220.05200000000002,3,45.28
High,0.05,4.2,2.26,Express Air,Restaurant Chain,Processed Meat,Smoked Salmon,Wrap Bag,Maharashtra,Latur,West,India,2010-01-17,2010-01-19,20.393369999999997,3,13.57
High,0.09,2.88,0.7,Regular Air,Personel Usage,Processed Meat,Foie Gras,Wrap Bag,Uttar Pradesh,Lucknow,North,India,2010-01-19,2010-01-19,5.7532000000000005,10,26.38
High,0.02,60.22,3.5,Regular Air,Hotels / Hospitals,Processed Meat,Jelly Fish,Small Box,Uttar Pradesh,Basti,North,India,2010-01-20,2010-01-21,-193.914,9,541.76
Not Specified,0.04,355.98,58.92,Delivery Truck,Restaurant Chain,Preserved Food,Sundried Tomatoes,Jumbo Drum,Jharkhand,Jamshedpur,North,India,2010-01-21,2010-01-22,882.9300000000001,8,2748.21
High,0.09,19.98,8.68,Regular Air,Restaurant Chain,Processed Meat,Smoked Salmon,Small Box,Jharkhand,Jamshedpur,North,India,2010-01-21,2010-01-22,6.680399999999999,5,93.19
High,0.07,2.89,0.5,Regular Air,Stand Alone Restaurants,Processed Meat,Oysters (Clam),Small Box,Jammu And Kashmir,Srinagar,North,India,2010-01-22,2010-01-24,441.594,12,33.02
Medium,0.0001,217.85,29.1,Delivery Truck,Stand Alone Restaurants,Preserved Food,Jams,Jumbo Box,Jammu And Kashmir,Srinagar,North,India,2010-01-22,2010-01-23,394.17,10,2273.1
High,0.07,30.98,5.76,Regular Air,Personel Usage,Processed Meat,Smoked Salmon,Small Box,Tamil Nadu,Vellore,South,India,2010-01-23,2010-01-25,-28.798000000000002,11,343.79
High,0.01,14.42,6.75,Regular Air,Hotels / Hospitals,Processed Meat,Jelly Fish,Medium Box,West Bengal,Jhargram,East,India,2010-01-24,2010-01-24,-13.826,6,89.91
Critical,0.06,1.74,4.08,Regular Air,Hotels / Hospitals,Preserved Food,Marmalade,Small Pack,Maharashtra,Kalyan,West,India,2010-01-25,2010-01-26,-11.0732,1,2.77
Not Specified,0.1,125.99,8.99,Regular Air,Personel Usage,Canned Foods,Quail Eggs,Small Box,Jharkhand,Giridih,North,India,2010-01-25,2010-01-28,17.652,4,408.66
High,0.08,150.98,13.99,Express Air,Hotels / Hospitals,Canned Foods,Sliced Pineapple,Medium Box,Uttar Pradesh,Agra,North,India,2010-01-26,2010-01-27,-3.9479999999999995,8,1183.82
High,0.03,25.98,14.36,Delivery Truck,Hotels / Hospitals,Preserved Food,Sundried Tomatoes,Jumbo Drum,Uttar Pradesh,Basti,North,India,2010-01-26,2010-01-27,57.546,4,107.66
High,0.1,32.48,35.0,Regular Air,Hotels / Hospitals,Processed Meat,Fresh Water Eel,Large Box,Uttar Pradesh,Basti,North,India,2010-01-26,2010-01-27,-333.4254,10,318.83
High,0.0001,6.88,2.0,Express Air,Restaurant Chain,Processed Meat,Smoked Salmon,Wrap Bag,Madhya Pradesh,Rewa,West,India,2010-01-28,2010-01-29,34.068000000000005,36,267.53
High,0.02,59.98,3.99,Regular Air,Hotels / Hospitals,Processed Meat,Jelly Fish,Small Box,Punjab,Jalandhar,West,India,2010-01-28,2010-02-06,-54.622,1,63.48
High,0.03,5.18,5.74,Regular Air,Hotels / Hospitals,Processed Meat,Bacon,Small Box,Punjab,Jalandhar,West,India,2010-01-28,2010-02-01,-126.81418000000001,9,47.64
High,0.0001,6.88,2.0,Express Air,Restaurant Chain,Processed Meat,Smoked Salmon,Wrap Bag,Tamil Nadu,Perambalur,South,India,2010-01-28,2010-01-29,46.14719999999999,9,66.88
High,0.03,32.48,35.0,Express Air,Restaurant Chain,Processed Meat,Fresh Water Eel,Large Box,Tamil Nadu,Perambalur,South,India,2010-01-28,2010-01-28,-1116.3348,8,274.91
High,0.06,55.48,14.3,Regular Air,Hotels / Hospitals,Processed Meat,Smoked Salmon,Small Box,Kerala,Kozhikode,South,India,2010-01-28,2010-01-29,-28.2968,1,67.49
High,0.02,1.68,1.57,Regular Air,Hotels / Hospitals,Processed Meat,Foie Gras,Wrap Bag,Kerala,Kozhikode,South,India,2010-01-28,2010-01-30,-5.3072,1,2.25
Critical,0.09,95.99,4.9,Regular Air,Personel Usage,Canned Foods,Quail Eggs,Small Box,Bihar,Khagaria,North,India,2010-01-29,2010-01-31,34.302,4,320.75
High,0.0001,6.98,1.6,Regular Air,Hotels / Hospitals,Processed Meat,Smoked Salmon,Wrap Bag,West Bengal,Howrah,East,India,2010-01-31,2010-02-02,-343.868,9,64.48
Critical,0.06,80.97,33.6,Delivery Truck,Personel Usage,Canned Foods,Sliced Pineapple,Jumbo Drum,Uttar Pradesh,Gonda,North,India,2010-02-01,2010-02-03,-15.1844,10,799.76
Not Specified,0.02,35.99,5.0,Regular Air,Restaurant Chain,Canned Foods,Quail Eggs,Small Box,Tamil Nadu,Pollachi,South,India,2010-02-03,2010-02-05,-120.934,7,227.79
High,0.03,2.94,0.96,Regular Air,Restaurant Chain,Processed Meat,Foie Gras,Wrap Bag,Tamil Nadu,Tirunelveli,South,India,2010-02-04,2010-02-08,-4.2,1,3.51
High,0.0001,4.91,0.5,Regular Air,Hotels / Hospitals,Processed Meat,Oysters (Clam),Small Box,Uttar Pradesh,Kanpur,North,India,2010-02-04,2010-02-06,99.19800000000001,12,61.87
High,0.01,7.28,11.15,Regular Air,Hotels / Hospitals,Processed Meat,Smoked Salmon,Small Box,Uttar Pradesh,Kanpur,North,India,2010-02-04,2010-02-05,136.0314,6,48.88
High,0.1,6.68,6.93,Regular Air,Hotels / Hospitals,Processed Meat,Smoked Salmon,Small Box,Uttar Pradesh,Kanpur,North,India,2010-02-04,2010-02-07,-100.072,3,21.56
High,0.05,12.97,1.49,Regular Air,Personel Usage,Processed Meat,Bacon,Small Box,Bihar,Gaya,North,India,2010-02-04,2010-02-06,5.465999999999999,2,26.37
High,0.06,5.81,3.37,Regular Air,Personel Usage,Processed Meat,Tuna,Wrap Bag,Bihar,Gaya,North,India,2010-02-04,2010-02-06,-149.1182,9,53.44
Medium,0.07,500.98,28.14,Delivery Truck,Stand Alone Restaurants,Canned Foods,Sliced Pineapple,Jumbo Drum,Gujarat,Vadodara,West,India,2010-02-05,2010-02-06,2699.9838,10,3913.02
High,0.1,178.47,19.99,Regular Air,Stand Alone Restaurants,Processed Meat,Fresh Water Eel,Small Box,Gujarat,Vadodara,West,India,2010-02-05,2010-02-07,-170.98,1,180.14
High,0.02,259.71,66.67,Delivery Truck,Restaurant Chain,Preserved Food,Jams,Jumbo Box,Haryana,Gurgaon,North,India,2010-02-06,2010-02-06,-14.448,8,1757.15
High,0.02,71.37,69.0,Regular Air,Stand Alone Restaurants,Preserved Food,Jams,Large Box,Uttar Pradesh,Mainpuri,North,India,2010-02-06,2010-02-07,-439.908,4,237.62
High,0.03,205.99,8.99,Express Air,Stand Alone Restaurants,Canned Foods,Quail Eggs,Small Box,Uttar Pradesh,Mainpuri,North,India,2010-02-06,2010-02-08,1087.716,1,176.42
High,0.04,19.98,8.68,Regular Air,Personel Usage,Processed Meat,Smoked Salmon,Small Box,Uttar Pradesh,Robertsganj,North,India,2010-02-07,2010-02-14,108.0,8,168.04
Low,0.08,125.99,7.69,Regular Air,Personel Usage,Canned Foods,Quail Eggs,Small Box,Uttar Pradesh,Robertsganj,North,India,2010-02-07,2010-02-09,377.154,7,703.46
High,0.07,30.56,2.99,Regular Air,Hotels / Hospitals,Processed Meat,Bacon,Small Box,Bihar,Nawada,North,India,2010-02-07,2010-02-07,-95.61860000000001,12,364.92
Critical,0.01,13.99,7.51,Regular Air,Hotels / Hospitals,Canned Foods,Sliced Pineapple,Medium Box,Assam,Tezpur,East,India,2010-02-10,2010-02-11,533.742,2,29.85
Critical,0.07,270.98,50.0,Delivery Truck,Hotels / Hospitals,Preserved Food,Sundried Tomatoes,Jumbo Drum,Rajasthan,Dausa,West,India,2010-02-11,2010-02-13,27.726,9,2439.37
High,0.1,7.28,5.47,Regular Air,Hotels / Hospitals,Processed Meat,Smoked Salmon,Small Box,Tamil Nadu,Karur,South,India,2010-02-13,2010-02-13,167.334,12,83.14
Critical,0.09,348.21,40.19,Delivery Truck,Restaurant Chain,Preserved Food,Jams,Jumbo Box,Madhya Pradesh,Rewa,West,India,2010-02-14,2010-02-16,-93.84999999999991,8,2651.21
Not Specified,0.0001,236.97,59.24,Delivery Truck,Personel Usage,Preserved Food,Jams,Jumbo Box,Uttar Pradesh,Ghaziabad,North,India,2010-02-14,2010-02-15,1192.04,34,6686.34
Critical,0.09,348.21,40.19,Delivery Truck,Restaurant Chain,Preserved Food,Jams,Jumbo Box,Chhattisgarh,Raigarh,North,India,2010-02-14,2010-02-16,-93.84999999999991,2,662.8
High,0.05,6.04,2.14,Express Air,Hotels / Hospitals,Processed Meat,Smoked Salmon,Wrap Bag,Tamil Nadu,Theni,South,India,2010-02-17,2010-02-19,-4.14,1,8.41
High,0.03,39.48,1.99,Regular Air,Personel Usage,Canned Foods,Assorted Fruits,Small Pack,Uttar Pradesh,Unnao,North,India,2010-02-19,2010-02-21,317.0895,12,459.55
High,0.05,4.28,5.17,Regular Air,Stand Alone Restaurants,Processed Meat,Smoked Salmon,Small Box,Punjab,Sangrur,West,India,2010-02-19,2010-02-19,-104.57,9,38.58
High,0.03,4.06,6.89,Regular Air,Personel Usage,Processed Meat,Jelly Fish,Small Box,Bihar,Jhanjharpur,North,India,2010-02-20,2010-02-22,-246.27609999999999,37,159.89
High,0.01,3.75,0.5,Regular Air,Personel Usage,Processed Meat,Oysters (Clam),Small Box,Bihar,Jhanjharpur,North,India,2010-02-20,2010-02-21,55.194599999999994,48,180.48
High,0.02,10.68,13.04,Regular Air,Personel Usage,Preserved Food,Marmalade,Large Box,Bihar,Jhanjharpur,North,India,2010-02-20,2010-02-22,-307.29650000000004,31,350.48
High,0.05,19.23,6.15,Express Air,Hotels / Hospitals,Preserved Food,Marmalade,Small Pack,Kerala,Alleppey,South,India,2010-02-20,2010-02-22,-2133.2780000000002,6,119.78
Critical,0.02,49.99,19.99,Regular Air,Stand Alone Restaurants,Canned Foods,Assorted Fruits,Small Box,Uttar Pradesh,Baghpat,North,India,2010-02-21,2010-02-21,-76.89,18,901.81
Not Specified,0.0001,442.14,14.7,Delivery Truck,Hotels / Hospitals,Canned Foods,Sliced Pineapple,Jumbo Drum,Madhya Pradesh,Shahdol,West,India,2010-02-22,2010-02-22,3294.8258999999994,10,4775.11
High,0.01,20.98,53.03,Delivery Truck,Hotels / Hospitals,Processed Meat,Fresh Water Eel,Jumbo Drum,Chhattisgarh,Rajnandgaon,North,India,2010-02-23,2010-02-23,-282.0818,5,123.0
Low,0.1,50.98,22.24,Regular Air,Hotels / Hospitals,Preserved Food,Marmalade,Large Box,Haryana,Rohtak,North,India,2010-02-25,2010-02-27,98.12,6,300.63
Critical,0.09,35.99,5.99,Regular Air,Restaurant Chain,Canned Foods,Quail Eggs,Wrap Bag,Himachal Pradesh,Shimla,North,India,2010-02-26,2010-02-27,114.3165,5,151.6
High,0.1,3.6,2.2,Regular Air,Personel Usage,Processed Meat,Smoked Salmon,Wrap Bag,Kerala,Kottayam,South,India,2010-02-26,2010-02-27,-8.28,2,6.97
Critical,0.03,11.99,5.99,Regular Air,Restaurant Chain,Canned Foods,Sliced Pineapple,Medium Box,Madhya Pradesh,Jabalpur,West,India,2010-02-27,2010-02-28,-216.02980000000002,7,83.72
High,0.1,120.98,9.07,Regular Air,Hotels / Hospitals,Processed Meat,Bacon,Small Box,Bihar,Araria,North,India,2010-02-28,2010-03-09,379.3965,5,549.85
Low,0.08,8.32,2.38,Express Air,Hotels / Hospitals,Canned Foods,Assorted Fruits,Small Pack,Bihar,Araria,North,India,2010-02-28,2010-03-04,-41.83,6,48.99
Low,0.1,125.99,4.2,Regular Air,Hotels / Hospitals,Canned Foods,Quail Eggs,Small Box,Bihar,Araria,North,India,2010-02-28,2010-02-28,372.402,7,681.42
High,0.07,40.98,7.47,Regular Air,Hotels / Hospitals,Processed Meat,Bacon,Small Box,Uttar Pradesh,Ghaziabad,North,India,2010-03-01,2010-03-02,54.901500000000006,8,327.61
Not Specified,0.0001,8.33,1.99,Express Air,Personel Usage,Canned Foods,Assorted Fruits,Small Pack,Uttar Pradesh,Ghaziabad,North,India,2010-03-02,2010-03-04,82.31,47,421.08
High,0.0001,3.69,0.5,Regular Air,Stand Alone Restaurants,Processed Meat,Oysters (Clam),Small Box,Uttar Pradesh,Aligarh,North,India,2010-03-02,2010-03-04,-37.5291,1,4.0
Not Specified,0.02,175.99,4.99,Express Air,Stand Alone Restaurants,Canned Foods,Quail Eggs,Small Box,Uttar Pradesh,Aligarh,North,India,2010-03-02,2010-03-02,101.49,4,589.8
Critical,0.05,107.53,5.81,Regular Air,Restaurant Chain,Preserved Food,Marmalade,Medium Box,West Bengal,Arambagh,East,India,2010-03-05,2010-03-06,-89.418,6,612.92
Low,0.08,296.18,54.12,Delivery Truck,Restaurant Chain,Preserved Food,Jams,Jumbo Box,Maharashtra,Palghar,West,India,2010-03-05,2010-03-12,-187.22199999999998,5,1429.81
Low,0.08,230.98,23.78,Delivery Truck,Personel Usage,Preserved Food,Jams,Jumbo Box,Assam,Dhubri,East,India,2010-03-06,2010-03-10,501.69,4,924.8
High,0.01,7.64,1.39,Express Air,Hotels / Hospitals,Processed Meat,Caviar,Small Box,Telangana,Adilabad,South,India,2010-03-09,2010-03-13,-1676.6119999999999,9,73.29
Low,0.07,400.97,48.26,Delivery Truck,Hotels / Hospitals,Canned Foods,Sliced Pineapple,Jumbo Box,Telangana,Adilabad,South,India,2010-03-09,2010-03-13,45.12779999999999,8,2961.32
Medium,0.01,99.99,19.99,Express Air,Restaurant Chain,Canned Foods,Sliced Pineapple,Small Box,Uttar Pradesh,Machhlishahr,North,India,2010-03-10,2010-03-12,90.024,2,202.98
High,0.1,4.98,7.54,Regular Air,Personel Usage,Processed Meat,Smoked Salmon,Small Box,Uttar Pradesh,Shahjahanpur,North,India,2010-03-10,2010-03-11,45.077999999999996,9,43.84
High,0.0001,22.84,8.18,Regular Air,Personel Usage,Processed Meat,Smoked Salmon,Small Box,Uttar Pradesh,Shahjahanpur,North,India,2010-03-10,2010-03-12,-110.376,6,141.74
Critical,0.09,154.13,69.0,Express Air,Hotels / Hospitals,Preserved Food,Jams,Large Box,Madhya Pradesh,Rewa,West,India,2010-03-14,2010-03-15,-1763.7477000000003,38,5679.59
Medium,0.07,200.98,23.76,Delivery Truck,Hotels / Hospitals,Preserved Food,Sundried Tomatoes,Jumbo Drum,Rajasthan,Alwar,West,India,2010-03-14,2010-03-15,-132.42600000000002,9,1805.9
Medium,0.02,179.29,29.21,Delivery Truck,Hotels / Hospitals,Preserved Food,Jams,Jumbo Box,Rajasthan,Alwar,West,India,2010-03-14,2010-03-14,-411.236,2,311.41
Not Specified,0.02,200.98,55.96,Delivery Truck,Stand Alone Restaurants,Preserved Food,Pickle,Jumbo Box,Maharashtra,Raver,West,India,2010-03-14,2010-03-16,-224.94779999999997,11,2331.9
High,0.02,4.28,5.17,Regular Air,Stand Alone Restaurants,Processed Meat,Smoked Salmon,Small Box,Maharashtra,Raver,West,India,2010-03-14,2010-03-15,196.79999999999998,6,27.47
Not Specified,0.03,14.2,5.3,Regular Air,Restaurant Chain,Preserved Food,Marmalade,Wrap Bag,Tamil Nadu,Tiruvallur,South,India,2010-03-15,2010-03-17,21.5556,2,31.24
Medium,0.01,220.98,64.66,Delivery Truck,Hotels / Hospitals,Preserved Food,Pickle,Jumbo Box,Bihar,Hajipur,North,India,2010-03-18,2010-03-19,1049.03,11,2591.09
High,0.07,28.99,8.59,Regular Air,Personel Usage,Canned Foods,Quail Eggs,Medium Box,Bihar,Jhanjharpur,North,India,2010-03-19,2010-03-19,-16.063740000000003,39,936.8
Low,0.06,160.98,35.02,Delivery Truck,Personel Usage,Preserved Food,Pickle,Jumbo Box,Uttar Pradesh,Ghaziabad,North,India,2010-03-20,2010-03-24,-229.68,30,4620.05
Low,0.06,160.98,35.02,Delivery Truck,Personel Usage,Preserved Food,Pickle,Jumbo Box,Uttar Pradesh,Chandauli,North,India,2010-03-20,2010-03-24,-229.68,8,1232.01
High,0.02,13.48,4.51,Regular Air,Restaurant Chain,Processed Meat,Fresh Water Eel,Small Box,Maharashtra,Shirdi,West,India,2010-03-21,2010-03-23,34.52,9,127.12
High,0.09,6.48,6.35,Regular Air,Restaurant Chain,Processed Meat,Smoked Salmon,Small Box,Uttar Pradesh,Nagina,North,India,2010-03-21,2010-03-22,-88.6,8,49.81
Medium,0.0001,6783.02,24.49,Regular Air,Personel Usage,Canned Foods,Sliced Pineapple,Large Box,Maharashtra,Akola,West,India,2010-03-21,2010-03-22,4.109999999999999,3,20552.55
Not Specified,0.02,55.94,6.55,Regular Air,Personel Usage,Canned Foods,Assorted Fruits,Small Box,Madhya Pradesh,Vidisha,West,India,2010-03-21,2010-03-23,401.85,11,646.88
High,0.02,48.04,5.09,Regular Air,Personel Usage,Processed Meat,Smoked Salmon,Small Box,Madhya Pradesh,Rewa,West,India,2010-03-22,2010-03-26,373.67,18,881.32
High,0.05,11.97,5.81,Regular Air,Hotels / Hospitals,Processed Meat,Foie Gras,Small Pack,Maharashtra,Solapur,West,India,2010-03-23,2010-03-25,349.0593,2,25.31
Low,0.08,9.48,7.29,Regular Air,Stand Alone Restaurants,Preserved Food,Marmalade,Small Pack,Madhya Pradesh,Gwalior,West,India,2010-03-24,2010-03-26,-50.4,2,20.22
High,0.03,193.17,19.99,Regular Air,Stand Alone Restaurants,Processed Meat,Fresh Water Eel,Small Box,Madhya Pradesh,Gwalior,West,India,2010-03-24,2010-03-28,-348.754,8,1548.97
Low,0.02,500.98,41.44,Delivery Truck,Stand Alone Restaurants,Preserved Food,Pickle,Jumbo Box,Uttar Pradesh,Shahjahanpur,North,India,2010-03-25,2010-03-25,2568.4628999999995,7,3722.41
High,0.01,18.97,9.03,Regular Air,Hotels / Hospitals,Processed Meat,Smoked Salmon,Small Box,Uttar Pradesh,Mirzapur,North,India,2010-03-25,2010-03-25,-12.026699999999998,8,164.67
High,0.03,12.28,4.86,Regular Air,Hotels / Hospitals,Processed Meat,Smoked Salmon,Small Box,Uttar Pradesh,Mirzapur,North,India,2010-03-25,2010-03-26,122.508,6,72.74
High,0.05,34.99,7.73,Express Air,Hotels / Hospitals,Processed Meat,Foie Gras,Small Box,Uttar Pradesh,Mirzapur,North,India,2010-03-25,2010-03-27,-12.026699999999998,12,418.75
High,0.08,6.68,1.5,Regular Air,Hotels / Hospitals,Processed Meat,Foie Gras,Wrap Bag,Orissa,Bhubaneshwar,East,India,2010-03-26,2010-03-28,-601.8040000000001,10,66.12
High,0.07,225.04,11.79,Regular Air,Personel Usage,Processed Meat,Jelly Fish,Medium Box,Tamil Nadu,Madurai,South,India,2010-03-26,2010-03-26,-162.918,5,1130.15
High,0.03,7.84,4.71,Regular Air,Personel Usage,Processed Meat,Bacon,Small Box,Tamil Nadu,Madurai,South,India,2010-03-26,2010-03-29,859.7177999999999,7,54.37
High,0.1,5.18,5.74,Regular Air,Hotels / Hospitals,Processed Meat,Bacon,Small Box,Gujarat,Patan,West,India,2010-03-26,2010-03-28,-29.003,2,10.96
High,0.09,20.89,11.52,Regular Air,Restaurant Chain,Processed Meat,Fresh Water Eel,Small Box,Karnataka,Belgaum,South,India,2010-03-26,2010-03-27,-133.546,7,146.5
Medium,0.06,8.12,2.83,Regular Air,Hotels / Hospitals,Canned Foods,Assorted Fruits,Small Pack,Uttar Pradesh,Ghaziabad,North,India,2010-03-27,2010-03-28,-82.83,41,322.03
Medium,0.05,51.65,18.45,Regular Air,Hotels / Hospitals,Preserved Food,Marmalade,Medium Box,Uttar Pradesh,Ghaziabad,North,India,2010-03-27,2010-03-28,25.04,49,2470.84
Medium,0.1,175.99,8.99,Regular Air,Hotels / Hospitals,Canned Foods,Quail Eggs,Small Box,Uttar Pradesh,Ghaziabad,North,India,2010-03-27,2010-03-28,930.9870000000001,39,5250.66
High,0.07,8.95,2.01,Regular Air,Hotels / Hospitals,Processed Meat,Smoked Salmon,Wrap Bag,Madhya Pradesh,Rewa,West,India,2010-03-27,2010-03-28,91.73,36,307.65
Medium,0.08,18.7,8.99,Regular Air,Restaurant Chain,Preserved Food,Marmalade,Small Pack,Orissa,Dhenkanal,East,India,2010-03-27,2010-03-28,16.136400000000002,7,132.23
Low,0.1,15.98,4.0,Regular Air,Hotels / Hospitals,Canned Foods,Assorted Fruits,Small Box,Tamil Nadu,Theni,South,India,2010-03-27,2010-04-01,92.72219999999999,9,134.38
High,0.05,6.68,6.93,Regular Air,Stand Alone Restaurants,Processed Meat,Smoked Salmon,Small Box,Orissa,Jajapur,East,India,2010-03-28,2010-03-29,-2.3520000000000096,11,77.2
High,0.04,5.34,2.99,Regular Air,Restaurant Chain,Processed Meat,Bacon,Small Box,Madhya Pradesh,Rewa,West,India,2010-03-30,2010-04-01,3.4509999999999996,45,240.6
Medium,0.06,55.99,5.0,Regular Air,Restaurant Chain,Canned Foods,Quail Eggs,Small Pack,Madhya Pradesh,Rewa,West,India,2010-03-30,2010-04-01,-275.253,5,236.88
High,0.0001,4.91,5.68,Regular Air,Restaurant Chain,Processed Meat,Bacon,Small Box,Bihar,Sheohar,North,India,2010-03-30,2010-03-31,-95.0475,9,48.3
Critical,0.09,20.99,4.81,Express Air,Restaurant Chain,Canned Foods,Quail Eggs,Medium Box,Karnataka,Belgaum,South,India,2010-03-31,2010-04-01,272.69399999999996,2,38.98
High,0.01,4.91,0.5,Regular Air,Restaurant Chain,Processed Meat,Oysters (Clam),Small Box,Uttar Pradesh,Ghaziabad,North,India,2010-04-04,2010-04-06,112.06,47,228.46
High,0.09,4.0,1.3,Express Air,Restaurant Chain,Processed Meat,Smoked Salmon,Wrap Bag,Uttar Pradesh,Ghaziabad,North,India,2010-04-04,2010-04-06,16.79,19,77.61
Low,0.0001,35.99,0.99,Regular Air,Stand Alone Restaurants,Canned Foods,Quail Eggs,Small Pack,Madhya Pradesh,Rewa,West,India,2010-04-04,2010-04-11,840.0509999999999,46,1477.57
High,0.01,4.91,0.5,Regular Air,Restaurant Chain,Processed Meat,Oysters (Clam),Small Box,Kerala,Pathanamthitta,South,India,2010-04-04,2010-04-06,40.247699999999995,12,58.33
High,0.09,4.0,1.3,Express Air,Restaurant Chain,Processed Meat,Smoked Salmon,Wrap Bag,Kerala,Pathanamthitta,South,India,2010-04-04,2010-04-06,14.0898,5,20.42
High,0.1,36.55,13.89,Regular Air,Hotels / Hospitals,Processed Meat,Foie Gras,Wrap Bag,West Bengal,Bankura,East,India,2010-04-05,2010-04-07,-89.572,11,379.72
High,0.01,13.43,5.5,Express Air,Hotels / Hospitals,Processed Meat,Fresh Water Eel,Small Box,Kerala,Trivandrum,South,India,2010-04-06,2010-04-13,-313.02180000000004,7,99.75
High,0.06,89.83,35.0,Regular Air,Restaurant Chain,Processed Meat,Fresh Water Eel,Large Box,Bihar,Sitamarhi,North,India,2010-04-06,2010-04-08,31.11,4,366.26
High,0.1,13.43,5.5,Regular Air,Restaurant Chain,Processed Meat,Fresh Water Eel,Small Box,Bihar,Sitamarhi,North,India,2010-04-06,2010-04-08,358.2954,12,157.99
High,0.01,125.99,7.69,Regular Air,Restaurant Chain,Canned Foods,Quail Eggs,Small Box,Bihar,Sitamarhi,North,India,2010-04-06,2010-04-06,8.322,11,1212.88
High,0.02,5.58,5.3,Regular Air,Restaurant Chain,Processed Meat,Caviar,Small Box,Bihar,Jhanjharpur,North,India,2010-04-07,2010-04-12,-29.898400000000002,11,68.46
Low,0.03,40.89,18.98,Regular Air,Restaurant Chain,Preserved Food,Marmalade,Small Box,Bihar,Jhanjharpur,North,India,2010-04-07,2010-04-14,52.9166,21,885.23
Low,0.1,40.48,19.99,Regular Air,Hotels / Hospitals,Canned Foods,Assorted Fruits,Small Box,Uttar Pradesh,Ghaziabad,North,India,2010-04-07,2010-04-09,-580.32,36,1423.35
Medium,0.0001,65.99,5.26,Regular Air,Hotels / Hospitals,Canned Foods,Quail Eggs,Small Box,Maharashtra,Ramtek,West,India,2010-04-07,2010-04-08,369.9987,9,536.23
High,0.02,178.47,19.99,Regular Air,Restaurant Chain,Processed Meat,Fresh Water Eel,Small Box,West Bengal,Medinipur,East,India,2010-04-07,2010-04-08,106.98479999999999,1,193.81
Low,0.07,2.12,1.99,Regular Air,Restaurant Chain,Canned Foods,Assorted Fruits,Small Pack,Uttar Pradesh,Ghaziabad,North,India,2010-04-09,2010-04-11,-55.84,46,99.94
High,0.03,4.48,49.0,Regular Air,Personel Usage,Processed Meat,Jelly Fish,Large Box,Andhra Pradesh,Guntur,South,India,2010-04-09,2010-04-11,64.26599999999999,2,21.46
High,0.06,350.99,39.0,Delivery Truck,Personel Usage,Preserved Food,Sundried Tomatoes,Jumbo Drum,Andhra Pradesh,Guntur,South,India,2010-04-09,2010-04-11,-302.6156,10,3506.78
High,0.09,40.98,6.5,Express Air,Personel Usage,Canned Foods,Assorted Fruits,Small Box,Andhra Pradesh,Guntur,South,India,2010-04-09,2010-04-11,5.6916,7,267.69
High,0.09,349.45,60.0,Delivery Truck,Personel Usage,Preserved Food,Jams,Jumbo Drum,Andhra Pradesh,Guntur,South,India,2010-04-09,2010-04-10,-369.10999999999996,7,2307.26
High,0.08,11.7,6.96,Regular Air,Personel Usage,Processed Meat,Jelly Fish,Medium Box,Maharashtra,Akola,West,India,2010-04-10,2010-04-13,28.566,8,87.8
High,0.03,15.99,11.28,Regular Air,Restaurant Chain,Canned Foods,Sliced Pineapple,Medium Box,Madhya Pradesh,Ratlam,West,India,2010-04-10,2010-04-11,-53.2962,2,35.48
High,0.05,35.51,6.31,Regular Air,Personel Usage,Processed Meat,Fresh Water Eel,Small Box,Tamil Nadu,Tenkasi,South,India,2010-04-12,2010-04-14,6.11,2,73.1
High,0.1,8.34,2.64,Regular Air,Personel Usage,Processed Meat,Pacific Squid,Small Pack,Tamil Nadu,Thanjavur,South,India,2010-04-12,2010-04-12,-6.34,6,47.95
High,0.03,8.04,8.94,Regular Air,Personel Usage,Processed Meat,Bacon,Small Box,Tamil Nadu,Theni,South,India,2010-04-12,2010-04-14,-160.2755,9,76.77
High,0.08,7.28,11.15,Express Air,Stand Alone Restaurants,Processed Meat,Smoked Salmon,Small Box,Tamil Nadu,Kanniyakumari,South,India,2010-04-13,2010-04-14,-44.415000000000006,1,14.66
Critical,0.1,226.67,28.16,Delivery Truck,Personel Usage,Preserved Food,Sundried Tomatoes,Jumbo Drum,Assam,Silchar,East,India,2010-04-15,2010-04-17,-390.76800000000003,5,1088.26
High,0.01,125.99,8.99,Regular Air,Restaurant Chain,Canned Foods,Quail Eggs,Small Box,Madhya Pradesh,Jabalpur,West,India,2010-04-16,2010-04-18,-45.471999999999994,9,1011.44
High,0.0001,2.78,1.49,Express Air,Personel Usage,Processed Meat,Bacon,Small Box,Tamil Nadu,Tenkasi,South,India,2010-04-16,2010-04-17,20.6448,9,29.92
High,0.02,419.19,19.99,Regular Air,Hotels / Hospitals,Processed Meat,Fresh Water Eel,Small Box,Andhra Pradesh,Ongole,South,India,2010-04-17,2010-04-17,-39.606,10,4354.55
Medium,0.1,300.97,7.18,Regular Air,Restaurant Chain,Canned Foods,Assorted Fruits,Small Box,Jharkhand,Giridih,North,India,2010-04-18,2010-04-19,138.018,4,1094.33
Medium,0.06,39.89,3.04,Regular Air,Restaurant Chain,Preserved Food,Marmalade,Wrap Bag,Maharashtra,Satara,West,India,2010-04-18,2010-04-20,38.874,10,389.97
Critical,0.02,130.98,30.0,Delivery Truck,Hotels / Hospitals,Preserved Food,Sundried Tomatoes,Jumbo Drum,Maharashtra,Solapur,West,India,2010-04-18,2010-04-19,90.762,6,793.39
Low,0.01,79.52,48.2,Regular Air,Restaurant Chain,Preserved Food,Marmalade,Medium Box,Kerala,Trivandrum,South,India,2010-04-19,2010-04-26,-40.684,8,667.84
High,0.1,19.98,5.77,Express Air,Stand Alone Restaurants,Processed Meat,Smoked Salmon,Small Box,Gujarat,Bantva,West,India,2010-04-20,2010-04-20,35.09,3,57.41
High,0.05,30.98,9.18,Express Air,Stand Alone Restaurants,Processed Meat,Smoked Salmon,Small Box,Madhya Pradesh,Rewa,West,India,2010-04-21,2010-04-21,61.47,12,382.29
High,0.05,22.99,8.99,Regular Air,Stand Alone Restaurants,Processed Meat,Foie Gras,Small Pack,Madhya Pradesh,Rewa,West,India,2010-04-21,2010-04-28,18.27,37,881.74
Low,0.04,212.6,110.2,Delivery Truck,Stand Alone Restaurants,Preserved Food,Jams,Jumbo Box,Madhya Pradesh,Rewa,West,India,2010-04-21,2010-04-25,-513.79042,33,7384.18
High,0.05,363.25,19.99,Express Air,Hotels / Hospitals,Processed Meat,Jelly Fish,Small Box,Karnataka,Koppal,South,India,2010-04-21,2010-04-21,-269.7555,5,1867.04
High,0.04,15.42,10.68,Express Air,Hotels / Hospitals,Processed Meat,Fresh Water Eel,Small Box,Telangana,Mahbubnagar,South,India,2010-04-22,2010-04-23,-109.70400000000001,5,81.14
High,0.02,4.57,5.42,Regular Air,Hotels / Hospitals,Processed Meat,Bacon,Small Box,Meghalaya,Tura,East,India,2010-04-22,2010-04-26,-352.81399999999996,11,54.04
High,0.03,5.28,5.61,Regular Air,Personel Usage,Processed Meat,Smoked Salmon,Small Box,Madhya Pradesh,Rewa,West,India,2010-04-23,2010-04-24,-16.67,5,32.5
High,0.08,2.89,0.49,Regular Air,Hotels / Hospitals,Processed Meat,Oysters (Clam),Small Box,Orissa,Bhubaneshwar,East,India,2010-04-23,2010-04-23,38.406000000000006,1,3.07
High,0.03,5.28,5.61,Regular Air,Personel Usage,Processed Meat,Smoked Salmon,Small Box,Uttar Pradesh,Etawah,North,India,2010-04-23,2010-04-24,-16.67,1,6.5
Low,0.03,35.41,1.99,Regular Air,Stand Alone Restaurants,Canned Foods,Assorted Fruits,Small Pack,Assam,Silchar,East,India,2010-04-24,2010-04-26,1912.4219999999998,10,367.52
High,0.0001,142.86,19.99,Regular Air,Stand Alone Restaurants,Processed Meat,Fresh Water Eel,Small Box,Assam,Silchar,East,India,2010-04-24,2010-05-03,-739.326,11,1576.35
High,0.06,4.28,0.94,Regular Air,Personel Usage,Processed Meat,Foie Gras,Wrap Bag,Madhya Pradesh,Rewa,West,India,2010-04-26,2010-04-28,0.3699999999999992,9,38.96
High,0.04,419.19,19.99,Regular Air,Restaurant Chain,Processed Meat,Fresh Water Eel,Small Box,Madhya Pradesh,Rewa,West,India,2010-04-26,2010-04-27,1947.67,20,8048.45
Low,0.09,300.97,7.18,Regular Air,Hotels / Hospitals,Canned Foods,Assorted Fruits,Small Box,Uttar Pradesh,Firozabad,North,India,2010-04-27,2010-04-27,17.772,10,2848.38
Medium,0.08,125.99,7.69,Regular Air,Personel Usage,Canned Foods,Quail Eggs,Small Box,Tamil Nadu,Salem,South,India,2010-04-29,2010-04-30,374.625,7,710.36
Critical,0.06,65.99,8.8,Express Air,Personel Usage,Canned Foods,Quail Eggs,Small Box,Uttar Pradesh,Ghaziabad,North,India,2010-04-30,2010-05-01,288.09,34,1912.98
Critical,0.0001,195.99,4.2,Express Air,Personel Usage,Canned Foods,Quail Eggs,Small Box,Uttar Pradesh,Ghaziabad,North,India,2010-04-30,2010-05-02,1030.509,24,4170.87
High,0.02,21.98,2.87,Regular Air,Hotels / Hospitals,Processed Meat,Foie Gras,Small Pack,Orissa,Cuttack,East,India,2010-04-30,2010-05-02,165.6345,11,240.05
Critical,0.06,65.99,8.8,Express Air,Personel Usage,Canned Foods,Quail Eggs,Small Box,Uttar Pradesh,Deoria,North,India,2010-04-30,2010-05-01,288.09,9,506.38
Critical,0.0001,195.99,4.2,Express Air,Personel Usage,Canned Foods,Quail Eggs,Small Box,Uttar Pradesh,Deoria,North,India,2010-04-30,2010-05-02,719.4767999999999,6,1042.72
High,0.06,4.98,7.44,Regular Air,Restaurant Chain,Processed Meat,Smoked Salmon,Small Box,Bihar,Katihar,North,India,2010-05-01,2010-05-02,-37.562,10,53.21
High,0.01,6.48,7.37,Regular Air,Restaurant Chain,Processed Meat,Smoked Salmon,Small Box,Bihar,Katihar,North,India,2010-05-01,2010-05-03,-449.69399999999996,18,122.8
High,0.01,11.7,5.63,Regular Air,Hotels / Hospitals,Processed Meat,Bacon,Small Box,Uttar Pradesh,Bareilly,North,India,2010-05-01,2010-05-03,39.209999999999994,16,196.69
High,0.03,4.55,1.49,Regular Air,Hotels / Hospitals,Processed Meat,Bacon,Small Box,Uttar Pradesh,Bareilly,North,India,2010-05-01,2010-05-01,100.38000000000001,9,40.28
High,0.08,4.0,1.3,Regular Air,Stand Alone Restaurants,Processed Meat,Smoked Salmon,Wrap Bag,Andhra Pradesh,Nellore,South,India,2010-05-02,2010-05-04,28.4,14,51.99
Critical,0.06,276.2,24.49,Regular Air,Hotels / Hospitals,Preserved Food,Sundried Tomatoes,Large Box,Maharashtra,Hingoli,West,India,2010-05-04,2010-05-05,2639.4708,14,3825.32
Critical,0.09,6.28,5.29,Regular Air,Hotels / Hospitals,Preserved Food,Marmalade,Small Box,Maharashtra,Hingoli,West,India,2010-05-04,2010-05-04,-5.2,1,8.53
High,0.05,178.47,19.99,Express Air,Personel Usage,Processed Meat,Fresh Water Eel,Small Box,Orissa,Koraput,East,India,2010-05-04,2010-05-07,943.0,9,1531.31
High,0.07,5.34,5.63,Regular Air,Hotels / Hospitals,Processed Meat,Bacon,Small Box,Gujarat,Surendranagar,West,India,2010-05-04,2010-05-06,-116.3455,13,66.65
Medium,0.03,160.98,30.0,Delivery Truck,Hotels / Hospitals,Preserved Food,Sundried Tomatoes,Jumbo Drum,Gujarat,Surendranagar,West,India,2010-05-04,2010-05-05,1304.9,18,2934.16
Medium,0.04,65.99,5.63,Express Air,Hotels / Hospitals,Canned Foods,Quail Eggs,Small Box,Gujarat,Surendranagar,West,India,2010-05-04,2010-05-04,605.0472,15,876.88
High,0.07,2.78,1.49,Regular Air,Stand Alone Restaurants,Processed Meat,Bacon,Small Box,Uttar Pradesh,Hardoi,North,India,2010-05-07,2010-05-08,-340.5311,17,47.12
Medium,0.01,16.48,1.99,Regular Air,Personel Usage,Canned Foods,Assorted Fruits,Small Pack,Jharkhand,Giridih,North,India,2010-05-07,2010-05-08,739.674,7,122.93
High,0.07,4.76,0.88,Express Air,Personel Usage,Processed Meat,Smoked Salmon,Wrap Bag,Madhya Pradesh,Shahdol,West,India,2010-05-07,2010-05-09,33.347699999999996,10,48.33
High,0.08,6.48,8.4,Regular Air,Personel Usage,Processed Meat,Smoked Salmon,Small Box,Uttar Pradesh,Rae Bareli,North,India,2010-05-07,2010-05-07,58.812,7,45.0
Not Specified,0.03,29.34,7.87,Regular Air,Hotels / Hospitals,Preserved Food,Marmalade,Small Box,Madhya Pradesh,Satna,West,India,2010-05-08,2010-05-10,-41.32,1,32.4
High,0.05,6.48,8.73,Regular Air,Personel Usage,Processed Meat,Smoked Salmon,Small Box,Bihar,Jhanjharpur,North,India,2010-05-09,2010-05-09,-160.3847,35,232.5
High,0.05,6.48,2.74,Regular Air,Hotels / Hospitals,Canned Foods,Assorted Fruits,Small Pack,Andhra Pradesh,Narasaraopet,South,India,2010-05-09,2010-05-09,15.096,15,94.27
High,0.09,12.53,0.5,Regular Air,Hotels / Hospitals,Processed Meat,Oysters (Clam),Small Box,Andhra Pradesh,Narasaraopet,South,India,2010-05-09,2010-05-10,14.912399999999998,7,82.21
High,0.08,65.99,8.99,Express Air,Hotels / Hospitals,Canned Foods,Quail Eggs,Small Box,Andhra Pradesh,Narasaraopet,South,India,2010-05-09,2010-05-11,-135.226,8,417.47
High,0.01,15.67,1.39,Express Air,Personel Usage,Processed Meat,Caviar,Small Box,Tamil Nadu,Vellore,South,India,2010-05-11,2010-05-11,-273.98,11,188.09
Not Specified,0.08,128.24,12.65,Regular Air,Hotels / Hospitals,Preserved Food,Sundried Tomatoes,Medium Box,Assam,Tezpur,East,India,2010-05-12,2010-05-13,-379.344,3,366.44
Not Specified,0.04,5.98,4.38,Regular Air,Hotels / Hospitals,Canned Foods,Assorted Fruits,Small Pack,Assam,Tezpur,East,India,2010-05-12,2010-05-14,-1522.3039999999999,11,69.75
High,0.08,2.62,0.8,Express Air,Stand Alone Restaurants,Processed Meat,Tuna,Wrap Bag,Maharashtra,Kalyan,West,India,2010-05-13,2010-05-15,21.769499999999997,12,31.55
High,0.0001,5.28,5.61,Regular Air,Hotels / Hospitals,Processed Meat,Smoked Salmon,Small Box,Uttar Pradesh,Sambhal,North,India,2010-05-14,2010-05-14,-149.212,15,85.26
Medium,0.06,8.32,2.38,Regular Air,Personel Usage,Canned Foods,Assorted Fruits,Small Pack,Uttar Pradesh,Ghaziabad,North,India,2010-05-15,2010-05-17,-36.63,12,101.26
High,0.08,2.94,0.96,Regular Air,Personel Usage,Processed Meat,Foie Gras,Wrap Bag,Uttar Pradesh,Ghaziabad,North,India,2010-05-15,2010-05-17,-2.12,6,17.4
High,0.01,30.98,6.5,Regular Air,Hotels / Hospitals,Canned Foods,Assorted Fruits,Small Box,Jharkhand,Jamshedpur,North,India,2010-05-15,2010-05-16,46.29,11,363.37
High,0.01,40.99,19.99,Regular Air,Hotels / Hospitals,Processed Meat,Smoked Salmon,Small Box,Jharkhand,Jamshedpur,North,India,2010-05-15,2010-05-18,177.79,11,480.75
High,0.09,5.4,7.78,Regular Air,Hotels / Hospitals,Processed Meat,Bacon,Small Box,Gujarat,Bhavnagar,West,India,2010-05-16,2010-05-17,-136.252,9,49.24
High,0.0001,14.42,6.75,Express Air,Stand Alone Restaurants,Processed Meat,Jelly Fish,Medium Box,West Bengal,Serampore,East,India,2010-05-16,2010-05-17,9.33,6,98.96
High,0.07,19.84,4.1,Regular Air,Restaurant Chain,Processed Meat,Foie Gras,Wrap Bag,West Bengal,Bangaon,East,India,2010-05-17,2010-05-18,117.852,9,170.8
Not Specified,0.01,65.99,8.99,Express Air,Stand Alone Restaurants,Canned Foods,Quail Eggs,Small Box,Tamil Nadu,Tenkasi,South,India,2010-05-20,2010-05-21,396.972,14,782.0
High,0.01,5.94,9.92,Regular Air,Restaurant Chain,Processed Meat,Bacon,Small Box,Tamil Nadu,Tiruvallur,South,India,2010-05-20,2010-05-23,-239.315,12,74.77
High,0.0001,6.48,5.11,Regular Air,Restaurant Chain,Processed Meat,Smoked Salmon,Small Box,Tamil Nadu,Tiruvallur,South,India,2010-05-20,2010-05-22,-33.31,18,127.81
High,0.09,5.84,0.83,Regular Air,Stand Alone Restaurants,Processed Meat,Foie Gras,Wrap Bag,West Bengal,Bishnupur,East,India,2010-05-21,2010-05-25,-2.87,1,5.9
Not Specified,0.07,12.99,9.44,Regular Air,Stand Alone Restaurants,Canned Foods,Sliced Pineapple,Medium Box,Maharashtra,Nagpur,West,India,2010-05-21,2010-05-23,-114.63990000000001,18,231.79
Medium,0.01,115.99,56.14,Delivery Truck,Restaurant Chain,Canned Foods,Sliced Pineapple,Jumbo Drum,Andhra Pradesh,Srikakulam,South,India,2010-05-22,2010-05-23,-164.39520000000002,5,604.35
Critical,0.1,130.98,30.0,Delivery Truck,Stand Alone Restaurants,Preserved Food,Sundried Tomatoes,Jumbo Drum,Madhya Pradesh,Bhind,West,India,2010-05-22,2010-05-24,-592.43,18,2259.99
Not Specified,0.09,77.51,4.0,Express Air,Restaurant Chain,Canned Foods,Assorted Fruits,Small Box,Punjab,Amritsar,West,India,2010-05-23,2010-05-25,-986.5239999999999,17,1300.54
High,0.0001,2.88,0.7,Regular Air,Restaurant Chain,Processed Meat,Foie Gras,Wrap Bag,Punjab,Amritsar,West,India,2010-05-23,2010-05-25,-141.666,13,38.06
Medium,0.1,218.08,18.06,Express Air,Personel Usage,Preserved Food,Sundried Tomatoes,Large Box,Uttar Pradesh,Jaunpur,North,India,2010-05-24,2010-05-25,1318.83,12,2366.51
High,0.06,47.9,5.86,Regular Air,Personel Usage,Processed Meat,Smoked Salmon,Small Box,Andhra Pradesh,Vijayawada,South,India,2010-05-25,2010-05-27,21.78,2,94.2
High,0.03,5.44,7.46,Express Air,Hotels / Hospitals,Processed Meat,Bacon,Small Box,Uttar Pradesh,Muzaffarnagar,North,India,2010-05-25,2010-05-27,-51.704,4,26.31
High,0.08,26.38,5.58,Regular Air,Hotels / Hospitals,Processed Meat,Smoked Salmon,Small Box,Uttar Pradesh,Muzaffarnagar,North,India,2010-05-25,2010-05-26,144.7482,8,209.78
Not Specified,0.06,20.99,2.5,Regular Air,Hotels / Hospitals,Canned Foods,Quail Eggs,Wrap Bag,Uttar Pradesh,Muzaffarnagar,North,India,2010-05-25,2010-05-27,-112.189,1,17.83
High,0.04,37.7,2.99,Regular Air,Restaurant Chain,Processed Meat,Bacon,Small Box,Madhya Pradesh,Ratlam,West,India,2010-05-27,2010-05-28,299.6739,12,434.31
Critical,0.01,55.99,5.0,Regular Air,Restaurant Chain,Canned Foods,Quail Eggs,Small Pack,Madhya Pradesh,Sagar,West,India,2010-05-27,2010-05-28,-235.895,1,51.83
High,0.03,17.7,9.47,Regular Air,Personel Usage,Processed Meat,Fresh Water Eel,Small Box,Uttar Pradesh,Agra,North,India,2010-05-28,2010-05-30,28.182599999999997,11,201.77
High,0.02,6.48,7.91,Regular Air,Hotels / Hospitals,Processed Meat,Smoked Salmon,Small Box,Telangana,Nalgonda,South,India,2010-05-29,2010-05-31,-1191.526,2,16.5
High,0.01,23.99,6.3,Regular Air,Hotels / Hospitals,Canned Foods,Sliced Pineapple,Medium Box,Orissa,Bargarh,East,India,2010-05-29,2010-05-31,-6.202,11,284.39
High,0.04,3.68,1.32,Regular Air,Hotels / Hospitals,Processed Meat,Pacific Squid,Wrap Bag,Gujarat,Porbandar,West,India,2010-06-01,2010-06-02,300.9258,11,41.29
Low,0.08,259.71,66.67,Delivery Truck,Stand Alone Restaurants,Preserved Food,Jams,Jumbo Box,Madhya Pradesh,Balaghat,West,India,2010-06-03,2010-06-07,138.22199999999998,17,4086.5
High,0.09,2.61,0.5,Regular Air,Personel Usage,Processed Meat,Oysters (Clam),Small Box,Maharashtra,Kalyan,West,India,2010-06-03,2010-06-05,29.380199999999995,17,42.58
Not Specified,0.01,145.98,46.2,Delivery Truck,Hotels / Hospitals,Preserved Food,Jams,Jumbo Box,West Bengal,Asansol,East,India,2010-06-03,2010-06-03,-134.512,9,1370.79
High,0.05,161.55,19.99,Regular Air,Hotels / Hospitals,Processed Meat,Fresh Water Eel,Small Box,West Bengal,Balurghat,East,India,2010-06-03,2010-06-08,1892.424,19,3127.69
Low,0.06,115.99,5.92,Regular Air,Hotels / Hospitals,Canned Foods,Quail Eggs,Small Box,Chhattisgarh,Mahasamund,North,India,2010-06-04,2010-06-06,-13.068000000000001,5,495.82
High,0.09,363.25,19.99,Regular Air,Personel Usage,Processed Meat,Jelly Fish,Small Box,Bihar,Jhanjharpur,North,India,2010-06-05,2010-06-06,732.2698,21,7497.05
High,0.02,6.47,1.22,Regular Air,Personel Usage,Processed Meat,Foie Gras,Wrap Bag,Madhya Pradesh,Rewa,West,India,2010-06-06,2010-06-07,40.2,30,193.95
High,0.07,2.84,0.93,Regular Air,Personel Usage,Processed Meat,Foie Gras,Wrap Bag,Madhya Pradesh,Rewa,West,India,2010-06-06,2010-06-08,3.21,59,158.8
High,0.06,44.01,3.5,Regular Air,Restaurant Chain,Processed Meat,Jelly Fish,Small Box,Uttar Pradesh,Mathura,North,India,2010-06-07,2010-06-08,-21.232,1,46.94
Low,0.05,100.97,7.18,Express Air,Personel Usage,Canned Foods,Assorted Fruits,Small Box,Assam,Abhayapuri,East,India,2010-06-08,2010-06-08,881.4680999999999,13,1277.49
High,0.05,8.85,5.6,Regular Air,Personel Usage,Processed Meat,Bacon,Small Box,Madhya Pradesh,Rewa,West,India,2010-06-10,2010-06-11,-9.177,21,199.08
High,0.0001,55.48,14.3,Regular Air,Hotels / Hospitals,Processed Meat,Smoked Salmon,Small Box,Uttar Pradesh,Aonla,North,India,2010-06-12,2010-06-14,454.4478,11,658.62
High,0.07,177.98,0.99,Regular Air,Hotels / Hospitals,Processed Meat,Jelly Fish,Small Box,Gujarat,Valsad,West,India,2010-06-13,2010-06-13,-191.548,3,536.29
Critical,0.02,209.84,21.21,Regular Air,Restaurant Chain,Preserved Food,Marmalade,Large Box,Madhya Pradesh,Rewa,West,India,2010-06-14,2010-06-14,2593.14,62,13546.94
Critical,0.01,194.3,11.54,Regular Air,Restaurant Chain,Preserved Food,Marmalade,Large Box,Madhya Pradesh,Rewa,West,India,2010-06-14,2010-06-16,1162.76,32,6401.65
High,0.03,4.24,5.41,Regular Air,Hotels / Hospitals,Processed Meat,Bacon,Small Box,Haryana,Karnal,North,India,2010-06-15,2010-06-17,-84.4376,13,58.68
High,0.04,2.94,0.7,Regular Air,Hotels / Hospitals,Processed Meat,Foie Gras,Wrap Bag,Haryana,Karnal,North,India,2010-06-15,2010-06-16,24.312,18,53.1
Not Specified,0.09,7.38,5.21,Regular Air,Hotels / Hospitals,Preserved Food,Marmalade,Small Box,Madhya Pradesh,Hoshangabad,West,India,2010-06-17,2010-06-18,-27.160000000000004,9,66.55
High,0.04,5.98,5.15,Regular Air,Hotels / Hospitals,Processed Meat,Smoked Salmon,Small Box,Madhya Pradesh,Hoshangabad,West,India,2010-06-17,2010-06-18,-52.34400000000001,17,103.49
High,0.04,15.42,10.68,Regular Air,Hotels / Hospitals,Processed Meat,Fresh Water Eel,Small Box,Madhya Pradesh,Hoshangabad,West,India,2010-06-17,2010-06-18,-119.93599999999999,12,192.18
High,0.0001,8.74,8.29,Regular Air,Personel Usage,Processed Meat,Caviar,Small Box,Chhattisgarh,Durg,North,India,2010-06-24,2010-06-26,-79.4,14,131.62
Low,0.09,20.99,2.5,Regular Air,Hotels / Hospitals,Canned Foods,Quail Eggs,Wrap Bag,Telangana,Karimnagar,South,India,2010-06-24,2010-07-01,-136.122,6,100.11
High,0.0001,17.52,8.17,Regular Air,Restaurant Chain,Processed Meat,Jelly Fish,Medium Box,Bihar,Hajipur,North,India,2010-06-28,2010-07-03,52.763999999999996,15,284.34
High,0.01,7.89,2.82,Regular Air,Personel Usage,Processed Meat,Tuna,Wrap Bag,Madhya Pradesh,Rewa,West,India,2010-06-30,2010-07-01,38.7,32,274.26
High,0.09,3.68,1.32,Regular Air,Personel Usage,Processed Meat,Pacific Squid,Wrap Bag,Madhya Pradesh,Rewa,West,India,2010-06-30,2010-07-01,-21.91,24,83.16
High,0.1,9.71,9.45,Regular Air,Personel Usage,Processed Meat,Fresh Water Eel,Small Box,Madhya Pradesh,Rewa,West,India,2010-06-30,2010-07-03,-119.77,27,261.93
Low,0.05,63.94,14.48,Express Air,Personel Usage,Preserved Food,Marmalade,Small Box,Bihar,Jhanjharpur,North,India,2010-06-30,2010-07-07,270.8743,21,1336.35
Low,0.04,8.33,1.99,Regular Air,Stand Alone Restaurants,Canned Foods,Assorted Fruits,Small Pack,Chhattisgarh,Durg,North,India,2010-06-30,2010-07-07,44.891999999999996,16,131.26
High,0.01,7.89,2.82,Regular Air,Personel Usage,Processed Meat,Tuna,Wrap Bag,Uttar Pradesh,Etawah,North,India,2010-06-30,2010-07-01,46.440000000000005,8,68.56
High,0.09,3.68,1.32,Regular Air,Personel Usage,Processed Meat,Pacific Squid,Wrap Bag,Uttar Pradesh,Etawah,North,India,2010-06-30,2010-07-01,-17.528,6,20.79
High,0.1,9.71,9.45,Regular Air,Personel Usage,Processed Meat,Fresh Water Eel,Small Box,Uttar Pradesh,Etawah,North,India,2010-06-30,2010-07-03,-95.816,7,67.91
Low,0.04,449.99,24.49,Regular Air,Stand Alone Restaurants,Canned Foods,Wild Berry,Large Box,Maharashtra,Shirdi,West,India,2010-07-01,2010-07-05,3576.8840999999998,12,5183.89
High,0.01,5.84,1.2,Regular Air,Stand Alone Restaurants,Processed Meat,Foie Gras,Wrap Bag,Maharashtra,Shirdi,West,India,2010-07-01,2010-07-10,20.38,6,36.09
High,0.02,29.17,6.27,Regular Air,Restaurant Chain,Processed Meat,Bacon,Small Box,Rajasthan,Jodhpur,West,India,2010-07-01,2010-07-02,36.906,2,63.32
Medium,0.05,17.48,1.99,Regular Air,Personel Usage,Canned Foods,Assorted Fruits,Small Pack,Uttar Pradesh,Ghosi,North,India,2010-07-02,2010-07-04,-127.00800000000001,3,52.47
High,0.1,12.53,0.49,Regular Air,Hotels / Hospitals,Processed Meat,Oysters (Clam),Small Box,Rajasthan,Dausa,West,India,2010-07-03,2010-07-04,244.464,8,92.02
High,0.1,146.34,43.75,Delivery Truck,Hotels / Hospitals,Preserved Food,Jams,Jumbo Box,Rajasthan,Dausa,West,India,2010-07-03,2010-07-04,-473.578,2,283.55
High,0.06,105.29,10.12,Regular Air,Hotels / Hospitals,Preserved Food,Marmalade,Large Box,Telangana,Nalgonda,South,India,2010-07-04,2010-07-06,-45.01,12,1202.66
High,0.05,80.98,35.0,Regular Air,Restaurant Chain,Processed Meat,Fresh Water Eel,Large Box,Madhya Pradesh,Rewa,West,India,2010-07-05,2010-07-09,-746.44,34,2710.47
High,0.05,279.48,35.0,Regular Air,Restaurant Chain,Processed Meat,Fresh Water Eel,Large Box,Madhya Pradesh,Rewa,West,India,2010-07-05,2010-07-05,-274.95,31,8354.73
High,0.01,8.88,6.28,Regular Air,Restaurant Chain,Processed Meat,Bacon,Small Box,Madhya Pradesh,Ratlam,West,India,2010-07-05,2010-07-10,-15.456,2,19.86
High,0.06,2.88,0.99,Regular Air,Restaurant Chain,Processed Meat,Oysters (Clam),Small Box,Madhya Pradesh,Ratlam,West,India,2010-07-05,2010-07-14,16.0494,8,23.26
Low,0.03,5.08,2.03,Regular Air,Restaurant Chain,Preserved Food,Marmalade,Wrap Bag,Uttar Pradesh,Aonla,North,India,2010-07-07,2010-07-12,15.1524,4,21.96
High,0.02,4.0,1.3,Regular Air,Hotels / Hospitals,Processed Meat,Smoked Salmon,Wrap Bag,Punjab,Hoshiarpur,West,India,2010-07-09,2010-07-09,-23.296,12,50.71
High,0.03,30.98,8.99,Express Air,Stand Alone Restaurants,Processed Meat,Foie Gras,Small Pack,Gujarat,Dahod,West,India,2010-07-09,2010-07-11,0.5099999999999987,5,162.39
Not Specified,0.07,65.99,8.8,Regular Air,Restaurant Chain,Canned Foods,Quail Eggs,Small Box,Madhya Pradesh,Rewa,West,India,2010-07-12,2010-07-12,109.83600000000001,37,1939.03
Not Specified,0.0001,10.01,1.99,Express Air,Restaurant Chain,Canned Foods,Assorted Fruits,Small Pack,Madhya Pradesh,Rewa,West,India,2010-07-12,2010-07-14,128.03,42,457.63
Low,0.04,6.24,5.22,Regular Air,Stand Alone Restaurants,Preserved Food,Marmalade,Small Box,Uttar Pradesh,Jalaun,North,India,2010-07-12,2010-07-17,4.3809,13,80.23
High,0.05,6.3,0.5,Regular Air,Hotels / Hospitals,Processed Meat,Oysters (Clam),Small Box,Madhya Pradesh,Dewas,West,India,2010-07-12,2010-07-13,41.296499999999995,10,59.85
High,0.09,205.99,3.0,Express Air,Hotels / Hospitals,Canned Foods,Quail Eggs,Small Box,Madhya Pradesh,Dewas,West,India,2010-07-12,2010-07-14,1179.0237,10,1708.73
High,0.04,136.98,24.49,Express Air,Restaurant Chain,Preserved Food,Marmalade,Large Box,Uttar Pradesh,Allahabad,North,India,2010-07-12,2010-07-14,1127.5497,12,1634.13
Not Specified,0.0001,10.01,1.99,Express Air,Restaurant Chain,Canned Foods,Assorted Fruits,Small Pack,Chhattisgarh,Raigarh,North,India,2010-07-12,2010-07-14,82.70339999999999,11,119.86
High,0.06,4.48,49.0,Regular Air,Hotels / Hospitals,Processed Meat,Jelly Fish,Large Box,Tamil Nadu,Dindigul,South,India,2010-07-13,2010-07-17,-566.0,4,32.6
Low,0.06,7.99,5.03,Regular Air,Personel Usage,Canned Foods,Quail Eggs,Medium Box,Jammu And Kashmir,Anantnag,North,India,2010-07-13,2010-07-13,-122.13300000000001,10,65.74
High,0.07,165.2,19.99,Regular Air,Stand Alone Restaurants,Processed Meat,Fresh Water Eel,Small Box,West Bengal,Diamond Harbour,East,India,2010-07-14,2010-07-16,521.69,7,1081.54
High,0.03,6.45,1.34,Regular Air,Personel Usage,Processed Meat,Smoked Salmon,Wrap Bag,Kerala,Kasaragod,South,India,2010-07-14,2010-07-19,39.1299,9,56.71
High,0.02,15.28,1.99,Regular Air,Hotels / Hospitals,Canned Foods,Assorted Fruits,Small Pack,Bihar,Begusarai,North,India,2010-07-15,2010-07-16,163.1574,15,236.46
High,0.0001,85.99,3.3,Regular Air,Hotels / Hospitals,Canned Foods,Quail Eggs,Small Pack,Bihar,Begusarai,North,India,2010-07-15,2010-07-16,-302.225,1,73.82
Medium,0.03,119.99,56.14,Delivery Truck,Personel Usage,Canned Foods,Sliced Pineapple,Jumbo Box,Punjab,Jalandhar,West,India,2010-07-17,2010-07-19,190.14,13,1545.58
Medium,0.05,115.79,1.99,Regular Air,Personel Usage,Canned Foods,Assorted Fruits,Small Pack,Rajasthan,Rajsamand,West,India,2010-07-17,2010-07-19,67.59999999999992,3,353.1
High,0.07,4.91,0.5,Regular Air,Personel Usage,Processed Meat,Oysters (Clam),Small Box,Rajasthan,Bhilwara,West,India,2010-07-17,2010-07-18,-157.696,6,28.22
Not Specified,0.09,28.48,1.99,Regular Air,Hotels / Hospitals,Canned Foods,Assorted Fruits,Small Pack,Jharkhand,Chatra,North,India,2010-07-17,2010-07-18,-1250.746,13,336.92
High,0.02,7.1,6.05,Regular Air,Hotels / Hospitals,Processed Meat,Bacon,Small Box,Telangana,Nizamabad,South,India,2010-07-20,2010-07-20,-66.378,9,66.32
Low,0.02,43.98,1.99,Regular Air,Personel Usage,Canned Foods,Assorted Fruits,Small Pack,Bihar,Jhanjharpur,North,India,2010-07-21,2010-07-25,333.7605,40,1724.01
High,0.1,1889.99,19.99,Regular Air,Restaurant Chain,Processed Meat,Bacon,Small Box,Haryana,Hisar,North,India,2010-07-21,2010-07-21,-42.546,1,1786.04
Critical,0.04,205.99,8.99,Regular Air,Personel Usage,Canned Foods,Quail Eggs,Small Box,West Bengal,Raiganj,East,India,2010-07-21,2010-07-22,960.984,6,1008.53
High,0.06,6.98,1.6,Regular Air,Restaurant Chain,Processed Meat,Smoked Salmon,Wrap Bag,Bihar,Samastipur,North,India,2010-07-22,2010-07-29,-98.05600000000001,12,83.93
High,0.0001,115.99,5.92,Regular Air,Personel Usage,Canned Foods,Quail Eggs,Small Box,Gujarat,Porbandar,West,India,2010-07-22,2010-07-22,-16.772000000000002,11,1160.42
High,0.03,1.88,1.49,Regular Air,Restaurant Chain,Processed Meat,Bacon,Small Box,Madhya Pradesh,Rewa,West,India,2010-07-24,2010-07-25,-15.0995,52,102.32
Not Specified,0.1,110.99,8.99,Express Air,Restaurant Chain,Canned Foods,Quail Eggs,Small Box,Bihar,Purnia,North,India,2010-07-27,2010-07-29,3285.48,7,627.78
High,0.1,6.3,0.5,Regular Air,Hotels / Hospitals,Processed Meat,Oysters (Clam),Small Box,Rajasthan,Alwar,West,India,2010-07-27,2010-08-01,-464.28200000000004,12,68.72
Critical,0.07,3502.14,8.73,Delivery Truck,Hotels / Hospitals,Canned Foods,Sliced Pineapple,Jumbo Box,Tamil Nadu,Tiruchchirappalli,South,India,2010-07-28,2010-07-30,-6923.5992,1,3267.55
Medium,0.07,5.02,5.14,Regular Air,Personel Usage,Canned Foods,Assorted Fruits,Small Pack,Madhya Pradesh,Rewa,West,India,2010-07-29,2010-07-31,-168.72,42,210.1
Medium,0.07,280.98,57.0,Delivery Truck,Personel Usage,Preserved Food,Sundried Tomatoes,Jumbo Drum,Madhya Pradesh,Rewa,West,India,2010-07-29,2010-07-31,-439.62,23,6499.87
High,0.09,2.16,6.05,Regular Air,Personel Usage,Processed Meat,Bacon,Small Box,West Bengal,Murshidabad,East,India,2010-07-31,2010-08-04,-37.789,2,5.48
Low,0.03,808.49,55.3,Delivery Truck,Personel Usage,Canned Foods,Sliced Pineapple,Jumbo Drum,West Bengal,Murshidabad,East,India,2010-07-31,2010-08-07,5658.917699999999,11,8201.33
High,0.0001,6.48,8.19,Regular Air,Personel Usage,Processed Meat,Smoked Salmon,Small Box,West Bengal,Murshidabad,East,India,2010-07-31,2010-08-07,-43.26,3,22.67
High,0.03,6.37,5.19,Regular Air,Hotels / Hospitals,Processed Meat,Bacon,Small Box,Maharashtra,Baramati,West,India,2010-08-01,2010-08-02,-29.0927,14,89.79
Not Specified,0.03,200.97,15.59,Delivery Truck,Restaurant Chain,Canned Foods,Sliced Pineapple,Jumbo Drum,Uttar Pradesh,Baghpat,North,India,2010-08-02,2010-08-03,1951.3,43,8717.75
Low,0.0001,180.98,30.0,Delivery Truck,Stand Alone Restaurants,Preserved Food,Sundried Tomatoes,Jumbo Drum,Uttar Pradesh,Mainpuri,North,India,2010-08-03,2010-08-05,9.204,11,2084.16
Medium,0.06,125.99,2.5,Regular Air,Hotels / Hospitals,Canned Foods,Quail Eggs,Small Box,Maharashtra,Thane,West,India,2010-08-03,2010-08-05,402.066,11,1173.76
Critical,0.01,3502.14,8.73,Delivery Truck,Hotels / Hospitals,Canned Foods,Sliced Pineapple,Jumbo Box,West Bengal,Asansol,East,India,2010-08-04,2010-08-05,-4075.933992,1,3501.79
High,0.06,15.73,7.42,Regular Air,Hotels / Hospitals,Processed Meat,Pacific Squid,Small Pack,West Bengal,Asansol,East,India,2010-08-04,2010-08-05,-18.558799999999998,4,63.04
High,0.08,14.81,13.32,Regular Air,Hotels / Hospitals,Processed Meat,Jelly Fish,Small Box,Uttar Pradesh,Ghaziabad,North,India,2010-08-07,2010-08-09,-253.11,79,1154.12
High,0.1,41.94,2.99,Regular Air,Personel Usage,Processed Meat,Bacon,Small Box,Maharashtra,Kalyan,West,India,2010-08-07,2010-08-08,164.082,6,237.8
High,0.08,6.48,6.81,Regular Air,Hotels / Hospitals,Processed Meat,Smoked Salmon,Small Box,Madhya Pradesh,Rewa,West,India,2010-08-10,2010-08-15,-94.59,58,382.33
High,0.09,20.98,53.03,Delivery Truck,Hotels / Hospitals,Processed Meat,Fresh Water Eel,Jumbo Drum,Madhya Pradesh,Rewa,West,India,2010-08-10,2010-08-17,-293.74,13,356.61
High,0.01,4.98,6.07,Regular Air,Personel Usage,Processed Meat,Smoked Salmon,Small Box,Uttar Pradesh,Ghaziabad,North,India,2010-08-10,2010-08-11,-35.916399999999996,10,52.93
Not Specified,0.03,5.98,3.85,Regular Air,Restaurant Chain,Canned Foods,Assorted Fruits,Small Pack,Jharkhand,Ranchi,North,India,2010-08-10,2010-08-12,-76.1068,6,38.54
High,0.07,5.98,5.46,Regular Air,Hotels / Hospitals,Processed Meat,Smoked Salmon,Small Box,Jammu And Kashmir,Udhampur,North,India,2010-08-13,2010-08-15,46.65,5,32.76
High,0.01,8.33,1.99,Regular Air,Stand Alone Restaurants,Canned Foods,Assorted Fruits,Small Pack,Uttar Pradesh,Ghaziabad,North,India,2010-08-14,2010-08-15,10.74,32,280.62
High,0.08,4.48,2.5,Regular Air,Personel Usage,Processed Meat,Caviar,Small Box,Tamil Nadu,Salem,South,India,2010-08-14,2010-08-15,-3.2448,19,80.2
High,0.02,4.98,0.49,Regular Air,Hotels / Hospitals,Processed Meat,Oysters (Clam),Small Box,Telangana,Khammam,South,India,2010-08-15,2010-08-16,-52.864,17,87.11
Critical,0.01,20.99,0.99,Regular Air,Hotels / Hospitals,Canned Foods,Quail Eggs,Small Pack,Telangana,Khammam,South,India,2010-08-15,2010-08-16,45.378,9,170.46
Low,0.04,880.98,44.55,Delivery Truck,Personel Usage,Preserved Food,Pickle,Jumbo Box,Madhya Pradesh,Bhopal,West,India,2010-08-15,2010-08-19,4233.2588,8,6901.25
Low,0.07,13.4,4.95,Regular Air,Personel Usage,Preserved Food,Marmalade,Small Pack,Madhya Pradesh,Bhopal,West,India,2010-08-15,2010-08-20,102.76859999999999,11,148.94
Low,0.01,15.99,11.28,Regular Air,Personel Usage,Canned Foods,Sliced Pineapple,Medium Box,Madhya Pradesh,Bhopal,West,India,2010-08-15,2010-08-22,-36.671544,12,200.68
High,0.05,25.99,5.37,Express Air,Hotels / Hospitals,Processed Meat,Foie Gras,Small Box,West Bengal,Asansol,East,India,2010-08-16,2010-08-18,220.35719999999998,18,451.35
High,0.05,5.18,2.04,Regular Air,Restaurant Chain,Processed Meat,Smoked Salmon,Wrap Bag,West Bengal,Bangaon,East,India,2010-08-18,2010-08-20,34.010400000000004,10,53.54
Low,0.01,65.99,5.31,Regular Air,Personel Usage,Canned Foods,Quail Eggs,Small Box,Uttar Pradesh,Unnao,North,India,2010-08-19,2010-08-26,250.36272000000002,9,536.9
High,0.1,54.1,19.99,Regular Air,Hotels / Hospitals,Processed Meat,Fresh Water Eel,Small Box,Uttar Pradesh,Mirzapur,North,India,2010-08-19,2010-08-24,34.068,9,469.59
Not Specified,0.07,2036.48,14.7,Delivery Truck,Hotels / Hospitals,Canned Foods,Sliced Pineapple,Jumbo Drum,Madhya Pradesh,Rewa,West,India,2010-08-21,2010-08-21,4073.25,25,43046.2
Not Specified,0.07,2036.48,14.7,Delivery Truck,Hotels / Hospitals,Canned Foods,Sliced Pineapple,Jumbo Drum,Tamil Nadu,Chidambaram,South,India,2010-08-21,2010-08-21,6028.41,6,10331.09
Critical,0.0001,100.89,42.0,Delivery Truck,Stand Alone Restaurants,Preserved Food,Sundried Tomatoes,Jumbo Drum,Jharkhand,Ranchi,North,India,2010-08-21,2010-08-22,-42.047200000000004,15,1608.11
High,0.08,9.68,2.03,Regular Air,Stand Alone Restaurants,Processed Meat,Smoked Salmon,Wrap Bag,Jharkhand,Khunti,North,India,2010-08-22,2010-08-24,-536.242,1,10.94
Not Specified,0.04,150.98,16.01,Delivery Truck,Stand Alone Restaurants,Preserved Food,Jams,Jumbo Box,Jharkhand,Khunti,North,India,2010-08-22,2010-08-23,-125.86000000000001,5,731.38
High,0.01,5.18,2.04,Regular Air,Hotels / Hospitals,Processed Meat,Smoked Salmon,Wrap Bag,Uttar Pradesh,Sambhal,North,India,2010-08-22,2010-08-24,-17.654,5,28.46
High,0.0001,47.9,5.86,Regular Air,Restaurant Chain,Processed Meat,Smoked Salmon,Small Box,Karnataka,Haveri,South,India,2010-08-22,2010-08-24,638.3811,18,925.19
Medium,0.02,146.05,80.2,Delivery Truck,Hotels / Hospitals,Preserved Food,Jams,Jumbo Box,Maharashtra,Dhule,West,India,2010-08-23,2010-08-23,-101.19200000000001,5,798.69
Medium,0.06,65.99,5.92,Regular Air,Hotels / Hospitals,Canned Foods,Quail Eggs,Small Box,Maharashtra,Dhule,West,India,2010-08-23,2010-08-24,-3.3320000000000336,14,792.11
Not Specified,0.05,124.49,51.94,Delivery Truck,Restaurant Chain,Preserved Food,Jams,Jumbo Box,Tamil Nadu,Tiruppur,South,India,2010-08-24,2010-08-24,-44.1636,1,120.12
High,0.0001,195.99,8.99,Regular Air,Restaurant Chain,Canned Foods,Quail Eggs,Small Box,Tamil Nadu,Arani,South,India,2010-08-24,2010-08-25,114.88199999999999,5,882.93
Critical,0.07,226.67,28.16,Delivery Truck,Hotels / Hospitals,Preserved Food,Sundried Tomatoes,Jumbo Drum,Orissa,Bhubaneshwar,East,India,2010-08-26,2010-08-27,53.114399999999996,1,255.83
High,0.08,20.98,53.03,Delivery Truck,Hotels / Hospitals,Processed Meat,Fresh Water Eel,Jumbo Drum,Orissa,Bhubaneshwar,East,India,2010-08-26,2010-08-28,8.742,20,421.18
High,0.0001,6.68,5.66,Regular Air,Restaurant Chain,Processed Meat,Smoked Salmon,Small Box,Madhya Pradesh,Rewa,West,India,2010-08-27,2010-08-29,-76.94,90,617.4
Low,0.04,8.5,1.99,Regular Air,Personel Usage,Canned Foods,Assorted Fruits,Small Pack,Uttar Pradesh,Varanasi,North,India,2010-08-27,2010-08-31,43.2752,14,118.57
Low,0.1,15.99,9.4,Regular Air,Personel Usage,Canned Foods,Sliced Pineapple,Small Box,Uttar Pradesh,Varanasi,North,India,2010-08-27,2010-08-27,-36.214620000000004,5,79.47
Low,0.09,95.99,8.99,Regular Air,Personel Usage,Canned Foods,Quail Eggs,Small Box,Uttar Pradesh,Varanasi,North,India,2010-08-27,2010-09-03,7.032960000000001,8,627.28
High,0.04,17.24,3.26,Regular Air,Restaurant Chain,Processed Meat,Pacific Squid,Small Pack,West Bengal,Asansol,East,India,2010-08-28,2010-08-31,47.73,7,119.6
High,0.1,11.55,2.36,Regular Air,Stand Alone Restaurants,Processed Meat,Foie Gras,Wrap Bag,Gujarat,Rajkot,West,India,2010-08-30,2010-08-30,69.7672,12,135.77
Low,0.06,19.23,6.15,Regular Air,Hotels / Hospitals,Preserved Food,Marmalade,Small Pack,Madhya Pradesh,Rewa,West,India,2010-08-31,2010-08-31,-25.38,4,84.6
Not Specified,0.0001,8.5,1.99,Regular Air,Hotels / Hospitals,Canned Foods,Assorted Fruits,Small Pack,Rajasthan,Banswara,West,India,2010-08-31,2010-09-02,71.7356,14,122.25
High,0.03,95.43,19.99,Regular Air,Hotels / Hospitals,Processed Meat,Fresh Water Eel,Small Box,Rajasthan,Banswara,West,India,2010-08-31,2010-09-02,-79.3208,2,206.09
High,0.08,22.23,3.63,Regular Air,Restaurant Chain,Preserved Food,Marmalade,Small Pack,Orissa,Dhenkanal,East,India,2010-09-01,2010-09-03,-29.61,10,210.33
High,0.06,19.98,10.49,Regular Air,Personel Usage,Preserved Food,Marmalade,Small Box,Gujarat,Porbandar,West,India,2010-09-01,2010-09-03,514.1772,5,103.37
High,0.08,1.76,4.86,Regular Air,Personel Usage,Preserved Food,Marmalade,Small Box,Gujarat,Porbandar,West,India,2010-09-01,2010-09-02,235.65599999999998,23,40.22
High,0.05,10.98,4.8,Regular Air,Hotels / Hospitals,Processed Meat,Caviar,Small Box,Bihar,Begusarai,North,India,2010-09-03,2010-09-05,90.62,22,243.11
Medium,0.06,175.99,8.99,Regular Air,Hotels / Hospitals,Canned Foods,Quail Eggs,Small Box,West Bengal,Bangaon,East,India,2010-09-04,2010-09-06,2031.507,23,3363.53
High,0.01,3.95,5.13,Regular Air,Hotels / Hospitals,Processed Meat,Jelly Fish,Small Box,Uttar Pradesh,Kairana,North,India,2010-09-04,2010-09-05,-19.93,2,10.11
High,0.02,367.99,19.99,Regular Air,Hotels / Hospitals,Processed Meat,Bacon,Small Box,Uttar Pradesh,Kairana,North,India,2010-09-04,2010-09-05,4568.6073,17,6621.17
High,0.05,3.28,3.97,Regular Air,Hotels / Hospitals,Processed Meat,Foie Gras,Wrap Bag,Maharashtra,Sangli,West,India,2010-09-05,2010-09-06,-100.24,18,61.29
High,0.03,6.98,9.69,Regular Air,Hotels / Hospitals,Processed Meat,Fresh Water Eel,Small Box,Maharashtra,Sangli,West,India,2010-09-05,2010-09-07,-262.62,15,109.15
High,0.03,31.74,12.62,Regular Air,Restaurant Chain,Processed Meat,Bacon,Small Box,Uttar Pradesh,Farrukhabad,North,India,2010-09-06,2010-09-06,-4.300999999999994,3,98.7
High,0.08,19.9,5.29,Regular Air,Hotels / Hospitals,Processed Meat,Jelly Fish,Medium Box,Haryana,Rohtak,North,India,2010-09-07,2010-09-09,107.11,13,240.46
High,0.02,3.36,6.27,Regular Air,Hotels / Hospitals,Processed Meat,Bacon,Small Box,Haryana,Rohtak,North,India,2010-09-07,2010-09-09,-216.154,21,74.08
High,0.09,5.34,2.99,Express Air,Stand Alone Restaurants,Processed Meat,Bacon,Small Box,Uttar Pradesh,Shahjahanpur,North,India,2010-09-08,2010-09-15,9.486,17,95.1
Low,0.07,140.98,53.48,Delivery Truck,Stand Alone Restaurants,Preserved Food,Pickle,Jumbo Box,Uttar Pradesh,Shahjahanpur,North,India,2010-09-08,2010-09-15,-263.65,5,734.74
Low,0.06,205.99,5.26,Regular Air,Stand Alone Restaurants,Canned Foods,Quail Eggs,Small Box,Uttar Pradesh,Shahjahanpur,North,India,2010-09-08,2010-09-15,890.181,11,1882.87
High,0.02,11.55,2.36,Regular Air,Hotels / Hospitals,Processed Meat,Foie Gras,Wrap Bag,Gujarat,Rajkot,West,India,2010-09-08,2010-09-10,1289.3819999999998,14,159.53
Not Specified,0.0001,115.99,2.5,Regular Air,Hotels / Hospitals,Canned Foods,Quail Eggs,Small Box,Tamil Nadu,Sivaganga,South,India,2010-09-10,2010-09-10,162.666,6,627.04
High,0.02,5.98,5.79,Regular Air,Hotels / Hospitals,Processed Meat,Smoked Salmon,Small Box,Tamil Nadu,Tiruchchirappalli,South,India,2010-09-10,2010-09-11,-67.49,17,110.19
High,0.06,2.61,0.5,Express Air,Hotels / Hospitals,Processed Meat,Oysters (Clam),Small Box,Tamil Nadu,Namakkal,South,India,2010-09-11,2010-09-11,10.85,1,17.59
High,0.01,6.35,1.02,Regular Air,Hotels / Hospitals,Processed Meat,Smoked Salmon,Wrap Bag,Tamil Nadu,Namakkal,South,India,2010-09-11,2010-09-13,97.66259999999998,22,141.54
High,0.02,5.98,1.49,Regular Air,Hotels / Hospitals,Processed Meat,Bacon,Small Box,West Bengal,Asansol,East,India,2010-09-11,2010-09-12,28.526000000000003,10,59.9
Low,0.01,85.99,0.99,Regular Air,Hotels / Hospitals,Canned Foods,Quail Eggs,Wrap Bag,Andhra Pradesh,Ongole,South,India,2010-09-12,2010-09-17,311.72999999999996,2,146.17
Medium,0.01,45.99,4.99,Regular Air,Restaurant Chain,Canned Foods,Quail Eggs,Small Box,Bihar,Sitamarhi,North,India,2010-09-14,2010-09-16,24.018,3,125.19
High,0.0001,387.99,19.99,Regular Air,Hotels / Hospitals,Processed Meat,Bacon,Small Box,Andhra Pradesh,Rajahmundry,South,India,2010-09-16,2010-09-17,-70.14,23,9280.72
High,0.1,10.98,3.99,Regular Air,Hotels / Hospitals,Processed Meat,Jelly Fish,Small Box,Andhra Pradesh,Vijayawada,South,India,2010-09-17,2010-09-24,-21.03,5,52.21
Low,0.01,39.98,9.2,Regular Air,Hotels / Hospitals,Preserved Food,Marmalade,Wrap Bag,Andhra Pradesh,Vijayawada,South,India,2010-09-17,2010-09-19,117.52079999999998,4,170.32
High,0.05,14.56,3.5,Regular Air,Stand Alone Restaurants,Processed Meat,Jelly Fish,Small Box,West Bengal,Ghatal,East,India,2010-09-19,2010-09-21,-8.53,3,44.66
Critical,0.0001,299.99,11.64,Regular Air,Stand Alone Restaurants,Canned Foods,Wild Berry,Large Box,West Bengal,Ghatal,East,India,2010-09-19,2010-09-21,285.95,5,1619.95
High,0.06,6.48,5.14,Express Air,Restaurant Chain,Processed Meat,Smoked Salmon,Small Box,Bihar,Ara,North,India,2010-09-19,2010-09-21,-28.45,10,68.34
High,0.05,4.98,0.49,Regular Air,Personel Usage,Processed Meat,Oysters (Clam),Small Box,Telangana,Nizamabad,South,India,2010-09-19,2010-09-19,3.84,3,14.2
High,0.04,39.48,1.99,Express Air,Hotels / Hospitals,Canned Foods,Assorted Fruits,Small Pack,Uttar Pradesh,Pilibhit,North,India,2010-09-19,2010-09-19,-1535.4864000000002,8,332.16
High,0.0001,8.12,2.83,Regular Air,Hotels / Hospitals,Canned Foods,Assorted Fruits,Small Pack,Uttar Pradesh,Pilibhit,North,India,2010-09-19,2010-09-20,-159.32,17,147.62
High,0.04,3.08,0.99,Regular Air,Restaurant Chain,Processed Meat,Oysters (Clam),Small Box,Maharashtra,Thane,West,India,2010-09-20,2010-09-21,13.799999999999999,19,60.01
High,0.02,6.48,5.9,Regular Air,Restaurant Chain,Processed Meat,Smoked Salmon,Small Box,Maharashtra,Thane,West,India,2010-09-20,2010-09-21,4.3919999999999995,13,90.98
Critical,0.04,125.99,4.2,Regular Air,Restaurant Chain,Canned Foods,Quail Eggs,Small Box,Maharashtra,Thane,West,India,2010-09-20,2010-09-22,-236.25,12,1270.7
High,0.09,2.88,0.99,Regular Air,Hotels / Hospitals,Processed Meat,Oysters (Clam),Small Box,Maharashtra,Dhule,West,India,2010-09-21,2010-09-23,-145.082,10,28.73
High,0.09,4.91,0.5,Regular Air,Hotels / Hospitals,Processed Meat,Oysters (Clam),Small Box,West Bengal,Balurghat,East,India,2010-09-22,2010-09-23,28.8558,9,41.82
High,0.01,296.18,54.12,Delivery Truck,Hotels / Hospitals,Preserved Food,Jams,Jumbo Box,West Bengal,Balurghat,East,India,2010-09-22,2010-09-25,173.48,9,2875.72
High,0.1,20.27,3.99,Regular Air,Hotels / Hospitals,Processed Meat,Jelly Fish,Small Box,Andhra Pradesh,Vishakhapatnam,South,India,2010-09-23,2010-09-24,381.61799999999994,13,257.92
Critical,0.06,17.98,4.0,Regular Air,Personel Usage,Canned Foods,Assorted Fruits,Small Box,Tamil Nadu,Ramanathapuram,South,India,2010-09-24,2010-09-25,-78.13,4,70.06
Critical,0.06,200.97,15.59,Delivery Truck,Stand Alone Restaurants,Canned Foods,Sliced Pineapple,Jumbo Drum,Andhra Pradesh,Rajahmundry,South,India,2010-09-25,2010-09-25,531.6179999999999,7,1348.83
Not Specified,0.04,4.98,4.62,Regular Air,Stand Alone Restaurants,Canned Foods,Assorted Fruits,Small Pack,Madhya Pradesh,Tikamgarh,West,India,2010-09-25,2010-09-26,-135.16,20,102.54
Critical,0.01,50.98,6.5,Regular Air,Restaurant Chain,Canned Foods,Assorted Fruits,Small Box,Orissa,Bargarh,East,India,2010-09-26,2010-09-27,5.3397,16,818.49
High,0.0001,19.98,5.97,Express Air,Hotels / Hospitals,Processed Meat,Smoked Salmon,Small Box,Karnataka,Mysore,South,India,2010-09-26,2010-09-29,-189.714,12,249.07
High,0.1,9.85,4.82,Regular Air,Hotels / Hospitals,Processed Meat,Foie Gras,Wrap Bag,Jharkhand,Chatra,North,India,2010-09-27,2010-09-28,374.904,12,114.91
Critical,0.04,125.99,7.69,Regular Air,Hotels / Hospitals,Canned Foods,Quail Eggs,Small Box,Jharkhand,Chatra,North,India,2010-09-27,2010-09-28,-528.836,9,934.52
High,0.06,363.25,19.99,Regular Air,Stand Alone Restaurants,Processed Meat,Jelly Fish,Small Box,Jharkhand,Khunti,North,India,2010-09-28,2010-09-30,36.1641,1,344.87
High,0.01,99.23,8.99,Regular Air,Hotels / Hospitals,Preserved Food,Marmalade,Small Pack,West Bengal,Asansol,East,India,2010-09-29,2010-10-02,-87.46,1,99.22
High,0.01,65.99,8.99,Regular Air,Personel Usage,Canned Foods,Quail Eggs,Small Box,Kerala,Trivandrum,South,India,2010-09-29,2010-10-01,97.86,5,292.23
High,0.04,21.38,8.99,Regular Air,Hotels / Hospitals,Processed Meat,Foie Gras,Small Pack,Uttar Pradesh,Agra,North,India,2010-09-30,2010-09-30,-51.66,21,443.66
High,0.07,6.54,5.27,Regular Air,Hotels / Hospitals,Processed Meat,Bacon,Small Box,Madhya Pradesh,Dewas,West,India,2010-09-30,2010-10-01,-66.0445,21,140.3
High,0.09,3.29,1.35,Regular Air,Hotels / Hospitals,Processed Meat,Tuna,Wrap Bag,Madhya Pradesh,Guna,West,India,2010-09-30,2010-10-01,15.66,23,71.55
Low,0.03,65.99,5.26,Regular Air,Restaurant Chain,Canned Foods,Quail Eggs,Small Box,Gujarat,Dahod,West,India,2010-09-30,2010-10-09,-52.248000000000005,23,1316.03
Not Specified,0.03,300.98,54.92,Delivery Truck,Hotels / Hospitals,Preserved Food,Pickle,Jumbo Box,West Bengal,Tamluk,East,India,2010-10-02,2010-10-04,1272.5808,12,3527.82
Not Specified,0.02,2550.14,29.7,Delivery Truck,Hotels / Hospitals,Canned Foods,Sliced Pineapple,Jumbo Drum,West Bengal,Tamluk,East,India,2010-10-02,2010-10-04,-5390.738892,2,4698.21
High,0.1,10.44,5.75,Express Air,Restaurant Chain,Processed Meat,Bacon,Small Box,Rajasthan,Jaipur,West,India,2010-10-04,2010-10-11,125.72399999999999,17,168.04
High,0.07,5.18,5.74,Express Air,Hotels / Hospitals,Processed Meat,Bacon,Small Box,Kerala,Trivandrum,South,India,2010-10-06,2010-10-08,-188.034,14,79.61
High,0.01,2.89,0.5,Regular Air,Hotels / Hospitals,Processed Meat,Oysters (Clam),Small Box,Andhra Pradesh,Nandyal,South,India,2010-10-06,2010-10-07,29.725199999999997,14,43.08
Critical,0.0001,55.99,5.0,Regular Air,Hotels / Hospitals,Canned Foods,Quail Eggs,Small Pack,Andhra Pradesh,Nandyal,South,India,2010-10-06,2010-10-08,-187.11,5,258.93
High,0.1,65.99,3.99,Express Air,Stand Alone Restaurants,Canned Foods,Quail Eggs,Small Box,Maharashtra,Sangli,West,India,2010-10-07,2010-10-09,-88.62480000000001,5,272.86
High,0.05,35.89,14.72,Regular Air,Restaurant Chain,Processed Meat,Caviar,Small Box,Bihar,Bhagalpur,North,India,2010-10-08,2010-10-09,22.866,19,680.39
High,0.0001,11.48,5.43,Regular Air,Restaurant Chain,Processed Meat,Smoked Salmon,Small Box,Bihar,Bhagalpur,North,India,2010-10-08,2010-10-08,115.728,6,75.52
High,0.08,4.91,0.5,Regular Air,Personel Usage,Processed Meat,Oysters (Clam),Small Box,Madhya Pradesh,Rewa,West,India,2010-10-09,2010-10-09,31.752,36,170.75
High,0.02,28.15,6.17,Regular Air,Personel Usage,Processed Meat,Foie Gras,Small Pack,Madhya Pradesh,Rewa,West,India,2010-10-09,2010-10-10,117.208,45,1339.42
High,0.06,8.57,6.14,Regular Air,Restaurant Chain,Processed Meat,Pacific Squid,Small Pack,West Bengal,Baharampur,East,India,2010-10-09,2010-10-10,105.678,11,94.97
Not Specified,0.08,100.97,14.0,Delivery Truck,Restaurant Chain,Canned Foods,Sliced Pineapple,Jumbo Drum,Karnataka,Bijapur,South,India,2010-10-09,2010-10-10,-73.49411999999994,15,1483.16
Low,0.09,19.23,6.15,Express Air,Hotels / Hospitals,Preserved Food,Marmalade,Small Pack,Orissa,Koraput,East,India,2010-10-11,2010-10-13,211.232,21,394.1
High,0.03,6.68,1.5,Regular Air,Hotels / Hospitals,Processed Meat,Foie Gras,Wrap Bag,Uttar Pradesh,Moradabad,North,India,2010-10-12,2010-10-13,-577.3040000000001,7,48.32
High,0.01,4.98,7.44,Regular Air,Hotels / Hospitals,Processed Meat,Smoked Salmon,Small Box,Madhya Pradesh,Rewa,West,India,2010-10-15,2010-10-24,-179.59199999999998,63,330.21
High,0.01,4.98,7.44,Regular Air,Hotels / Hospitals,Processed Meat,Smoked Salmon,Small Box,Tamil Nadu,Chidambaram,South,India,2010-10-15,2010-10-24,-161.6328,16,83.86
High,0.02,25.99,5.37,Regular Air,Restaurant Chain,Processed Meat,Foie Gras,Small Box,Himachal Pradesh,Hamirpur,North,India,2010-10-15,2010-10-17,-88.158,9,243.24
High,0.0001,12.2,6.02,Express Air,Restaurant Chain,Preserved Food,Marmalade,Small Pack,Bihar,Banka,North,India,2010-10-17,2010-10-18,-172.298,4,56.24
Critical,0.01,128.24,12.65,Regular Air,Hotels / Hospitals,Preserved Food,Sundried Tomatoes,Medium Box,Chhattisgarh,Rajnandgaon,North,India,2010-10-18,2010-10-21,140.1354,4,554.08
Critical,0.05,159.99,5.5,Regular Air,Personel Usage,Canned Foods,Assorted Fruits,Small Box,Uttar Pradesh,Basti,North,India,2010-10-19,2010-10-21,12.264000000000001,23,3600.65
High,0.01,155.99,8.99,Express Air,Hotels / Hospitals,Canned Foods,Quail Eggs,Small Box,Uttar Pradesh,Baghpat,North,India,2010-10-19,2010-10-20,-219.07908,5,675.83
High,0.01,5.98,5.46,Regular Air,Hotels / Hospitals,Processed Meat,Smoked Salmon,Small Box,Uttar Pradesh,Bahraich,North,India,2010-10-19,2010-10-21,-18.8784,4,28.0
High,0.1,4.24,5.41,Regular Air,Hotels / Hospitals,Processed Meat,Bacon,Small Box,Karnataka,Belgaum,South,India,2010-10-19,2010-10-23,-61.6,8,34.16
High,0.0001,65.99,5.99,Express Air,Stand Alone Restaurants,Canned Foods,Quail Eggs,Small Box,Kerala,Kasaragod,South,India,2010-10-20,2010-10-22,313.812,14,798.89
Medium,0.0001,170.98,35.89,Delivery Truck,Personel Usage,Preserved Food,Pickle,Jumbo Box,Telangana,Mahbubnagar,South,India,2010-10-20,2010-10-21,-102.662,8,1452.18
High,0.08,4.98,0.49,Regular Air,Hotels / Hospitals,Processed Meat,Oysters (Clam),Small Box,Telangana,Khammam,South,India,2010-10-21,2010-10-22,4949.916,1,4.95
High,0.09,119.99,14.0,Delivery Truck,Hotels / Hospitals,Canned Foods,Sliced Pineapple,Jumbo Drum,Telangana,Khammam,South,India,2010-10-21,2010-10-23,1055.6039999999998,4,461.24
High,0.0001,15.99,13.18,Regular Air,Hotels / Hospitals,Processed Meat,Bacon,Small Box,Maharashtra,Palghar,West,India,2010-10-21,2010-10-25,46.488,23,403.25
High,0.04,2.52,1.92,Regular Air,Restaurant Chain,Processed Meat,Pacific Squid,Wrap Bag,Andhra Pradesh,Srikakulam,South,India,2010-10-24,2010-10-24,-8.208,1,3.13
High,0.07,5.58,1.99,Regular Air,Personel Usage,Processed Meat,Foie Gras,Wrap Bag,Chhattisgarh,Durg,North,India,2010-10-24,2010-10-26,23.046,23,121.46
High,0.05,3.14,1.92,Express Air,Restaurant Chain,Processed Meat,Pacific Squid,Wrap Bag,Karnataka,Mysore,South,India,2010-10-25,2010-10-26,1628.37,18,59.22
High,0.0001,4.37,5.15,Regular Air,Personel Usage,Processed Meat,Jelly Fish,Small Box,Gujarat,Bhavnagar,West,India,2010-10-25,2010-10-27,-150.2604,19,87.85
Critical,0.01,500.98,56.0,Delivery Truck,Personel Usage,Preserved Food,Sundried Tomatoes,Jumbo Drum,Gujarat,Bhavnagar,West,India,2010-10-25,2010-10-26,4899.1288,14,7429.63
Critical,0.02,12.58,5.16,Regular Air,Personel Usage,Preserved Food,Marmalade,Small Box,Gujarat,Bhavnagar,West,India,2010-10-25,2010-10-25,44.712,18,224.29
Critical,0.1,7.7,3.68,Regular Air,Personel Usage,Preserved Food,Marmalade,Wrap Bag,Gujarat,Bhavnagar,West,India,2010-10-25,2010-10-26,-22.626,7,51.2
Not Specified,0.0001,125.99,8.99,Regular Air,Stand Alone Restaurants,Canned Foods,Quail Eggs,Small Box,West Bengal,Barasat,East,India,2010-10-27,2010-10-29,613.89576,12,1362.2
High,0.1,48.91,5.97,Regular Air,Hotels / Hospitals,Processed Meat,Smoked Salmon,Small Box,Rajasthan,Alwar,West,India,2010-10-28,2010-10-30,156.74339999999998,14,618.96
High,0.08,5.98,5.46,Regular Air,Hotels / Hospitals,Processed Meat,Smoked Salmon,Small Box,Rajasthan,Alwar,West,India,2010-10-28,2010-10-28,110.118,13,77.54
High,0.06,5.38,5.24,Express Air,Personel Usage,Processed Meat,Bacon,Small Box,Tamil Nadu,Ramanathapuram,South,India,2010-10-29,2010-10-31,-64.67094,14,81.82
High,0.03,7.35,5.96,Regular Air,Personel Usage,Processed Meat,Smoked Salmon,Small Box,Tamil Nadu,Ramanathapuram,South,India,2010-10-29,2010-10-31,-11.113199999999999,1,13.16
High,0.02,15.57,1.39,Regular Air,Personel Usage,Processed Meat,Caviar,Small Box,Tamil Nadu,Pollachi,South,India,2010-10-29,2010-10-30,23.5428,3,46.23
High,0.02,20.89,11.52,Regular Air,Personel Usage,Processed Meat,Fresh Water Eel,Small Box,Tamil Nadu,Pollachi,South,India,2010-10-29,2010-10-30,-276.1128,13,279.28
Medium,0.03,35.99,5.0,Regular Air,Stand Alone Restaurants,Canned Foods,Quail Eggs,Small Box,Orissa,Cuttack,East,India,2010-10-29,2010-10-30,-184.548,3,93.82
High,0.02,28.53,1.49,Regular Air,Restaurant Chain,Processed Meat,Bacon,Small Box,Maharashtra,Solapur,West,India,2010-10-29,2010-10-29,1.9919999999999998,18,513.33
High,0.1,1.6,1.29,Regular Air,Restaurant Chain,Processed Meat,Foie Gras,Wrap Bag,Jharkhand,Jamshedpur,North,India,2010-10-30,2010-10-30,-14.990400000000001,11,16.88
High,0.06,3.6,2.2,Regular Air,Personel Usage,Processed Meat,Smoked Salmon,Wrap Bag,Rajasthan,Pali,West,India,2010-10-30,2010-11-02,2755.6422000000002,4,15.19
High,0.06,1.26,0.7,Regular Air,Hotels / Hospitals,Processed Meat,Tuna,Wrap Bag,Haryana,Rohtak,North,India,2010-10-31,2010-10-31,-6.6096,4,5.28
High,0.03,13.48,4.51,Express Air,Personel Usage,Processed Meat,Fresh Water Eel,Small Box,Rajasthan,Pali,West,India,2010-10-31,2010-11-04,-256.01800000000003,4,59.49
High,0.04,8.6,6.19,Regular Air,Restaurant Chain,Processed Meat,Bacon,Small Box,Punjab,Faridkot,West,India,2010-11-02,2010-11-04,309.7116,5,46.85
High,0.01,3.58,1.63,Regular Air,Restaurant Chain,Processed Meat,Tuna,Wrap Bag,Punjab,Faridkot,West,India,2010-11-02,2010-11-06,-128.856,26,93.57
Low,0.08,105.49,41.64,Delivery Truck,Restaurant Chain,Preserved Food,Jams,Jumbo Box,Punjab,Faridkot,West,India,2010-11-02,2010-11-09,-36.946,34,2694.49
Not Specified,0.04,4.14,6.6,Regular Air,Hotels / Hospitals,Preserved Food,Marmalade,Small Box,Kerala,Trichur,South,India,2010-11-02,2010-11-04,8.894000000000005,12,54.78
High,0.0001,230.98,23.78,Delivery Truck,Stand Alone Restaurants,Preserved Food,Jams,Jumbo Box,Uttar Pradesh,Shahjahanpur,North,India,2010-11-05,2010-11-07,6095.860199999999,36,8834.58
Not Specified,0.05,20.99,3.3,Regular Air,Hotels / Hospitals,Canned Foods,Quail Eggs,Small Pack,Madhya Pradesh,Khajuraho,West,India,2010-11-05,2010-11-06,21.883400000000023,4,72.75
High,0.02,15.14,4.53,Regular Air,Stand Alone Restaurants,Processed Meat,Fresh Water Eel,Small Box,Punjab,Sangrur,West,India,2010-11-05,2010-11-06,5.8840000000000074,3,51.02
High,0.08,3.69,0.5,Regular Air,Stand Alone Restaurants,Processed Meat,Oysters (Clam),Small Box,Chhattisgarh,Kanker,North,India,2010-11-07,2010-11-10,-3.6547,38,129.43
Low,0.09,243.98,43.32,Delivery Truck,Stand Alone Restaurants,Preserved Food,Sundried Tomatoes,Jumbo Drum,Orissa,Jajapur,East,India,2010-11-08,2010-11-13,1059.288,25,5587.89
High,0.03,17.48,1.99,Regular Air,Hotels / Hospitals,Canned Foods,Assorted Fruits,Small Pack,Karnataka,Koppal,South,India,2010-11-10,2010-11-11,710.8073999999999,31,537.8
High,0.0001,99.99,19.99,Regular Air,Personel Usage,Canned Foods,Sliced Pineapple,Small Box,Tamil Nadu,Tiruchchirappalli,South,India,2010-11-10,2010-11-11,25.913820000000015,6,647.07
Critical,0.07,152.48,6.5,Regular Air,Stand Alone Restaurants,Canned Foods,Assorted Fruits,Small Box,Maharashtra,Solapur,West,India,2010-11-14,2010-11-16,171.8388,35,5062.49
High,0.1,8.17,1.69,Regular Air,Hotels / Hospitals,Processed Meat,Smoked Salmon,Wrap Bag,Uttar Pradesh,Mathura,North,India,2010-11-16,2010-11-16,100.2984,19,145.36
Critical,0.03,110.99,2.5,Regular Air,Hotels / Hospitals,Canned Foods,Quail Eggs,Small Box,Uttar Pradesh,Mathura,North,India,2010-11-16,2010-11-18,2495.3988,38,3616.52
Not Specified,0.1,7.37,5.53,Regular Air,Personel Usage,Canned Foods,Assorted Fruits,Small Pack,Jharkhand,Giridih,North,India,2010-11-16,2010-11-16,290.202,38,269.33
High,0.04,18.97,9.54,Regular Air,Stand Alone Restaurants,Processed Meat,Smoked Salmon,Small Box,Rajasthan,Sikar,West,India,2010-11-16,2010-11-17,3.0400000000000027,5,101.74
High,0.09,10.98,3.37,Regular Air,Stand Alone Restaurants,Processed Meat,Pacific Squid,Small Pack,Rajasthan,Sikar,West,India,2010-11-16,2010-11-17,2.7060000000000013,8,84.52
High,0.1,1.89,0.76,Regular Air,Personel Usage,Processed Meat,Tuna,Wrap Bag,Rajasthan,Bharatpur,West,India,2010-11-18,2010-11-20,-40.432,20,36.72
High,0.07,155.06,7.07,Regular Air,Personel Usage,Processed Meat,Fresh Water Eel,Small Box,Madhya Pradesh,Rewa,West,India,2010-11-19,2010-11-19,-121.75,14,2039.07
High,0.1,4.26,1.2,Regular Air,Personel Usage,Processed Meat,Foie Gras,Wrap Bag,Madhya Pradesh,Rewa,West,India,2010-11-20,2010-11-21,15.42,88,351.56
Critical,0.09,58.14,36.61,Delivery Truck,Hotels / Hospitals,Preserved Food,Pickle,Jumbo Box,Tamil Nadu,Tenkasi,South,India,2010-11-20,2010-11-21,187.41200000000026,39,2115.06
High,0.1,218.75,69.64,Delivery Truck,Hotels / Hospitals,Preserved Food,Jams,Jumbo Box,Tamil Nadu,Coimbatore,South,India,2010-11-20,2010-11-21,62.297999999999995,17,2805.18
Low,0.02,27.48,4.0,Regular Air,Personel Usage,Canned Foods,Assorted Fruits,Small Box,Assam,Abhayapuri,East,India,2010-11-20,2010-11-27,19.30800000000002,3,87.21
High,0.08,10.06,2.06,Regular Air,Personel Usage,Processed Meat,Smoked Salmon,Wrap Bag,Assam,Abhayapuri,East,India,2010-11-20,2010-11-24,0.3299999999999969,4,40.15
Low,0.09,50.98,6.5,Regular Air,Restaurant Chain,Canned Foods,Assorted Fruits,Small Box,Gujarat,Dahod,West,India,2010-11-21,2010-11-28,70.17599999999999,28,1395.41
High,0.07,1.68,1.57,Regular Air,Hotels / Hospitals,Processed Meat,Foie Gras,Wrap Bag,Uttar Pradesh,Baghpat,North,India,2010-11-22,2010-11-23,-35.75,116,186.59
High,0.01,2.16,6.05,Regular Air,Hotels / Hospitals,Processed Meat,Bacon,Small Box,Kerala,Trivandrum,South,India,2010-11-23,2010-11-25,395.76,24,58.05
High,0.07,21.38,8.99,Regular Air,Hotels / Hospitals,Processed Meat,Foie Gras,Small Pack,Kerala,Malappuram,South,India,2010-11-23,2010-11-25,-39.396,3,68.64
Critical,0.07,124.49,51.94,Delivery Truck,Hotels / Hospitals,Preserved Food,Jams,Jumbo Box,Karnataka,Tumkur,South,India,2010-11-24,2010-11-25,74.99200000000008,14,1714.93
Low,0.09,125.99,8.99,Regular Air,Personel Usage,Canned Foods,Quail Eggs,Small Box,Punjab,Jalandhar,West,India,2010-11-25,2010-12-02,916.6806000000001,20,2104.99
High,0.02,5.58,2.99,Regular Air,Personel Usage,Processed Meat,Bacon,Small Box,Bihar,Jamui,North,India,2010-11-26,2010-11-28,689.328,42,236.83
High,0.02,54.1,19.99,Regular Air,Personel Usage,Processed Meat,Fresh Water Eel,Small Box,Bihar,Jamui,North,India,2010-11-26,2010-11-27,-33.586,36,1944.87
High,0.05,165.2,19.99,Regular Air,Restaurant Chain,Processed Meat,Fresh Water Eel,Small Box,Madhya Pradesh,Rewa,West,India,2010-11-29,2010-11-29,2008.71,167,27587.55
High,0.09,17.99,8.65,Regular Air,Restaurant Chain,Processed Meat,Foie Gras,Small Box,Madhya Pradesh,Rewa,West,India,2010-11-29,2010-11-29,-80.53,71,1191.58
High,0.0001,24.92,12.98,Regular Air,Personel Usage,Processed Meat,Bacon,Small Box,Jharkhand,Giridih,North,India,2010-12-02,2010-12-02,-23.156,1,32.66
High,0.09,5.98,1.67,Regular Air,Stand Alone Restaurants,Processed Meat,Foie Gras,Wrap Bag,Madhya Pradesh,Rewa,West,India,2010-12-04,2010-12-07,23.87,81,448.26
High,0.09,35.94,6.66,Regular Air,Restaurant Chain,Processed Meat,Caviar,Small Box,Bihar,Jhanjharpur,North,India,2010-12-05,2010-12-10,72.1858,24,836.47
High,0.09,4.98,7.44,Regular Air,Restaurant Chain,Processed Meat,Smoked Salmon,Small Box,Bihar,Jhanjharpur,North,India,2010-12-05,2010-12-07,-122.3733,37,189.83
Medium,0.0001,49.99,19.99,Regular Air,Hotels / Hospitals,Canned Foods,Assorted Fruits,Small Box,Bihar,Siwan,North,India,2010-12-06,2010-12-08,38.885999999999996,16,832.97
Medium,0.05,119.99,56.14,Delivery Truck,Personel Usage,Canned Foods,Sliced Pineapple,Jumbo Box,Maharashtra,Wardha,West,India,2010-12-09,2010-12-11,-102.5121,6,730.37
Medium,0.1,280.98,35.67,Delivery Truck,Restaurant Chain,Preserved Food,Jams,Jumbo Box,Jharkhand,Dhanbad,North,India,2010-12-10,2010-12-11,-53.745,5,1332.82
High,0.06,6.68,6.93,Regular Air,Hotels / Hospitals,Processed Meat,Smoked Salmon,Small Box,Tamil Nadu,Sriperumbudur,South,India,2010-12-12,2010-12-13,7.624499999999999,14,91.92
Not Specified,0.02,500.98,26.0,Delivery Truck,Restaurant Chain,Preserved Food,Sundried Tomatoes,Jumbo Drum,Uttar Pradesh,Bahraich,North,India,2010-12-13,2010-12-15,4390.3665,12,6362.85
High,0.03,2.61,0.5,Regular Air,Personel Usage,Processed Meat,Oysters (Clam),Small Box,Uttar Pradesh,Sultanpur,North,India,2010-12-14,2010-12-15,4.0443,7,19.02
High,0.01,11.66,7.95,Regular Air,Personel Usage,Processed Meat,Foie Gras,Small Pack,Uttar Pradesh,Sultanpur,North,India,2010-12-14,2010-12-15,-10.368400000000001,16,193.87
High,0.0001,1.48,0.7,Regular Air,Restaurant Chain,Processed Meat,Tuna,Wrap Bag,Punjab,Ludhiana,West,India,2010-12-15,2010-12-17,-203.09799999999998,12,19.32
Critical,0.03,41.32,58.66,Express Air,Stand Alone Restaurants,Preserved Food,Marmalade,Medium Box,West Bengal,Krishnanagar,East,India,2010-12-16,2010-12-17,-32.816,10,419.27
High,0.0001,6.88,2.0,Regular Air,Stand Alone Restaurants,Processed Meat,Smoked Salmon,Wrap Bag,West Bengal,Krishnanagar,East,India,2010-12-16,2010-12-16,-15.61,5,36.0
High,0.09,2.6,2.4,Regular Air,Restaurant Chain,Processed Meat,Foie Gras,Wrap Bag,Himachal Pradesh,Shimla,North,India,2010-12-17,2010-12-19,1107.408,12,31.73
Medium,0.08,124.49,51.94,Delivery Truck,Hotels / Hospitals,Preserved Food,Jams,Jumbo Box,Madhya Pradesh,Rewa,West,India,2010-12-18,2010-12-19,-500.38,56,6831.37
Medium,0.08,124.49,51.94,Delivery Truck,Hotels / Hospitals,Preserved Food,Jams,Jumbo Box,Tamil Nadu,Chidambaram,South,India,2010-12-18,2010-12-19,-250.19,14,1707.84
Low,0.1,39.98,4.0,Regular Air,Stand Alone Restaurants,Canned Foods,Assorted Fruits,Small Box,Kerala,Trivandrum,South,India,2010-12-18,2010-12-22,360.24,21,772.56
Critical,0.04,15.98,4.0,Regular Air,Hotels / Hospitals,Canned Foods,Assorted Fruits,Small Box,Andhra Pradesh,Bapatla,South,India,2010-12-18,2010-12-19,-19.208000000000002,4,64.59
High,0.06,22.84,5.47,Regular Air,Hotels / Hospitals,Processed Meat,Smoked Salmon,Small Box,Andhra Pradesh,Bapatla,South,India,2010-12-18,2010-12-20,7.4399999999999995,20,461.94
Low,0.09,30.98,6.5,Express Air,Personel Usage,Canned Foods,Assorted Fruits,Small Box,West Bengal,Ghatal,East,India,2010-12-18,2010-12-22,-55.97,7,204.34
High,0.09,40.98,6.5,Regular Air,Personel Usage,Canned Foods,Assorted Fruits,Small Box,Madhya Pradesh,Shahdol,West,India,2010-12-19,2010-12-21,-50.245,19,746.91
Critical,0.02,1360.14,14.7,Delivery Truck,Personel Usage,Canned Foods,Sliced Pineapple,Jumbo Drum,Uttar Pradesh,Ghaziabad,North,India,2010-12-20,2010-12-22,3042.18,6,8637.44
High,0.02,9.06,9.86,Regular Air,Personel Usage,Processed Meat,Smoked Salmon,Small Box,Uttar Pradesh,Ghaziabad,North,India,2010-12-20,2010-12-22,-31.755,6,59.95
High,0.03,15.28,1.99,Regular Air,Hotels / Hospitals,Canned Foods,Assorted Fruits,Small Pack,Haryana,Sonipat,North,India,2010-12-21,2010-12-23,-266.68600000000004,19,290.98
High,0.09,1.76,0.7,Regular Air,Hotels / Hospitals,Processed Meat,Foie Gras,Wrap Bag,Haryana,Sonipat,North,India,2010-12-21,2010-12-24,-12.277999999999999,13,21.77
High,0.01,7.1,6.05,Regular Air,Stand Alone Restaurants,Processed Meat,Bacon,Small Box,Kerala,Kasaragod,South,India,2010-12-24,2010-12-25,-39.18625,18,133.19
High,0.05,18.97,9.03,Regular Air,Stand Alone Restaurants,Processed Meat,Smoked Salmon,Small Box,Kerala,Kasaragod,South,India,2010-12-24,2010-12-25,-1.89,5,97.33
High,0.08,3.69,2.5,Regular Air,Stand Alone Restaurants,Processed Meat,Caviar,Small Box,Uttar Pradesh,Gorakhpur,North,India,2010-12-25,2010-12-30,-139.07600000000002,9,31.98
High,0.05,5.98,5.46,Regular Air,Hotels / Hospitals,Processed Meat,Smoked Salmon,Small Box,Tamil Nadu,Theni,South,India,2010-12-27,2010-12-27,-31.885,17,104.95
Not Specified,0.01,65.99,3.99,Regular Air,Hotels / Hospitals,Canned Foods,Quail Eggs,Small Box,Tamil Nadu,Tirunelveli,South,India,2010-12-27,2010-12-28,-95.21050000000001,3,166.59
Critical,0.03,4.98,4.62,Express Air,Hotels / Hospitals,Canned Foods,Assorted Fruits,Small Pack,Assam,Kokrajhar,East,India,2010-12-28,2010-12-29,-30.45,8,44.24
High,0.08,5.84,1.0,Express Air,Stand Alone Restaurants,Processed Meat,Foie Gras,Wrap Bag,Chhattisgarh,Kanker,North,India,2010-12-29,2011-01-03,731.9219999999999,11,61.39
Low,0.0001,205.99,8.99,Regular Air,Stand Alone Restaurants,Canned Foods,Quail Eggs,Small Box,Chhattisgarh,Kanker,North,India,2010-12-29,2011-01-02,186.558,13,2435.52
High,0.01,3.58,5.47,Regular Air,Hotels / Hospitals,Processed Meat,Bacon,Small Box,Orissa,Sambalpur,East,India,2011-01-01,2011-01-05,-60.34,11,42.37
Low,0.09,41.32,8.66,Regular Air,Hotels / Hospitals,Preserved Food,Marmalade,Medium Box,Orissa,Sambalpur,East,India,2011-01-01,2011-01-03,120.318,3,121.93
Low,0.02,145.45,17.85,Delivery Truck,Hotels / Hospitals,Canned Foods,Sliced Pineapple,Jumbo Drum,Orissa,Sambalpur,East,India,2011-01-01,2011-01-05,-125.09,7,1012.07
Medium,0.09,204.1,13.99,Express Air,Personel Usage,Canned Foods,Sliced Pineapple,Medium Box,Andhra Pradesh,Guntur,South,India,2011-01-01,2011-01-03,-71.176,2,397.7
Critical,0.07,20.99,4.81,Regular Air,Stand Alone Restaurants,Canned Foods,Quail Eggs,Medium Box,Bihar,Jhanjharpur,North,India,2011-01-02,2011-01-03,1292.598,11,198.19
High,0.02,6.48,6.35,Regular Air,Personel Usage,Processed Meat,Smoked Salmon,Small Box,Uttar Pradesh,Rae Bareli,North,India,2011-01-03,2011-01-05,-1.722,11,73.57
High,0.06,5.84,1.0,Regular Air,Personel Usage,Processed Meat,Foie Gras,Wrap Bag,Uttar Pradesh,Rae Bareli,North,India,2011-01-03,2011-01-04,-160.8684,6,33.53
High,0.04,24.98,8.79,Regular Air,Personel Usage,Processed Meat,Fresh Water Eel,Small Box,Uttar Pradesh,Rae Bareli,North,India,2011-01-03,2011-01-03,51.306000000000004,10,246.75
High,0.06,5.28,3.96,Regular Air,Stand Alone Restaurants,Preserved Food,Marmalade,Wrap Bag,Bihar,Madhubani,North,India,2011-01-06,2011-01-07,-57.8832,9,46.58
Low,0.01,13.99,7.51,Regular Air,Hotels / Hospitals,Canned Foods,Sliced Pineapple,Medium Box,Bihar,Araria,North,India,2011-01-08,2011-01-08,-6.008916,8,115.94
Low,0.05,599.99,24.49,Regular Air,Hotels / Hospitals,Canned Foods,Wild Berry,Large Box,Uttar Pradesh,Baghpat,North,India,2011-01-09,2011-01-13,5049.8892,12,7318.68
Low,0.05,20.97,6.5,Regular Air,Hotels / Hospitals,Canned Foods,Assorted Fruits,Small Box,Rajasthan,Nagaur,West,India,2011-01-10,2011-01-10,-211.8788,10,206.82
High,0.1,6.68,6.92,Regular Air,Stand Alone Restaurants,Processed Meat,Smoked Salmon,Small Box,Karnataka,Bellary,South,India,2011-01-10,2011-01-12,-58.28,3,19.77
High,0.0001,12.97,1.49,Regular Air,Restaurant Chain,Processed Meat,Bacon,Small Box,Madhya Pradesh,Rewa,West,India,2011-01-11,2011-01-13,58.46640000000001,27,360.7
High,0.01,180.98,55.24,Delivery Truck,Stand Alone Restaurants,Processed Meat,Jelly Fish,Jumbo Drum,Tamil Nadu,Salem,South,India,2011-01-11,2011-01-13,45.3948,3,590.2
Medium,0.08,29.18,8.55,Express Air,Stand Alone Restaurants,Preserved Food,Marmalade,Small Box,Tamil Nadu,Salem,South,India,2011-01-11,2011-01-12,224.9193,12,325.97
High,0.08,68.81,60.0,Delivery Truck,Restaurant Chain,Processed Meat,Jelly Fish,Jumbo Drum,Uttar Pradesh,Lucknow,North,India,2011-01-12,2011-01-12,-500.6376,4,281.88
High,0.1,172.99,19.99,Regular Air,Stand Alone Restaurants,Processed Meat,Bacon,Small Box,Tamil Nadu,Tenkasi,South,India,2011-01-13,2011-01-15,1442.031,13,2089.9
High,0.0001,1.48,0.7,Regular Air,Personel Usage,Processed Meat,Tuna,Wrap Bag,Madhya Pradesh,Shahdol,West,India,2011-01-14,2011-01-15,8.9908,12,18.83
High,0.02,6.48,8.19,Regular Air,Restaurant Chain,Processed Meat,Smoked Salmon,Small Box,Maharashtra,Satara,West,India,2011-01-15,2011-01-15,64.026,3,22.46
High,0.09,5.8,5.59,Regular Air,Hotels / Hospitals,Processed Meat,Bacon,Small Box,Andhra Pradesh,Ongole,South,India,2011-01-16,2011-01-17,-332.45799999999997,7,40.67
High,0.04,10.35,0.99,Regular Air,Hotels / Hospitals,Processed Meat,Oysters (Clam),Small Box,Andhra Pradesh,Ongole,South,India,2011-01-16,2011-01-17,-87.122,3,30.7
Not Specified,0.01,200.98,23.76,Delivery Truck,Restaurant Chain,Preserved Food,Sundried Tomatoes,Jumbo Drum,Tamil Nadu,Tiruppur,South,India,2011-01-18,2011-01-20,-99.15039999999999,1,220.83
High,0.07,142.86,19.99,Regular Air,Restaurant Chain,Processed Meat,Fresh Water Eel,Small Box,Madhya Pradesh,Rewa,West,India,2011-01-19,2011-01-22,-139.744,1,155.51
Low,0.06,85.99,0.99,Regular Air,Personel Usage,Canned Foods,Quail Eggs,Wrap Bag,Kerala,Kottayam,South,India,2011-01-23,2011-02-01,-13.2308,3,220.55
Low,0.04,58.14,36.61,Delivery Truck,Personel Usage,Preserved Food,Pickle,Jumbo Box,Telangana,Karimnagar,South,India,2011-01-26,2011-02-02,-25.942,2,121.9
High,0.02,6.3,0.5,Express Air,Personel Usage,Processed Meat,Oysters (Clam),Small Box,West Bengal,Raiganj,East,India,2011-01-28,2011-01-30,-37.716,8,54.13
High,0.01,67.28,19.99,Regular Air,Personel Usage,Processed Meat,Bacon,Small Box,Tamil Nadu,Vellore,South,India,2011-01-29,2011-01-31,96.678,12,804.18
High,0.08,42.98,4.62,Express Air,Hotels / Hospitals,Processed Meat,Jelly Fish,Small Box,Rajasthan,Alwar,West,India,2011-01-29,2011-01-31,1223.646,4,172.76
Not Specified,0.08,65.99,3.9,Regular Air,Hotels / Hospitals,Canned Foods,Quail Eggs,Small Box,Madhya Pradesh,Damoh,West,India,2011-01-30,2011-02-01,-120.52304,3,164.1
Medium,0.03,39.98,4.0,Regular Air,Stand Alone Restaurants,Canned Foods,Assorted Fruits,Small Box,Gujarat,Bantva,West,India,2011-01-31,2011-02-02,67.39680000000001,9,350.03
High,0.09,2.18,1.38,Regular Air,Stand Alone Restaurants,Processed Meat,Tuna,Wrap Bag,Gujarat,Bantva,West,India,2011-01-31,2011-02-01,-12.474400000000001,9,19.63
High,0.04,39.98,9.83,Regular Air,Hotels / Hospitals,Processed Meat,Caviar,Small Box,Haryana,Ambala,North,India,2011-01-31,2011-02-02,-184.28199999999998,6,242.18
Low,0.04,30.98,6.5,Regular Air,Hotels / Hospitals,Canned Foods,Assorted Fruits,Small Box,Uttar Pradesh,Ghaziabad,North,India,2011-02-01,2011-02-03,43.72,31,983.78
High,0.08,19.98,8.68,Express Air,Hotels / Hospitals,Processed Meat,Smoked Salmon,Small Box,Bihar,Jhanjharpur,North,India,2011-02-02,2011-02-06,-242.41000000000003,6,115.3
High,0.03,7.08,2.35,Regular Air,Hotels / Hospitals,Processed Meat,Foie Gras,Wrap Bag,Bihar,Jhanjharpur,North,India,2011-02-02,2011-02-02,-166.628,9,64.9
High,0.02,5.78,4.96,Regular Air,Stand Alone Restaurants,Processed Meat,Smoked Salmon,Small Box,West Bengal,Bishnupur,East,India,2011-02-02,2011-02-03,-19.04,3,19.25
High,0.07,3.28,3.97,Regular Air,Stand Alone Restaurants,Processed Meat,Foie Gras,Wrap Bag,West Bengal,Bishnupur,East,India,2011-02-02,2011-02-03,-92.16,9,29.6
Not Specified,0.1,296.18,54.12,Delivery Truck,Stand Alone Restaurants,Preserved Food,Jams,Jumbo Box,West Bengal,Bishnupur,East,India,2011-02-02,2011-02-03,-461.45,6,1709.45
High,0.08,5.28,5.57,Regular Air,Restaurant Chain,Processed Meat,Smoked Salmon,Small Box,Madhya Pradesh,Rewa,West,India,2011-02-04,2011-02-04,-121.91,48,257.39
Not Specified,0.03,19.04,6.38,Regular Air,Hotels / Hospitals,Preserved Food,Marmalade,Small Box,Andhra Pradesh,Ongole,South,India,2011-02-04,2011-02-05,-1084.8469632000001,6,118.99
High,0.06,59.76,9.71,Regular Air,Hotels / Hospitals,Processed Meat,Fresh Water Eel,Small Box,Andhra Pradesh,Ongole,South,India,2011-02-04,2011-02-05,51.408,7,411.38
Medium,0.1,194.3,11.54,Regular Air,Restaurant Chain,Preserved Food,Marmalade,Large Box,Bihar,Gopalganj,North,India,2011-02-05,2011-02-05,511.6005,4,741.45
Low,0.03,180.98,30.0,Delivery Truck,Stand Alone Restaurants,Preserved Food,Sundried Tomatoes,Jumbo Drum,Karnataka,Kolar,South,India,2011-02-06,2011-02-06,605.44,7,1334.94
High,0.04,12.53,7.17,Regular Air,Hotels / Hospitals,Processed Meat,Bacon,Small Box,West Bengal,Krishnanagar,East,India,2011-02-08,2011-02-08,17.561999999999998,9,116.5
Critical,0.06,105.29,10.12,Express Air,Hotels / Hospitals,Preserved Food,Marmalade,Large Box,West Bengal,Krishnanagar,East,India,2011-02-08,2011-02-10,-1602.538,6,607.27
High,0.08,11.19,5.03,Regular Air,Restaurant Chain,Processed Meat,Smoked Salmon,Small Box,Madhya Pradesh,Rewa,West,India,2011-02-09,2011-02-10,-12.03,4,47.03
High,0.06,4.13,6.89,Regular Air,Stand Alone Restaurants,Processed Meat,Oysters (Clam),Small Box,Assam,Abhayapuri,East,India,2011-02-10,2011-02-12,-14.29,1,6.49
High,0.03,4.71,0.7,Regular Air,Restaurant Chain,Processed Meat,Tuna,Wrap Bag,Maharashtra,Latur,West,India,2011-02-10,2011-02-10,616.578,1,5.63
High,0.06,3.08,0.99,Regular Air,Restaurant Chain,Processed Meat,Oysters (Clam),Small Box,Punjab,Amritsar,West,India,2011-02-10,2011-02-15,45.852000000000004,1,3.3
High,0.09,419.19,19.99,Regular Air,Restaurant Chain,Processed Meat,Fresh Water Eel,Small Box,Punjab,Amritsar,West,India,2011-02-10,2011-02-15,1208.8919999999998,10,4119.8
High,0.05,2.88,0.7,Regular Air,Hotels / Hospitals,Processed Meat,Foie Gras,Wrap Bag,Gujarat,Bhavnagar,West,India,2011-02-11,2011-02-12,0.35000000000000053,3,8.47
High,0.08,10.01,1.99,Regular Air,Hotels / Hospitals,Canned Foods,Assorted Fruits,Small Pack,Madhya Pradesh,Bhopal,West,India,2011-02-11,2011-02-11,-7.23,2,20.39
High,0.08,51.98,10.17,Regular Air,Hotels / Hospitals,Canned Foods,Sliced Pineapple,Medium Box,Madhya Pradesh,Bhopal,West,India,2011-02-11,2011-02-12,351.47909999999996,10,509.39
High,0.05,64.98,6.88,Regular Air,Hotels / Hospitals,Processed Meat,Fresh Water Eel,Small Box,Orissa,Cuttack,East,India,2011-02-11,2011-02-13,150.04,9,562.96
High,0.05,138.75,52.42,Delivery Truck,Hotels / Hospitals,Preserved Food,Jams,Jumbo Box,Orissa,Cuttack,East,India,2011-02-11,2011-02-12,-556.25,7,1010.62
High,0.1,28.15,6.17,Regular Air,Stand Alone Restaurants,Processed Meat,Foie Gras,Small Pack,Maharashtra,Raver,West,India,2011-02-11,2011-02-12,19.560000000000002,4,106.84
High,0.0001,9.11,2.15,Regular Air,Stand Alone Restaurants,Processed Meat,Smoked Salmon,Wrap Bag,Tamil Nadu,Pollachi,South,India,2011-02-11,2011-02-18,13.5723,2,19.67
Low,0.0001,30.73,4.0,Regular Air,Hotels / Hospitals,Canned Foods,Assorted Fruits,Small Box,Maharashtra,Ramtek,West,India,2011-02-12,2011-02-19,-26.83,5,159.26
High,0.06,2.88,0.5,Regular Air,Hotels / Hospitals,Processed Meat,Oysters (Clam),Small Box,Madhya Pradesh,Rewa,West,India,2011-02-15,2011-02-22,32.7,31,86.1
High,0.08,12.44,6.27,Regular Air,Hotels / Hospitals,Processed Meat,Fresh Water Eel,Medium Box,Madhya Pradesh,Rewa,West,India,2011-02-15,2011-02-20,-60.79,25,298.11
High,0.05,3.74,4.69,Regular Air,Restaurant Chain,Processed Meat,Bacon,Small Box,Rajasthan,Jaipur,West,India,2011-02-19,2011-02-20,-71.6772,1,5.29
High,0.0001,37.7,2.99,Regular Air,Hotels / Hospitals,Processed Meat,Bacon,Small Box,Rajasthan,Nagaur,West,India,2011-02-20,2011-02-22,218.5092,8,316.68
High,0.04,2.94,0.7,Regular Air,Hotels / Hospitals,Processed Meat,Foie Gras,Wrap Bag,Orissa,Bhubaneshwar,East,India,2011-02-20,2011-02-24,-28.798000000000002,4,12.14
High,0.05,4.98,4.86,Express Air,Personel Usage,Processed Meat,Smoked Salmon,Small Box,Gujarat,Anand,West,India,2011-02-22,2011-02-23,3.25,1,19.96
High,0.03,3.57,4.17,Regular Air,Personel Usage,Processed Meat,Foie Gras,Small Pack,Gujarat,Anand,West,India,2011-02-22,2011-02-24,-115.48,10,36.34
High,0.06,3.28,3.97,Regular Air,Personel Usage,Processed Meat,Foie Gras,Wrap Bag,Gujarat,Anand,West,India,2011-02-22,2011-02-24,-57.84,5,16.82
Medium,0.02,30.97,4.0,Regular Air,Hotels / Hospitals,Canned Foods,Assorted Fruits,Small Box,Assam,Kokrajhar,East,India,2011-02-22,2011-02-24,112.78,12,383.44
High,0.01,9.99,4.78,Regular Air,Restaurant Chain,Processed Meat,Smoked Salmon,Small Box,Karnataka,Mysore,South,India,2011-02-23,2011-02-25,-1641.85,10,106.99
High,0.02,12.88,4.59,Express Air,Restaurant Chain,Processed Meat,Pacific Squid,Wrap Bag,Karnataka,Mysore,South,India,2011-02-23,2011-03-02,-136.556,8,104.25
High,0.0001,6.48,7.86,Regular Air,Hotels / Hospitals,Processed Meat,Smoked Salmon,Small Box,West Bengal,Krishnanagar,East,India,2011-02-24,2011-02-25,1896.378,7,47.48
High,0.04,37.44,4.27,Express Air,Hotels / Hospitals,Processed Meat,Foie Gras,Wrap Bag,West Bengal,Krishnanagar,East,India,2011-02-24,2011-02-25,-6.37,1,37.3
High,0.03,4.89,6.07,Regular Air,Stand Alone Restaurants,Processed Meat,Bacon,Small Box,Andhra Pradesh,Nellore,South,India,2011-02-24,2011-02-26,-132.2615,9,45.49
High,0.03,12.21,4.81,Regular Air,Restaurant Chain,Processed Meat,Fresh Water Eel,Small Box,Punjab,Faridkot,West,India,2011-02-25,2011-02-27,-122.27600000000001,8,95.95
Low,0.07,70.98,59.81,Delivery Truck,Hotels / Hospitals,Preserved Food,Sundried Tomatoes,Jumbo Drum,Madhya Pradesh,Rewa,West,India,2011-02-26,2011-02-26,-1701.96,48,3355.1
Low,0.06,82.99,5.5,Regular Air,Hotels / Hospitals,Canned Foods,Assorted Fruits,Small Box,Madhya Pradesh,Rewa,West,India,2011-02-26,2011-03-03,1021.07,34,2864.55
High,0.02,1.95,1.63,Regular Air,Hotels / Hospitals,Processed Meat,Foie Gras,Wrap Bag,Madhya Pradesh,Rewa,West,India,2011-02-26,2011-03-03,-16.63,31,65.61
High,0.08,7.1,6.05,Regular Air,Hotels / Hospitals,Processed Meat,Bacon,Small Box,Andhra Pradesh,Anantapur,South,India,2011-02-27,2011-02-27,415.8378000000001,5,36.54
High,0.03,105.98,13.99,Regular Air,Hotels / Hospitals,Preserved Food,Marmalade,Medium Box,Bihar,Katihar,North,India,2011-02-27,2011-03-01,-155.96,8,834.24
High,0.05,22.84,5.47,Regular Air,Hotels / Hospitals,Processed Meat,Smoked Salmon,Small Box,Madhya Pradesh,Rewa,West,India,2011-03-01,2011-03-02,20.09,8,180.79
High,0.05,22.84,5.47,Regular Air,Hotels / Hospitals,Processed Meat,Smoked Salmon,Small Box,Chhattisgarh,Bilaspur,North,India,2011-03-01,2011-03-02,-171.8997,2,45.2
High,0.09,18.97,9.54,Regular Air,Personel Usage,Processed Meat,Smoked Salmon,Small Box,Bihar,Madhubani,North,India,2011-03-02,2011-03-03,-24.74,1,20.96
High,0.09,10.9,7.46,Regular Air,Restaurant Chain,Processed Meat,Fresh Water Eel,Small Box,Haryana,Gurgaon,North,India,2011-03-02,2011-03-04,-57.848,5,51.37
High,0.1,34.58,8.99,Regular Air,Personel Usage,Processed Meat,Foie Gras,Small Pack,Bihar,Munger,North,India,2011-03-04,2011-03-06,-9.319999999999993,4,129.38
High,0.07,4.98,7.44,Regular Air,Restaurant Chain,Processed Meat,Smoked Salmon,Small Box,Telangana,Mahbubnagar,South,India,2011-03-09,2011-03-09,64.188,10,48.73
High,0.07,10.23,4.68,Regular Air,Restaurant Chain,Processed Meat,Pacific Squid,Small Pack,Telangana,Mahbubnagar,South,India,2011-03-09,2011-03-10,128.172,6,60.07
Medium,0.08,20.99,0.99,Regular Air,Restaurant Chain,Canned Foods,Quail Eggs,Wrap Bag,Telangana,Mahbubnagar,South,India,2011-03-09,2011-03-11,189.19799999999998,12,210.76
High,0.0001,5.88,3.04,Regular Air,Hotels / Hospitals,Processed Meat,Smoked Salmon,Wrap Bag,Bihar,Nawada,North,India,2011-03-10,2011-03-11,-1323.7812,12,76.95
High,0.09,55.99,2.5,Regular Air,Stand Alone Restaurants,Canned Foods,Quail Eggs,Small Pack,Maharashtra,Raver,West,India,2011-03-11,2011-03-13,-124.096,9,390.31
Not Specified,0.1,125.99,8.99,Regular Air,Personel Usage,Canned Foods,Quail Eggs,Small Box,Uttar Pradesh,Shahjahanpur,North,India,2011-03-12,2011-03-13,-5.656000000000001,5,520.47
Not Specified,0.0001,125.99,8.08,Express Air,Personel Usage,Canned Foods,Quail Eggs,Small Box,Uttar Pradesh,Moradabad,North,India,2011-03-12,2011-03-13,73.668,3,330.89
Medium,0.1,135.99,28.63,Delivery Truck,Hotels / Hospitals,Preserved Food,Sundried Tomatoes,Jumbo Drum,Tamil Nadu,Dindigul,South,India,2011-03-13,2011-03-15,-357.65,4,506.51
Critical,0.08,95.98,58.2,Delivery Truck,Hotels / Hospitals,Preserved Food,Sundried Tomatoes,Jumbo Drum,Uttar Pradesh,Sambhal,North,India,2011-03-13,2011-03-14,-46.354,7,638.84
Low,0.01,7.59,4.0,Regular Air,Hotels / Hospitals,Preserved Food,Marmalade,Wrap Bag,Orissa,Bargarh,East,India,2011-03-13,2011-03-20,-31.024,12,92.99
Not Specified,0.02,99.99,19.99,Regular Air,Personel Usage,Canned Foods,Assorted Fruits,Small Box,Uttar Pradesh,Jaunpur,North,India,2011-03-15,2011-03-16,-119.92,3,299.97
High,0.04,3.28,4.2,Regular Air,Personel Usage,Processed Meat,Foie Gras,Wrap Bag,Uttar Pradesh,Jaunpur,North,India,2011-03-15,2011-03-16,-31.24,3,10.71
High,0.09,6.48,5.94,Regular Air,Hotels / Hospitals,Processed Meat,Smoked Salmon,Small Box,Andhra Pradesh,Amalapuram,South,India,2011-03-17,2011-03-19,-257.824,2,13.73
High,0.02,15.04,1.97,Regular Air,Stand Alone Restaurants,Processed Meat,Smoked Salmon,Wrap Bag,Uttar Pradesh,Baghpat,North,India,2011-03-19,2011-03-21,143.23,22,345.69
Medium,0.02,218.75,69.64,Delivery Truck,Restaurant Chain,Preserved Food,Jams,Jumbo Box,West Bengal,Ranaghat,East,India,2011-03-20,2011-03-20,-1402.68,12,2615.64
High,0.05,8.85,5.6,Regular Air,Restaurant Chain,Processed Meat,Bacon,Small Box,Madhya Pradesh,Rewa,West,India,2011-03-21,2011-03-22,-9.568,18,167.53
Critical,0.1,20.95,5.99,Regular Air,Personel Usage,Canned Foods,Assorted Fruits,Small Box,Karnataka,Bellary,South,India,2011-03-22,2011-03-24,-71.55,9,184.77
High,0.03,4.98,6.07,Regular Air,Restaurant Chain,Processed Meat,Smoked Salmon,Small Box,Uttar Pradesh,Baghpat,North,India,2011-03-25,2011-03-28,-102.36,8,40.5
High,0.1,3.48,49.0,Regular Air,Personel Usage,Processed Meat,Jelly Fish,Large Box,Tamil Nadu,Madurai,South,India,2011-03-26,2011-03-31,-1115.4682,1,12.99
High,0.07,48.91,35.0,Regular Air,Hotels / Hospitals,Processed Meat,Fresh Water Eel,Large Box,Madhya Pradesh,Rewa,West,India,2011-03-27,2011-03-27,-1231.87,42,2040.95
High,0.0001,2.08,1.49,Regular Air,Hotels / Hospitals,Processed Meat,Bacon,Small Box,Tamil Nadu,Coimbatore,South,India,2011-03-30,2011-04-03,-203.14,10,22.01
Low,0.1,25.98,14.36,Delivery Truck,Hotels / Hospitals,Preserved Food,Sundried Tomatoes,Jumbo Drum,Tamil Nadu,Coimbatore,South,India,2011-03-30,2011-04-01,85.82399999999998,8,200.0
Low,0.04,83.1,6.13,Regular Air,Hotels / Hospitals,Canned Foods,Assorted Fruits,Small Box,Haryana,Ambala,North,India,2011-03-30,2011-04-03,179.0802,12,995.61
Low,0.05,124.49,51.94,Delivery Truck,Hotels / Hospitals,Preserved Food,Jams,Jumbo Box,Haryana,Ambala,North,India,2011-03-30,2011-04-06,-17.28342,8,1006.42
Not Specified,0.05,115.99,56.14,Delivery Truck,Stand Alone Restaurants,Canned Foods,Sliced Pineapple,Jumbo Drum,West Bengal,Diamond Harbour,East,India,2011-03-31,2011-04-02,-44.517900000000004,6,714.29
High,0.06,24.95,2.99,Regular Air,Personel Usage,Processed Meat,Bacon,Small Box,Madhya Pradesh,Rewa,West,India,2011-04-01,2011-04-02,270.2915,34,800.39
Low,0.01,550.98,45.7,Delivery Truck,Restaurant Chain,Preserved Food,Jams,Jumbo Box,Uttar Pradesh,Ghaziabad,North,India,2011-04-02,2011-04-07,-163.2,3,1358.78
Low,0.03,150.98,66.27,Delivery Truck,Stand Alone Restaurants,Preserved Food,Pickle,Jumbo Box,Madhya Pradesh,Khandwa,West,India,2011-04-03,2011-04-03,-1061.68,12,1774.7
High,0.03,10.14,2.27,Regular Air,Restaurant Chain,Processed Meat,Smoked Salmon,Wrap Bag,Bihar,Jhanjharpur,North,India,2011-04-04,2011-04-11,32.528499999999994,17,169.48
High,0.08,4.38,6.21,Regular Air,Restaurant Chain,Processed Meat,Bacon,Small Box,Uttar Pradesh,Allahabad,North,India,2011-04-04,2011-04-05,-127.006,7,30.27
High,0.08,64.98,6.88,Regular Air,Restaurant Chain,Processed Meat,Fresh Water Eel,Small Box,Uttar Pradesh,Allahabad,North,India,2011-04-04,2011-04-05,379.11,12,776.45
High,0.06,6.48,6.35,Regular Air,Restaurant Chain,Processed Meat,Smoked Salmon,Small Box,Karnataka,Bellary,South,India,2011-04-07,2011-04-08,-27.78,2,14.2
Not Specified,0.05,150.98,13.99,Regular Air,Restaurant Chain,Canned Foods,Sliced Pineapple,Medium Box,Rajasthan,Jodhpur,West,India,2011-04-08,2011-04-09,-422.6683999999999,1,150.6
High,0.02,11.66,7.95,Regular Air,Stand Alone Restaurants,Processed Meat,Foie Gras,Small Pack,Punjab,Bathinda,West,India,2011-04-08,2011-04-09,-78.81,5,59.69
High,0.04,12.98,3.14,Regular Air,Stand Alone Restaurants,Processed Meat,Pacific Squid,Small Pack,Punjab,Bathinda,West,India,2011-04-08,2011-04-09,12.82,5,64.34
High,0.0001,6.48,6.65,Regular Air,Hotels / Hospitals,Processed Meat,Smoked Salmon,Small Box,Bihar,Ara,North,India,2011-04-10,2011-04-12,-84.33,8,54.02
High,0.09,13.48,4.51,Regular Air,Hotels / Hospitals,Processed Meat,Fresh Water Eel,Small Box,Bihar,Ara,North,India,2011-04-10,2011-04-14,-24.44,7,87.9
Low,0.09,115.99,5.92,Regular Air,Hotels / Hospitals,Canned Foods,Quail Eggs,Small Box,Bihar,Ara,North,India,2011-04-10,2011-04-12,-182.974,3,274.54
High,0.08,3.36,6.27,Regular Air,Personel Usage,Processed Meat,Bacon,Small Box,Maharashtra,Bhiwandi,West,India,2011-04-10,2011-04-13,-64.44200000000001,1,5.21
High,0.0001,59.78,10.29,Regular Air,Personel Usage,Processed Meat,Bacon,Small Box,Maharashtra,Bhiwandi,West,India,2011-04-10,2011-04-11,7.098,7,437.77
Medium,0.04,12.22,2.85,Express Air,Personel Usage,Preserved Food,Marmalade,Small Pack,Maharashtra,Bhiwandi,West,India,2011-04-10,2011-04-11,76.86600000000001,5,62.6
High,0.04,1.68,1.57,Express Air,Restaurant Chain,Processed Meat,Foie Gras,Wrap Bag,Karnataka,Bellary,South,India,2011-04-10,2011-04-12,-37.76,11,19.37
High,0.09,9.68,2.03,Regular Air,Hotels / Hospitals,Processed Meat,Smoked Salmon,Wrap Bag,Uttar Pradesh,Baghpat,North,India,2011-04-10,2011-04-12,64.7772,10,93.88
High,0.03,3.78,0.71,Express Air,Hotels / Hospitals,Processed Meat,Tuna,Wrap Bag,Uttar Pradesh,Baghpat,North,India,2011-04-10,2011-04-15,11.743799999999998,4,17.02
Medium,0.05,212.6,52.2,Delivery Truck,Stand Alone Restaurants,Preserved Food,Jams,Jumbo Box,Andhra Pradesh,Nellore,South,India,2011-04-10,2011-04-12,-248.78,2,426.93
High,0.01,11.33,6.12,Regular Air,Hotels / Hospitals,Processed Meat,Jelly Fish,Medium Box,Madhya Pradesh,Indore,West,India,2011-04-11,2011-04-13,-8.45,2,24.92
High,0.1,3.36,6.27,Express Air,Hotels / Hospitals,Processed Meat,Bacon,Small Box,Madhya Pradesh,Indore,West,India,2011-04-11,2011-04-12,-47.0235,3,13.52
High,0.05,122.99,70.2,Delivery Truck,Hotels / Hospitals,Preserved Food,Sundried Tomatoes,Jumbo Drum,Madhya Pradesh,Indore,West,India,2011-04-11,2011-04-13,-885.73,4,484.91
High,0.02,14.98,8.99,Express Air,Hotels / Hospitals,Preserved Food,Marmalade,Small Pack,Madhya Pradesh,Indore,West,India,2011-04-11,2011-04-12,65.35,7,112.37
High,0.01,7.31,0.49,Regular Air,Restaurant Chain,Processed Meat,Oysters (Clam),Small Box,Andhra Pradesh,Tirupati,South,India,2011-04-11,2011-04-15,53.93039999999999,10,78.16
High,0.06,10.06,2.06,Regular Air,Restaurant Chain,Processed Meat,Smoked Salmon,Wrap Bag,Andhra Pradesh,Tirupati,South,India,2011-04-11,2011-04-15,79.45349999999999,12,115.15
High,0.04,3.28,3.97,Regular Air,Restaurant Chain,Processed Meat,Foie Gras,Wrap Bag,Uttar Pradesh,Lucknow,North,India,2011-04-11,2011-04-11,-22.84,2,7.54
High,0.1,55.99,2.5,Regular Air,Restaurant Chain,Canned Foods,Quail Eggs,Small Pack,Uttar Pradesh,Sitapur,North,India,2011-04-11,2011-04-12,-155.298,6,278.06
Low,0.05,65.99,7.69,Regular Air,Hotels / Hospitals,Canned Foods,Quail Eggs,Small Box,Maharashtra,Kalyan,West,India,2011-04-11,2011-04-11,0.7110000000000056,5,276.24
Medium,0.07,33.98,19.99,Regular Air,Personel Usage,Preserved Food,Marmalade,Small Box,Madhya Pradesh,Rewa,West,India,2011-04-15,2011-04-17,-138.54,32,1031.23
High,0.08,6.45,1.34,Regular Air,Hotels / Hospitals,Processed Meat,Smoked Salmon,Wrap Bag,Andhra Pradesh,Narasaraopet,South,India,2011-04-15,2011-04-15,-223.62900000000002,10,61.46
Medium,0.1,35.77,9.02,Regular Air,Hotels / Hospitals,Canned Foods,Assorted Fruits,Small Box,Chhattisgarh,Raipur,North,India,2011-04-15,2011-04-17,-160.72,2,67.29
Low,0.1,449.99,49.0,Delivery Truck,Stand Alone Restaurants,Canned Foods,Wild Berry,Jumbo Drum,West Bengal,Ghatal,East,India,2011-04-16,2011-04-20,3386.8580999999995,12,4908.49
Low,0.0001,19.23,6.15,Regular Air,Stand Alone Restaurants,Preserved Food,Marmalade,Small Pack,West Bengal,Ghatal,East,India,2011-04-16,2011-04-23,137.7585,10,199.65
Medium,0.08,32.98,5.5,Regular Air,Hotels / Hospitals,Canned Foods,Assorted Fruits,Small Box,Telangana,Karimnagar,South,India,2011-04-19,2011-04-20,581.6519999999999,1,31.72
Medium,0.02,125.99,8.08,Regular Air,Stand Alone Restaurants,Canned Foods,Quail Eggs,Small Box,Tamil Nadu,Tenkasi,South,India,2011-04-20,2011-04-21,194.21099999999998,4,440.79
Medium,0.01,500.98,26.0,Delivery Truck,Stand Alone Restaurants,Preserved Food,Sundried Tomatoes,Jumbo Drum,Telangana,Nizamabad,South,India,2011-04-20,2011-04-21,4435.1613,12,6427.77
High,0.09,29.14,4.86,Regular Air,Stand Alone Restaurants,Processed Meat,Smoked Salmon,Wrap Bag,Telangana,Nizamabad,South,India,2011-04-20,2011-04-22,158.9277,8,230.33
Low,0.02,160.98,30.0,Delivery Truck,Restaurant Chain,Preserved Food,Sundried Tomatoes,Jumbo Drum,Uttar Pradesh,Amroha,North,India,2011-04-20,2011-04-22,-90.41,1,200.38
High,0.1,7.1,6.05,Regular Air,Restaurant Chain,Processed Meat,Bacon,Small Box,Madhya Pradesh,Sidhi,West,India,2011-04-22,2011-04-24,1090.656,10,66.13
Medium,0.06,35.99,1.1,Regular Air,Hotels / Hospitals,Canned Foods,Quail Eggs,Small Box,Maharashtra,Jalna,West,India,2011-04-22,2011-04-23,19.386000000000003,5,146.65
Medium,0.07,195.99,8.99,Regular Air,Stand Alone Restaurants,Canned Foods,Quail Eggs,Small Box,Assam,Silchar,East,India,2011-04-25,2011-04-26,4449.858,1,156.48
High,0.1,1.82,1.0,Regular Air,Hotels / Hospitals,Processed Meat,Foie Gras,Wrap Bag,Andhra Pradesh,Narasaraopet,South,India,2011-04-25,2011-04-26,21.221999999999998,10,17.61
High,0.08,8.69,2.99,Express Air,Stand Alone Restaurants,Processed Meat,Bacon,Small Box,West Bengal,Jangipur,East,India,2011-04-25,2011-04-26,46.971,9,76.64
High,0.07,415.88,11.37,Regular Air,Personel Usage,Processed Meat,Fresh Water Eel,Small Box,Uttar Pradesh,Unnao,North,India,2011-04-26,2011-04-27,3023.6421,11,4382.09
High,0.07,4.13,0.5,Regular Air,Restaurant Chain,Processed Meat,Oysters (Clam),Small Box,Rajasthan,Jaipur,West,India,2011-04-26,2011-04-27,-132.692,7,27.55
High,0.09,4.28,6.72,Regular Air,Restaurant Chain,Processed Meat,Smoked Salmon,Small Box,Tamil Nadu,Arani,South,India,2011-04-26,2011-04-28,0.702,3,13.72
Medium,0.09,30.73,4.0,Regular Air,Hotels / Hospitals,Canned Foods,Assorted Fruits,Small Box,Madhya Pradesh,Chhindwara,West,India,2011-04-27,2011-04-28,-69.05290000000001,3,88.34
High,0.1,19.98,5.77,Regular Air,Hotels / Hospitals,Processed Meat,Smoked Salmon,Small Box,Madhya Pradesh,Chhindwara,West,India,2011-04-27,2011-04-29,91.67399999999999,3,55.68
High,0.05,419.19,19.99,Regular Air,Hotels / Hospitals,Processed Meat,Fresh Water Eel,Small Box,Madhya Pradesh,Chhindwara,West,India,2011-04-27,2011-04-29,82.55519999999999,5,1991.15
High,0.07,67.28,19.99,Regular Air,Restaurant Chain,Processed Meat,Bacon,Small Box,Tamil Nadu,Tiruvallur,South,India,2011-04-28,2011-05-05,497.51759999999996,11,721.04
High,0.05,80.98,35.0,Regular Air,Hotels / Hospitals,Processed Meat,Fresh Water Eel,Large Box,Uttar Pradesh,Bareilly,North,India,2011-05-02,2011-05-04,3.822,14,1111.47
High,0.08,12.64,4.98,Regular Air,Hotels / Hospitals,Preserved Food,Marmalade,Small Pack,Gujarat,Bardoli,West,India,2011-05-03,2011-05-04,184.584,18,225.76
High,0.08,306.14,26.53,Delivery Truck,Hotels / Hospitals,Canned Foods,Sliced Pineapple,Jumbo Drum,Gujarat,Bardoli,West,India,2011-05-03,2011-05-05,-98.434,7,1592.97
High,0.07,6.48,10.05,Regular Air,Restaurant Chain,Processed Meat,Smoked Salmon,Small Box,Haryana,Gurgaon,North,India,2011-05-04,2011-05-04,8.994,12,76.08
High,0.07,140.98,36.09,Delivery Truck,Stand Alone Restaurants,Preserved Food,Pickle,Jumbo Box,Madhya Pradesh,Balaghat,West,India,2011-05-05,2011-05-06,-213.55599999999998,13,1734.17
High,0.0001,3.98,5.26,Regular Air,Stand Alone Restaurants,Processed Meat,Bacon,Small Box,Madhya Pradesh,Tikamgarh,West,India,2011-05-06,2011-05-08,-29.532,3,14.41
Medium,0.07,92.23,39.61,Regular Air,Restaurant Chain,Preserved Food,Marmalade,Medium Box,Maharashtra,Shirdi,West,India,2011-05-07,2011-05-08,46.8,4,359.73
High,0.04,4.28,6.72,Regular Air,Restaurant Chain,Processed Meat,Smoked Salmon,Small Box,Maharashtra,Shirdi,West,India,2011-05-07,2011-05-10,-14.81,1,6.35
High,0.04,24.95,2.99,Regular Air,Personel Usage,Processed Meat,Bacon,Small Box,Bihar,Siwan,North,India,2011-05-10,2011-05-12,545.616,14,356.55
High,0.03,44.43,46.59,Delivery Truck,Restaurant Chain,Preserved Food,Jams,Jumbo Box,Uttar Pradesh,Bijnor,North,India,2011-05-10,2011-05-11,-1052.79,12,439.7
Medium,0.06,350.99,39.0,Delivery Truck,Personel Usage,Preserved Food,Sundried Tomatoes,Jumbo Drum,Uttar Pradesh,Ghaziabad,North,India,2011-05-11,2011-05-13,3325.03,54,18407.67
High,0.0001,420.98,19.99,Regular Air,Personel Usage,Processed Meat,Bacon,Small Box,Madhya Pradesh,Damoh,West,India,2011-05-11,2011-05-13,416.0155,2,867.22
High,0.02,6.48,9.68,Regular Air,Personel Usage,Processed Meat,Smoked Salmon,Small Box,Madhya Pradesh,Damoh,West,India,2011-05-11,2011-05-12,-238.45,16,110.21
High,0.07,36.55,13.89,Regular Air,Personel Usage,Processed Meat,Foie Gras,Wrap Bag,Madhya Pradesh,Hoshangabad,West,India,2011-05-11,2011-05-13,202.68,17,588.55
High,0.01,4.91,0.5,Express Air,Personel Usage,Processed Meat,Oysters (Clam),Small Box,Jharkhand,Giridih,North,India,2011-05-14,2011-05-16,60.48,9,49.37
High,0.09,1.86,2.58,Regular Air,Restaurant Chain,Processed Meat,Tuna,Wrap Bag,Uttar Pradesh,Sitapur,North,India,2011-05-14,2011-05-16,-94.95,15,26.84
High,0.04,125.99,8.99,Regular Air,Restaurant Chain,Canned Foods,Quail Eggs,Small Box,Uttar Pradesh,Sitapur,North,India,2011-05-14,2011-05-16,910.8344999999999,12,1320.05
High,0.07,2.88,0.99,Regular Air,Restaurant Chain,Processed Meat,Oysters (Clam),Small Box,Bihar,Darbhanga,North,India,2011-05-15,2011-05-15,0.88,3,8.57
Medium,0.09,808.49,55.3,Delivery Truck,Restaurant Chain,Canned Foods,Sliced Pineapple,Jumbo Drum,Bihar,Darbhanga,North,India,2011-05-15,2011-05-17,2713.95,6,4502.64
High,0.1,6.48,6.35,Regular Air,Restaurant Chain,Processed Meat,Smoked Salmon,Small Box,West Bengal,Ranaghat,East,India,2011-05-15,2011-05-15,-143.65,17,101.44
Low,0.01,270.97,28.06,Delivery Truck,Personel Usage,Canned Foods,Sliced Pineapple,Jumbo Drum,Maharashtra,Nandurbar,West,India,2011-05-17,2011-05-24,2206.0817999999995,11,3197.22
High,0.05,4.63,1.93,Regular Air,Personel Usage,Processed Meat,Foie Gras,Wrap Bag,Karnataka,Raichur,South,India,2011-05-17,2011-05-19,-4.96,14,62.27
Low,0.01,65.99,8.8,Regular Air,Personel Usage,Canned Foods,Quail Eggs,Small Box,Karnataka,Raichur,South,India,2011-05-17,2011-05-26,668.961,17,1003.31
High,0.01,3.57,4.17,Regular Air,Stand Alone Restaurants,Processed Meat,Foie Gras,Small Pack,Karnataka,Kolar,South,India,2011-05-19,2011-05-20,-119.35,17,65.23
High,0.07,37.76,12.9,Regular Air,Stand Alone Restaurants,Processed Meat,Fresh Water Eel,Small Box,Karnataka,Kolar,South,India,2011-05-19,2011-05-20,25.51,15,552.43
High,0.02,124.49,51.94,Delivery Truck,Stand Alone Restaurants,Preserved Food,Jams,Jumbo Box,Karnataka,Kolar,South,India,2011-05-19,2011-05-21,-365.44,13,1284.24
High,0.05,4.91,0.5,Regular Air,Hotels / Hospitals,Processed Meat,Oysters (Clam),Small Box,Telangana,Adilabad,South,India,2011-05-20,2011-05-21,-31.472,11,54.39
Not Specified,0.03,12.07,6.2,Regular Air,Personel Usage,Preserved Food,Marmalade,Wrap Bag,Bihar,Gaya,North,India,2011-05-20,2011-05-21,-71.75,13,166.62
High,0.08,8.85,5.6,Regular Air,Hotels / Hospitals,Processed Meat,Bacon,Small Box,Uttar Pradesh,Kairana,North,India,2011-05-21,2011-05-22,-26.45,17,147.4
High,0.09,2.61,0.5,Regular Air,Hotels / Hospitals,Processed Meat,Oysters (Clam),Small Box,Uttar Pradesh,Kairana,North,India,2011-05-21,2011-05-21,27.393,16,39.7
High,0.05,4.98,4.7,Regular Air,Hotels / Hospitals,Processed Meat,Smoked Salmon,Small Box,Uttar Pradesh,Kairana,North,India,2011-05-21,2011-05-22,-14.33,2,11.44
High,0.02,2.47,1.02,Regular Air,Restaurant Chain,Processed Meat,Tuna,Wrap Bag,Tamil Nadu,Tiruvallur,South,India,2011-05-21,2011-05-22,24.27,16,42.21
Critical,0.1,125.99,8.8,Express Air,Stand Alone Restaurants,Canned Foods,Quail Eggs,Small Box,Kerala,Kasaragod,South,India,2011-05-23,2011-05-24,-360.305,3,308.38
High,0.06,8.5,1.99,Regular Air,Personel Usage,Canned Foods,Assorted Fruits,Small Pack,Tamil Nadu,Karur,South,India,2011-05-23,2011-05-23,-71.344,11,92.11
High,0.04,2.18,0.78,Regular Air,Personel Usage,Processed Meat,Tuna,Wrap Bag,Tamil Nadu,Karur,South,India,2011-05-23,2011-05-23,-421.1969762,6,13.1
High,0.02,12.28,6.13,Regular Air,Personel Usage,Processed Meat,Fresh Water Eel,Small Box,Tamil Nadu,Karur,South,India,2011-05-23,2011-05-23,-583.38,12,156.75
Critical,0.08,400.97,48.26,Delivery Truck,Hotels / Hospitals,Canned Foods,Sliced Pineapple,Jumbo Box,Uttar Pradesh,Misrikh,North,India,2011-05-24,2011-05-27,2054.4129,9,2977.41
Low,0.0001,46.94,6.77,Regular Air,Restaurant Chain,Preserved Food,Marmalade,Small Box,Gujarat,Amreli,West,India,2011-05-24,2011-06-02,607.9934999999999,18,881.15
High,0.09,161.55,19.99,Regular Air,Restaurant Chain,Processed Meat,Fresh Water Eel,Small Box,Gujarat,Amreli,West,India,2011-05-24,2011-05-28,-139.75,3,458.42
High,0.09,5.58,5.3,Express Air,Stand Alone Restaurants,Processed Meat,Caviar,Small Box,Uttar Pradesh,Hamirpur,North,India,2011-05-24,2011-05-25,-39.67,7,40.79
Not Specified,0.09,280.98,57.0,Delivery Truck,Hotels / Hospitals,Preserved Food,Sundried Tomatoes,Jumbo Drum,Telangana,Warangal,South,India,2011-05-25,2011-05-27,546.996,2,554.64
High,0.07,11.58,6.97,Regular Air,Personel Usage,Processed Meat,Caviar,Small Box,Uttar Pradesh,Ghaziabad,North,India,2011-05-26,2011-05-26,-2.23,71,812.96
High,0.0001,15.31,8.78,Regular Air,Personel Usage,Processed Meat,Fresh Water Eel,Small Box,Uttar Pradesh,Ghaziabad,North,India,2011-05-26,2011-05-27,-43.22,28,471.62
High,0.03,5.18,2.04,Regular Air,Personel Usage,Processed Meat,Smoked Salmon,Wrap Bag,Rajasthan,Kota,West,India,2011-05-26,2011-05-28,-43.007999999999996,16,83.56
High,0.08,6.3,0.5,Express Air,Hotels / Hospitals,Processed Meat,Oysters (Clam),Small Box,Chhattisgarh,Mahasamund,North,India,2011-05-27,2011-06-05,74.451,17,107.9
Not Specified,0.07,8.5,1.99,Regular Air,Hotels / Hospitals,Canned Foods,Assorted Fruits,Small Pack,Madhya Pradesh,Khajuraho,West,India,2011-05-28,2011-05-30,37.09,11,93.77
Not Specified,0.01,31.78,1.99,Regular Air,Personel Usage,Canned Foods,Assorted Fruits,Small Pack,Maharashtra,Parbhani,West,India,2011-05-28,2011-05-29,325.197,14,471.3
Medium,0.02,40.99,8.97,Regular Air,Stand Alone Restaurants,Canned Foods,Sliced Pineapple,Small Box,Tamil Nadu,Thanjavur,South,India,2011-05-28,2011-05-28,395.85,17,727.04
High,0.04,4.91,0.5,Regular Air,Restaurant Chain,Processed Meat,Oysters (Clam),Small Box,Bihar,Jhanjharpur,North,India,2011-05-29,2011-05-30,54.692099999999996,52,250.0
High,0.08,85.99,0.99,Regular Air,Restaurant Chain,Canned Foods,Quail Eggs,Wrap Bag,Bihar,Jhanjharpur,North,India,2011-05-29,2011-05-31,791.8113599999999,71,5060.79
Low,0.01,95.99,4.9,Regular Air,Hotels / Hospitals,Canned Foods,Quail Eggs,Small Box,Kerala,Trivandrum,South,India,2011-05-29,2011-06-03,132.954,16,1369.95
High,0.03,105.98,13.99,Regular Air,Stand Alone Restaurants,Preserved Food,Marmalade,Medium Box,Karnataka,Kolar,South,India,2011-05-29,2011-05-31,534.6603,7,774.87
Not Specified,0.1,150.98,16.01,Delivery Truck,Restaurant Chain,Preserved Food,Jams,Jumbo Box,Bihar,Jhanjharpur,North,India,2011-06-03,2011-06-04,84.6066285,27,3986.34
High,0.09,3.98,5.26,Regular Air,Hotels / Hospitals,Processed Meat,Bacon,Small Box,Madhya Pradesh,Khargone,West,India,2011-06-04,2011-06-04,-58.4568,8,33.01
High,0.01,8.34,1.43,Regular Air,Hotels / Hospitals,Processed Meat,Smoked Salmon,Wrap Bag,Madhya Pradesh,Rewa,West,India,2011-06-06,2011-06-08,163.42,65,554.93
High,0.08,4.98,0.49,Express Air,Personel Usage,Processed Meat,Oysters (Clam),Small Box,Maharashtra,Amravati,West,India,2011-06-06,2011-06-06,40.654799999999994,11,58.92
High,0.01,2.88,0.99,Regular Air,Hotels / Hospitals,Processed Meat,Oysters (Clam),Small Box,Madhya Pradesh,Khajuraho,West,India,2011-06-09,2011-06-10,4.512,4,11.92
Low,0.02,49.34,10.25,Regular Air,Personel Usage,Preserved Food,Marmalade,Large Box,West Bengal,Raiganj,East,India,2011-06-09,2011-06-13,9.888,17,834.1
High,0.05,3.28,1.95,Regular Air,Personel Usage,Processed Meat,Foie Gras,Wrap Bag,West Bengal,Raiganj,East,India,2011-06-09,2011-06-16,-30.968000000000004,15,51.19
High,0.05,1.81,1.56,Regular Air,Personel Usage,Processed Meat,Tuna,Wrap Bag,West Bengal,Raiganj,East,India,2011-06-09,2011-06-11,-630.98,3,5.79
Low,0.08,26.48,6.93,Regular Air,Restaurant Chain,Preserved Food,Marmalade,Small Box,Bihar,Purnia,North,India,2011-06-11,2011-06-18,3.348,18,476.24
High,0.1,205.99,8.99,Regular Air,Hotels / Hospitals,Canned Foods,Quail Eggs,Small Box,Tamil Nadu,Dindigul,South,India,2011-06-16,2011-06-18,-207.988,5,787.91
Low,0.09,8.33,1.99,Regular Air,Stand Alone Restaurants,Canned Foods,Assorted Fruits,Small Pack,Madhya Pradesh,Rewa,West,India,2011-06-17,2011-06-19,-17.01,12,100.32
High,0.08,15.67,1.39,Regular Air,Stand Alone Restaurants,Processed Meat,Caviar,Small Box,Madhya Pradesh,Rewa,West,India,2011-06-17,2011-06-21,203.01,44,678.72
High,0.07,15.67,1.39,Regular Air,Stand Alone Restaurants,Processed Meat,Caviar,Small Box,Bihar,Khagaria,North,India,2011-06-17,2011-06-19,350.4873,14,218.3
High,0.03,4.13,5.34,Regular Air,Hotels / Hospitals,Processed Meat,Bacon,Small Box,West Bengal,Ghatal,East,India,2011-06-19,2011-06-20,-57.2332,8,34.72
High,0.1,4.13,0.5,Regular Air,Hotels / Hospitals,Processed Meat,Oysters (Clam),Small Box,West Bengal,Ghatal,East,India,2011-06-19,2011-06-20,43.7253,17,63.37
Medium,0.08,20.99,4.81,Regular Air,Hotels / Hospitals,Canned Foods,Quail Eggs,Medium Box,West Bengal,Ghatal,East,India,2011-06-19,2011-06-21,-58.9952,3,54.05
High,0.03,4.06,6.89,Regular Air,Hotels / Hospitals,Processed Meat,Jelly Fish,Small Box,Chhattisgarh,Rajnandgaon,North,India,2011-06-21,2011-06-28,131.32259999999997,6,27.24
High,0.01,22.38,15.1,Regular Air,Stand Alone Restaurants,Processed Meat,Bacon,Small Box,Bihar,Madhubani,North,India,2011-06-21,2011-06-23,-58.7236,13,299.57
High,0.09,85.99,0.99,Regular Air,Personel Usage,Canned Foods,Quail Eggs,Wrap Bag,Chhattisgarh,Durg,North,India,2011-06-22,2011-06-24,-270.12479999999994,2,134.36
High,0.04,208.16,68.02,Delivery Truck,Hotels / Hospitals,Processed Meat,Jelly Fish,Jumbo Drum,West Bengal,Murshidabad,East,India,2011-06-23,2011-06-24,755.28,15,3233.49
High,0.09,67.28,19.99,Regular Air,Personel Usage,Processed Meat,Bacon,Small Box,Maharashtra,Dhule,West,India,2011-06-23,2011-06-25,12.774,9,580.89
High,0.1,42.76,6.22,Regular Air,Personel Usage,Processed Meat,Fresh Water Eel,Small Box,Maharashtra,Dhule,West,India,2011-06-23,2011-06-24,-66.556,7,287.97
High,0.03,6.48,6.6,Regular Air,Personel Usage,Processed Meat,Smoked Salmon,Small Box,Bihar,Jhanjharpur,North,India,2011-06-25,2011-06-27,-95.40090000000001,42,289.74
Critical,0.06,348.21,40.19,Delivery Truck,Hotels / Hospitals,Preserved Food,Jams,Jumbo Box,Uttar Pradesh,Robertsganj,North,India,2011-06-25,2011-06-28,1699.4769000000001,9,2463.01
Critical,0.02,35.99,5.99,Regular Air,Hotels / Hospitals,Canned Foods,Quail Eggs,Wrap Bag,Uttar Pradesh,Robertsganj,North,India,2011-06-25,2011-06-26,414.0207,19,600.03
High,0.04,38.76,13.26,Express Air,Hotels / Hospitals,Processed Meat,Smoked Salmon,Small Box,Chhattisgarh,Mahasamund,North,India,2011-06-30,2011-07-05,278.6979,10,403.91
Critical,0.06,119.99,56.14,Delivery Truck,Stand Alone Restaurants,Canned Foods,Sliced Pineapple,Jumbo Box,Gujarat,Rajkot,West,India,2011-07-03,2011-07-05,-34.3041,11,1270.75
High,0.07,36.55,13.89,Regular Air,Stand Alone Restaurants,Processed Meat,Foie Gras,Wrap Bag,Gujarat,Rajkot,West,India,2011-07-03,2011-07-06,104.37,7,253.89
High,0.06,1.26,0.7,Regular Air,Hotels / Hospitals,Processed Meat,Tuna,Wrap Bag,Karnataka,Tumkur,South,India,2011-07-03,2011-07-04,-2.73,1,1.62
High,0.04,80.98,35.0,Regular Air,Hotels / Hospitals,Processed Meat,Fresh Water Eel,Large Box,Karnataka,Tumkur,South,India,2011-07-03,2011-07-04,-921.68,11,874.4
Critical,0.07,65.99,5.26,Regular Air,Hotels / Hospitals,Canned Foods,Quail Eggs,Small Box,Karnataka,Tumkur,South,India,2011-07-03,2011-07-03,-204.93,2,106.65
High,0.07,21.98,8.32,Regular Air,Hotels / Hospitals,Processed Meat,Smoked Salmon,Wrap Bag,Uttar Pradesh,Bahraich,North,India,2011-07-03,2011-07-05,-8.88,1,29.99
High,0.08,4.76,0.88,Express Air,Personel Usage,Processed Meat,Smoked Salmon,Wrap Bag,Maharashtra,Chandrapur,West,India,2011-07-03,2011-07-05,10.274099999999999,3,14.89
High,0.09,150.98,13.99,Regular Air,Stand Alone Restaurants,Canned Foods,Sliced Pineapple,Medium Box,Bihar,Jhanjharpur,North,India,2011-07-04,2011-07-04,1884.4621000000002,55,6814.28
Low,0.09,19.98,4.0,Regular Air,Restaurant Chain,Canned Foods,Assorted Fruits,Small Box,Madhya Pradesh,Ratlam,West,India,2011-07-04,2011-07-11,-65.67,2,40.87
High,0.01,18.94,1.49,Regular Air,Hotels / Hospitals,Processed Meat,Bacon,Small Box,Madhya Pradesh,Morena,West,India,2011-07-04,2011-07-05,27.1722,2,39.38
High,0.09,2.98,2.03,Regular Air,Hotels / Hospitals,Processed Meat,Foie Gras,Wrap Bag,Madhya Pradesh,Tikamgarh,West,India,2011-07-04,2011-07-06,-31.22,10,29.63
Medium,0.05,71.37,69.0,Regular Air,Personel Usage,Preserved Food,Jams,Large Box,Madhya Pradesh,Rewa,West,India,2011-07-09,2011-07-09,-1730.3,47,2819.81
High,0.09,39.98,9.2,Express Air,Personel Usage,Preserved Food,Marmalade,Wrap Bag,Maharashtra,Nandurbar,West,India,2011-07-09,2011-07-11,154.16,11,409.73
Medium,0.06,17.48,1.99,Regular Air,Hotels / Hospitals,Canned Foods,Assorted Fruits,Small Pack,Uttar Pradesh,Sultanpur,North,India,2011-07-16,2011-07-17,-0.896,3,52.42
High,0.05,4.37,5.15,Regular Air,Restaurant Chain,Processed Meat,Jelly Fish,Small Box,Rajasthan,Jaipur,West,India,2011-07-17,2011-07-19,-145.1,13,58.26
High,0.06,19.84,4.1,Regular Air,Restaurant Chain,Processed Meat,Foie Gras,Wrap Bag,Rajasthan,Jaipur,West,India,2011-07-17,2011-07-19,106.83959999999999,8,154.84
Medium,0.02,15.98,4.0,Regular Air,Hotels / Hospitals,Canned Foods,Assorted Fruits,Small Box,Punjab,Hoshiarpur,West,India,2011-07-18,2011-07-18,31.487399999999997,14,227.04
Medium,0.01,243.98,62.94,Delivery Truck,Restaurant Chain,Preserved Food,Sundried Tomatoes,Jumbo Drum,Maharashtra,Latur,West,India,2011-07-18,2011-07-19,-7.49,1,277.84
High,0.01,2.62,0.8,Express Air,Restaurant Chain,Processed Meat,Tuna,Wrap Bag,Orissa,Bhadrak,East,India,2011-07-19,2011-07-20,-117.7876,14,38.95
Not Specified,0.06,125.99,8.08,Regular Air,Restaurant Chain,Canned Foods,Quail Eggs,Small Box,Orissa,Bhadrak,East,India,2011-07-19,2011-07-20,-375.704,3,308.04
Not Specified,0.08,205.99,8.99,Regular Air,Hotels / Hospitals,Canned Foods,Quail Eggs,Small Box,Orissa,Jajapur,East,India,2011-07-19,2011-07-21,288.342,2,347.94
Critical,0.02,120.98,30.0,Delivery Truck,Personel Usage,Preserved Food,Sundried Tomatoes,Jumbo Drum,Madhya Pradesh,Rewa,West,India,2011-07-23,2011-07-24,-64.14,14,1711.44
High,0.0001,80.98,4.5,Regular Air,Personel Usage,Processed Meat,Jelly Fish,Small Box,Maharashtra,Kalyan,West,India,2011-07-23,2011-07-25,157.45,3,252.66
Low,0.04,115.99,2.5,Express Air,Restaurant Chain,Canned Foods,Quail Eggs,Small Box,Bihar,Hajipur,North,India,2011-07-23,2011-07-30,-43.252,4,390.41
High,0.04,5.98,7.5,Express Air,Hotels / Hospitals,Processed Meat,Smoked Salmon,Small Box,Uttar Pradesh,Ghaziabad,North,India,2011-07-24,2011-07-26,-193.48,58,354.4
High,0.1,7.1,6.05,Express Air,Hotels / Hospitals,Processed Meat,Bacon,Small Box,Madhya Pradesh,Rewa,West,India,2011-07-24,2011-07-24,-54.671,25,180.79
Medium,0.07,284.98,69.55,Delivery Truck,Hotels / Hospitals,Preserved Food,Sundried Tomatoes,Jumbo Drum,Madhya Pradesh,Rewa,West,India,2011-07-24,2011-07-25,-113.08,16,4410.92
Medium,0.03,107.53,5.81,Express Air,Hotels / Hospitals,Preserved Food,Marmalade,Medium Box,Madhya Pradesh,Rewa,West,India,2011-07-24,2011-07-25,1759.72,54,5941.63
High,0.1,7.1,6.05,Express Air,Hotels / Hospitals,Processed Meat,Bacon,Small Box,Tamil Nadu,Perambalur,South,India,2011-07-24,2011-07-24,-54.671,6,43.39
Medium,0.07,284.98,69.55,Delivery Truck,Hotels / Hospitals,Preserved Food,Sundried Tomatoes,Jumbo Drum,Tamil Nadu,Perambalur,South,India,2011-07-24,2011-07-25,-113.08,4,1102.73
Medium,0.03,107.53,5.81,Express Air,Hotels / Hospitals,Preserved Food,Marmalade,Medium Box,Tamil Nadu,Perambalur,South,India,2011-07-24,2011-07-25,1062.8898,14,1540.42
High,0.08,7.28,5.47,Regular Air,Personel Usage,Processed Meat,Smoked Salmon,Small Box,Maharashtra,Baramati,West,India,2011-07-25,2011-07-27,-28.13,5,36.1
High,0.04,26.38,5.86,Regular Air,Stand Alone Restaurants,Processed Meat,Smoked Salmon,Small Box,Madhya Pradesh,Rewa,West,India,2011-07-26,2011-07-27,479.62,56,1538.63
High,0.0001,3.26,1.86,Regular Air,Stand Alone Restaurants,Processed Meat,Foie Gras,Wrap Bag,Madhya Pradesh,Rewa,West,India,2011-07-26,2011-07-28,2.36,37,128.87
High,0.02,9.27,4.39,Regular Air,Hotels / Hospitals,Processed Meat,Smoked Salmon,Wrap Bag,Tamil Nadu,Theni,South,India,2011-07-26,2011-07-27,12.97,5,50.07
High,0.09,3.98,5.26,Regular Air,Hotels / Hospitals,Processed Meat,Bacon,Small Box,Rajasthan,Ganganagar,West,India,2011-07-26,2011-08-02,-122.6705,10,37.81
High,0.1,5.84,0.83,Regular Air,Hotels / Hospitals,Processed Meat,Foie Gras,Wrap Bag,Rajasthan,Ganganagar,West,India,2011-07-26,2011-08-02,27.089399999999998,7,39.26
High,0.08,1.82,0.83,Regular Air,Restaurant Chain,Processed Meat,Foie Gras,Wrap Bag,Uttar Pradesh,Chandauli,North,India,2011-07-27,2011-07-28,-8.95,13,22.67
Low,0.09,53.98,5.5,Regular Air,Hotels / Hospitals,Canned Foods,Assorted Fruits,Small Box,Bihar,Jamui,North,India,2011-07-28,2011-08-01,-64.24600000000001,4,200.29
High,0.03,2.98,2.03,Regular Air,Hotels / Hospitals,Processed Meat,Foie Gras,Wrap Bag,Bihar,Jamui,North,India,2011-07-28,2011-07-30,87.744,2,6.82
High,0.03,2.2,1.2,Regular Air,Hotels / Hospitals,Processed Meat,Foie Gras,Wrap Bag,Karnataka,Bidar,South,India,2011-07-29,2011-07-31,4.48,14,32.02
High,0.03,35.89,14.72,Regular Air,Personel Usage,Processed Meat,Caviar,Small Box,Rajasthan,Pali,West,India,2011-07-31,2011-07-31,114.5988,12,434.6
High,0.01,4.54,5.83,Regular Air,Hotels / Hospitals,Processed Meat,Bacon,Small Box,Andhra Pradesh,Vijayawada,South,India,2011-08-03,2011-08-04,-39.83278,10,48.5
High,0.08,14.42,6.75,Regular Air,Personel Usage,Processed Meat,Jelly Fish,Medium Box,Madhya Pradesh,Rewa,West,India,2011-08-04,2011-08-06,-54.34,81,1108.22
Critical,0.08,100.89,42.0,Delivery Truck,Personel Usage,Preserved Food,Sundried Tomatoes,Jumbo Drum,Madhya Pradesh,Rewa,West,India,2011-08-04,2011-08-05,-62.19,2,284.48
High,0.09,1.82,1.0,Regular Air,Hotels / Hospitals,Processed Meat,Foie Gras,Wrap Bag,Gujarat,Bharuch,West,India,2011-08-04,2011-08-05,1136.484,16,29.06
High,0.02,120.98,9.07,Regular Air,Restaurant Chain,Processed Meat,Bacon,Small Box,Uttar Pradesh,Pilibhit,North,India,2011-08-04,2011-08-04,214.338,6,718.47
Critical,0.1,100.98,57.38,Delivery Truck,Restaurant Chain,Preserved Food,Pickle,Jumbo Box,Uttar Pradesh,Pilibhit,North,India,2011-08-04,2011-08-06,5273.286,6,602.6
High,0.09,59.76,9.71,Regular Air,Restaurant Chain,Processed Meat,Fresh Water Eel,Small Box,Uttar Pradesh,Pilibhit,North,India,2011-08-04,2011-08-05,271.818,14,826.78
Not Specified,0.0001,35.99,1.25,Regular Air,Hotels / Hospitals,Canned Foods,Quail Eggs,Small Pack,Tamil Nadu,Coimbatore,South,India,2011-08-04,2011-08-06,-139.93,20,624.07
High,0.1,14.48,6.46,Express Air,Restaurant Chain,Processed Meat,Bacon,Small Box,Madhya Pradesh,Rewa,West,India,2011-08-06,2011-08-09,28.551500000000004,43,626.46
Critical,0.03,102.3,21.26,Regular Air,Restaurant Chain,Preserved Food,Marmalade,Large Box,Madhya Pradesh,Rewa,West,India,2011-08-06,2011-08-08,855.14,83,8686.35
High,0.07,5.98,10.39,Regular Air,Stand Alone Restaurants,Processed Meat,Smoked Salmon,Small Box,Kerala,Trivandrum,South,India,2011-08-06,2011-08-10,-258.44,1,11.04
High,0.1,14.48,6.46,Express Air,Restaurant Chain,Processed Meat,Bacon,Small Box,Bihar,Sheohar,North,India,2011-08-06,2011-08-09,42.256220000000006,11,160.26
Critical,0.03,102.3,21.26,Regular Air,Restaurant Chain,Preserved Food,Marmalade,Large Box,Bihar,Sheohar,North,India,2011-08-06,2011-08-08,1265.6072,21,2197.75
High,0.08,6.68,5.2,Regular Air,Personel Usage,Processed Meat,Smoked Salmon,Small Box,Assam,Barpeta,East,India,2011-08-07,2011-08-07,-12.2304,5,34.13
Not Specified,0.02,20.28,6.68,Regular Air,Restaurant Chain,Preserved Food,Marmalade,Small Box,Jammu And Kashmir,Srinagar,North,India,2011-08-07,2011-08-08,563.8019999999999,22,475.21
High,0.0001,40.98,5.33,Regular Air,Personel Usage,Processed Meat,Jelly Fish,Small Box,Haryana,Rohtak,North,India,2011-08-08,2011-08-09,546.2108999999999,18,791.61
Not Specified,0.05,85.99,2.79,Regular Air,Personel Usage,Canned Foods,Quail Eggs,Small Box,Karnataka,Raichur,South,India,2011-08-09,2011-08-09,690.8831999999999,14,1001.28
High,0.06,22.99,8.99,Regular Air,Hotels / Hospitals,Processed Meat,Foie Gras,Small Pack,Uttar Pradesh,Ghaziabad,North,India,2011-08-10,2011-08-12,-14.31,68,1559.08
High,0.03,35.44,7.5,Express Air,Restaurant Chain,Processed Meat,Smoked Salmon,Small Box,Gujarat,Rajkot,West,India,2011-08-12,2011-08-13,5351.2413,7,254.42
High,0.1,3.28,3.97,Regular Air,Restaurant Chain,Processed Meat,Foie Gras,Wrap Bag,Gujarat,Rajkot,West,India,2011-08-12,2011-08-15,-330.568,2,7.67
High,0.02,37.94,5.08,Regular Air,Personel Usage,Processed Meat,Smoked Salmon,Wrap Bag,Jharkhand,Giridih,North,India,2011-08-18,2011-08-19,221.274,3,121.53
Medium,0.01,4.98,4.62,Regular Air,Personel Usage,Canned Foods,Assorted Fruits,Small Pack,Uttar Pradesh,Ghosi,North,India,2011-08-18,2011-08-18,17.595,4,22.62
High,0.08,21.38,8.99,Regular Air,Personel Usage,Processed Meat,Foie Gras,Small Pack,Uttar Pradesh,Ghosi,North,India,2011-08-18,2011-08-20,-135.156,3,63.45
High,0.08,14.81,13.32,Regular Air,Personel Usage,Processed Meat,Jelly Fish,Small Box,Bihar,Jhanjharpur,North,India,2011-08-19,2011-08-21,-305.4611,65,918.54
Not Specified,0.05,7.99,5.03,Regular Air,Restaurant Chain,Canned Foods,Quail Eggs,Medium Box,Uttar Pradesh,Faizabad,North,India,2011-08-20,2011-08-20,-238.74620000000004,19,129.38
Not Specified,0.07,122.99,70.2,Delivery Truck,Stand Alone Restaurants,Preserved Food,Sundried Tomatoes,Jumbo Drum,Telangana,Warangal,South,India,2011-08-20,2011-08-22,-160.412,5,626.69
Medium,0.06,55.99,1.25,Express Air,Hotels / Hospitals,Canned Foods,Quail Eggs,Small Pack,Karnataka,Mysore,South,India,2011-08-21,2011-08-23,-15.372,20,952.26
Low,0.02,14.34,5.0,Regular Air,Stand Alone Restaurants,Preserved Food,Marmalade,Small Pack,Uttar Pradesh,Shahjahanpur,North,India,2011-08-21,2011-08-26,63.735299999999995,6,92.37
High,0.04,152.48,6.5,Regular Air,Restaurant Chain,Canned Foods,Assorted Fruits,Small Box,Maharashtra,Pune,West,India,2011-08-23,2011-08-25,802.1739,22,3445.81
High,0.08,5.58,5.3,Regular Air,Stand Alone Restaurants,Processed Meat,Caviar,Small Box,Jharkhand,Ranchi,North,India,2011-08-23,2011-08-23,-26.842399999999998,12,68.36
High,0.0001,1.14,0.7,Regular Air,Hotels / Hospitals,Processed Meat,Tuna,Wrap Bag,Jharkhand,Lohardaga,North,India,2011-08-25,2011-08-27,-69.0851,2,2.66
High,0.02,35.44,5.09,Regular Air,Restaurant Chain,Processed Meat,Smoked Salmon,Small Box,Uttar Pradesh,Ghaziabad,North,India,2011-08-26,2011-08-28,389.07,43,1622.03
Medium,0.08,125.99,5.26,Regular Air,Restaurant Chain,Canned Foods,Quail Eggs,Small Box,Uttar Pradesh,Ghaziabad,North,India,2011-08-26,2011-08-27,162.108,29,3085.78
High,0.08,21.66,13.99,Regular Air,Hotels / Hospitals,Processed Meat,Jelly Fish,Medium Box,Kerala,Malappuram,South,India,2011-08-26,2011-08-28,1248.888,13,267.92
High,0.01,35.99,3.3,Regular Air,Hotels / Hospitals,Canned Foods,Quail Eggs,Small Pack,Kerala,Malappuram,South,India,2011-08-26,2011-08-28,-46.76,20,623.88
High,0.06,155.99,8.99,Regular Air,Hotels / Hospitals,Canned Foods,Quail Eggs,Small Box,Kerala,Malappuram,South,India,2011-08-26,2011-08-27,70.99199999999999,5,623.18
High,0.05,218.75,69.64,Delivery Truck,Hotels / Hospitals,Preserved Food,Jams,Jumbo Box,Punjab,Patiala,West,India,2011-08-26,2011-08-28,-108.19200000000001,5,854.46
High,0.09,7.77,9.23,Regular Air,Hotels / Hospitals,Processed Meat,Jelly Fish,Small Box,Madhya Pradesh,Jabalpur,West,India,2011-08-26,2011-08-27,-12.838000000000001,19,139.86
High,0.07,15.14,4.53,Regular Air,Hotels / Hospitals,Processed Meat,Fresh Water Eel,Small Box,Madhya Pradesh,Jabalpur,West,India,2011-08-26,2011-08-27,-72.436,13,185.08
Low,0.02,33.29,1.99,Regular Air,Personel Usage,Canned Foods,Assorted Fruits,Small Pack,Rajasthan,Kota,West,India,2011-08-28,2011-08-28,371.01599999999996,3,97.88
Medium,0.0001,89.99,42.0,Delivery Truck,Hotels / Hospitals,Preserved Food,Sundried Tomatoes,Jumbo Drum,Maharashtra,Kalyan,West,India,2011-08-29,2011-08-31,-208.1716,17,1625.11
High,0.1,12.22,2.85,Regular Air,Hotels / Hospitals,Preserved Food,Marmalade,Small Pack,Uttar Pradesh,Ghaziabad,North,India,2011-08-30,2011-09-01,-7.39,2,28.8
High,0.07,55.98,5.15,Regular Air,Stand Alone Restaurants,Processed Meat,Smoked Salmon,Small Box,Uttar Pradesh,Hathras,North,India,2011-08-30,2011-08-31,86.79599999999999,15,843.39
High,0.03,7.99,5.03,Regular Air,Stand Alone Restaurants,Canned Foods,Quail Eggs,Medium Box,Uttar Pradesh,Hathras,North,India,2011-08-30,2011-08-31,-140.65464,8,56.82
High,0.01,2.88,0.5,Regular Air,Personel Usage,Processed Meat,Oysters (Clam),Small Box,Uttar Pradesh,Ghaziabad,North,India,2011-08-31,2011-09-02,43.37,67,191.93
High,0.01,2.88,0.5,Regular Air,Personel Usage,Processed Meat,Oysters (Clam),Small Box,Uttar Pradesh,Chandauli,North,India,2011-08-31,2011-09-02,33.603,17,48.7
High,0.08,10.23,4.68,Regular Air,Personel Usage,Processed Meat,Pacific Squid,Small Pack,Chhattisgarh,Durg,North,India,2011-08-31,2011-08-31,-26.052000000000003,17,168.55
High,0.05,1.98,4.77,Regular Air,Hotels / Hospitals,Processed Meat,Bacon,Small Box,Uttar Pradesh,Jaunpur,North,India,2011-09-01,2011-09-08,-148.7985,17,36.67
High,0.05,3.14,1.92,Regular Air,Stand Alone Restaurants,Processed Meat,Pacific Squid,Wrap Bag,Kerala,Trivandrum,South,India,2011-09-01,2011-09-01,-26.124000000000002,19,59.24
Medium,0.02,99.99,19.99,Regular Air,Hotels / Hospitals,Canned Foods,Assorted Fruits,Small Box,Madhya Pradesh,Rewa,West,India,2011-09-03,2011-09-04,-270.48,13,1361.95
High,0.05,8.74,8.29,Regular Air,Stand Alone Restaurants,Processed Meat,Caviar,Small Box,Andhra Pradesh,Machilipatnam,South,India,2011-09-03,2011-09-05,-32.35,3,28.46
High,0.09,30.56,2.99,Regular Air,Hotels / Hospitals,Processed Meat,Bacon,Small Box,West Bengal,Medinipur,East,India,2011-09-04,2011-09-06,-188.5954,5,139.05
Medium,0.01,4.89,4.93,Regular Air,Restaurant Chain,Canned Foods,Assorted Fruits,Small Pack,Bihar,Aurangabad,North,India,2011-09-05,2011-09-07,-92.04,12,64.44
Not Specified,0.02,20.24,6.67,Regular Air,Hotels / Hospitals,Preserved Food,Marmalade,Small Pack,Maharashtra,Palghar,West,India,2011-09-05,2011-09-07,-116.97,20,431.54
High,0.09,4.71,0.7,Regular Air,Hotels / Hospitals,Processed Meat,Tuna,Wrap Bag,Maharashtra,Palghar,West,India,2011-09-05,2011-09-08,-125.97200000000001,12,54.83
Not Specified,0.01,99.99,19.99,Regular Air,Hotels / Hospitals,Canned Foods,Assorted Fruits,Small Box,Maharashtra,Ramtek,West,India,2011-09-06,2011-09-08,199.73,9,917.73
High,0.02,33.29,8.74,Regular Air,Hotels / Hospitals,Processed Meat,Fresh Water Eel,Small Box,Uttar Pradesh,Sambhal,North,India,2011-09-06,2011-09-08,2505.7518,19,667.3
High,0.07,7.64,1.39,Regular Air,Hotels / Hospitals,Processed Meat,Caviar,Small Box,Gujarat,Surendranagar,West,India,2011-09-07,2011-09-08,91.33529999999999,18,132.37
High,0.01,4.0,1.3,Regular Air,Restaurant Chain,Processed Meat,Smoked Salmon,Wrap Bag,West Bengal,Arambagh,East,India,2011-09-07,2011-09-08,-43.036,16,65.2
High,0.05,12.88,4.59,Regular Air,Restaurant Chain,Processed Meat,Pacific Squid,Wrap Bag,West Bengal,Arambagh,East,India,2011-09-07,2011-09-08,150.402,16,211.52
High,0.09,4.13,1.23,Regular Air,Restaurant Chain,Processed Meat,Foie Gras,Wrap Bag,Madhya Pradesh,Rewa,West,India,2011-09-08,2011-09-10,5.91,64,250.0
High,0.03,5.18,5.74,Regular Air,Restaurant Chain,Processed Meat,Bacon,Small Box,Maharashtra,Pune,West,India,2011-09-09,2011-09-10,313.014,14,74.34
Not Specified,0.08,120.98,58.64,Delivery Truck,Restaurant Chain,Preserved Food,Pickle,Jumbo Box,Punjab,Faridkot,West,India,2011-09-09,2011-09-12,18.954,16,1878.12
High,0.01,6.3,0.5,Regular Air,Restaurant Chain,Processed Meat,Oysters (Clam),Small Box,Punjab,Faridkot,West,India,2011-09-09,2011-09-11,145.896,4,26.95
Critical,0.02,40.97,1.99,Regular Air,Hotels / Hospitals,Canned Foods,Assorted Fruits,Small Pack,Tamil Nadu,Sivaganga,South,India,2011-09-10,2011-09-11,378.16139999999996,13,548.06
High,0.03,55.48,6.79,Express Air,Personel Usage,Processed Meat,Smoked Salmon,Small Box,Telangana,Mahbubnagar,South,India,2011-09-10,2011-09-12,-47.838,15,821.92
High,0.09,14.27,7.27,Express Air,Personel Usage,Processed Meat,Bacon,Small Box,Assam,Abhayapuri,East,India,2011-09-12,2011-09-12,-14.352,1,28.75
Not Specified,0.06,6783.02,24.49,Regular Air,Personel Usage,Canned Foods,Sliced Pineapple,Large Box,Assam,Abhayapuri,East,India,2011-09-12,2011-09-14,-10263.6597,2,9507.12
High,0.0001,8.14,3.12,Regular Air,Personel Usage,Processed Meat,Foie Gras,Wrap Bag,Assam,Abhayapuri,East,India,2011-09-12,2011-09-13,56.75,21,175.78
High,0.02,4.54,5.83,Regular Air,Restaurant Chain,Processed Meat,Bacon,Small Box,Madhya Pradesh,Rewa,West,India,2011-09-13,2011-09-14,-74.405,38,183.0
Critical,0.02,28.48,8.99,Regular Air,Restaurant Chain,Canned Foods,Assorted Fruits,Small Pack,Madhya Pradesh,Rewa,West,India,2011-09-13,2011-09-15,-108.14,33,965.16
High,0.1,5.4,7.78,Regular Air,Personel Usage,Processed Meat,Bacon,Small Box,Haryana,Faridabad,North,India,2011-09-13,2011-09-14,-151.466,10,53.11
High,0.02,4.54,5.83,Regular Air,Restaurant Chain,Processed Meat,Bacon,Small Box,Bihar,Sheohar,North,India,2011-09-13,2011-09-14,-74.405,10,48.16
Critical,0.02,28.48,8.99,Regular Air,Restaurant Chain,Canned Foods,Assorted Fruits,Small Pack,Bihar,Sheohar,North,India,2011-09-13,2011-09-15,-108.14,8,233.98
High,0.06,48.58,3.99,Regular Air,Personel Usage,Processed Meat,Jelly Fish,Small Box,Punjab,Hoshiarpur,West,India,2011-09-14,2011-09-16,-250.348,21,960.75
Low,0.0001,499.99,24.49,Express Air,Restaurant Chain,Canned Foods,Wild Berry,Large Box,Andhra Pradesh,Nellore,South,India,2011-09-15,2011-09-22,-1312.84,21,10933.47
High,0.1,6.68,6.92,Regular Air,Personel Usage,Processed Meat,Smoked Salmon,Small Box,Tamil Nadu,Sivaganga,South,India,2011-09-17,2011-09-24,-74.03,9,57.22
High,0.06,9.9,1.39,Regular Air,Restaurant Chain,Processed Meat,Caviar,Small Box,Chhattisgarh,Korba,North,India,2011-09-17,2011-09-18,123.41999999999999,19,188.07
High,0.06,3.85,0.7,Regular Air,Personel Usage,Processed Meat,Foie Gras,Wrap Bag,Rajasthan,Dausa,West,India,2011-09-18,2011-09-22,-222.502,5,19.71
Low,0.01,22.24,1.99,Regular Air,Personel Usage,Canned Foods,Assorted Fruits,Small Pack,Rajasthan,Kota,West,India,2011-09-18,2011-09-22,17.808,16,366.37
Low,0.04,54.74,14.83,Regular Air,Personel Usage,Preserved Food,Marmalade,Small Box,Rajasthan,Kota,West,India,2011-09-18,2011-09-25,-92.9131,10,542.75
High,0.02,48.58,3.99,Regular Air,Stand Alone Restaurants,Processed Meat,Jelly Fish,Small Box,Uttar Pradesh,Ghaziabad,North,India,2011-09-19,2011-09-21,299.35,40,1968.73
High,0.01,78.69,19.99,Regular Air,Restaurant Chain,Preserved Food,Marmalade,Small Box,Madhya Pradesh,Rewa,West,India,2011-09-19,2011-09-19,1049.02,60,4850.76
High,0.05,145.98,51.92,Delivery Truck,Restaurant Chain,Preserved Food,Jams,Jumbo Box,Madhya Pradesh,Rewa,West,India,2011-09-19,2011-09-21,-310.95,27,4025.07
High,0.02,48.58,54.11,Delivery Truck,Hotels / Hospitals,Preserved Food,Pickle,Jumbo Box,Madhya Pradesh,Indore,West,India,2011-09-19,2011-09-21,-1348.06,15,745.86
High,0.07,39.48,1.99,Regular Air,Hotels / Hospitals,Canned Foods,Assorted Fruits,Small Pack,Madhya Pradesh,Indore,West,India,2011-09-19,2011-09-19,269.27,15,561.76
Medium,0.09,34.99,5.5,Regular Air,Restaurant Chain,Canned Foods,Assorted Fruits,Small Box,Andhra Pradesh,Srikakulam,South,India,2011-09-19,2011-09-20,169.15,13,432.95
High,0.1,8.67,3.5,Express Air,Hotels / Hospitals,Processed Meat,Jelly Fish,Small Box,Kerala,Pathanamthitta,South,India,2011-09-20,2011-09-21,-11.88,17,147.5
Low,0.01,146.05,80.2,Delivery Truck,Restaurant Chain,Preserved Food,Jams,Jumbo Box,Madhya Pradesh,Sagar,West,India,2011-09-20,2011-09-24,-1704.89,19,2839.31
Low,0.01,100.98,26.22,Delivery Truck,Hotels / Hospitals,Preserved Food,Pickle,Jumbo Box,West Bengal,Murshidabad,East,India,2011-09-21,2011-09-23,226.63,10,1072.17
Not Specified,0.08,499.99,24.49,Regular Air,Hotels / Hospitals,Canned Foods,Wild Berry,Large Box,Uttar Pradesh,Ghaziabad,North,India,2011-09-23,2011-09-25,-234.79,42,19706.0
High,0.05,83.98,5.01,Regular Air,Stand Alone Restaurants,Processed Meat,Caviar,Small Box,Maharashtra,Sangli,West,India,2011-09-23,2011-09-25,647.9237999999999,11,939.02
Not Specified,0.08,205.99,8.99,Regular Air,Personel Usage,Canned Foods,Quail Eggs,Small Box,Bihar,Khagaria,North,India,2011-09-23,2011-09-24,-174.7816,22,3791.92
High,0.1,35.89,14.72,Express Air,Hotels / Hospitals,Processed Meat,Caviar,Small Box,Tamil Nadu,Tenkasi,South,India,2011-09-24,2011-09-25,91.56,21,685.17
High,0.03,2.08,1.49,Regular Air,Hotels / Hospitals,Processed Meat,Bacon,Small Box,Tamil Nadu,Theni,South,India,2011-09-24,2011-09-26,-9.361,20,43.84
High,0.09,4.0,1.3,Regular Air,Personel Usage,Processed Meat,Smoked Salmon,Wrap Bag,Uttar Pradesh,Ghaziabad,North,India,2011-09-25,2011-09-29,20.82,58,213.48
Low,0.07,85.99,10.78,Express Air,Personel Usage,Canned Foods,Quail Eggs,Small Box,Uttar Pradesh,Ghaziabad,North,India,2011-09-25,2011-09-25,310.572,64,4504.21
High,0.1,40.98,2.99,Express Air,Hotels / Hospitals,Processed Meat,Bacon,Small Box,Madhya Pradesh,Rewa,West,India,2011-09-26,2011-09-27,112.05550000000001,16,663.96
Low,0.04,6.64,4.95,Regular Air,Stand Alone Restaurants,Preserved Food,Marmalade,Small Pack,Gujarat,Vadodara,West,India,2011-09-26,2011-09-28,14.57,3,22.77
High,0.1,2.88,0.5,Regular Air,Personel Usage,Processed Meat,Oysters (Clam),Small Box,Madhya Pradesh,Dhar,West,India,2011-09-26,2011-09-27,374.98679999999996,17,46.5
High,0.05,1.68,0.7,Regular Air,Hotels / Hospitals,Processed Meat,Foie Gras,Wrap Bag,Uttar Pradesh,Misrikh,North,India,2011-09-26,2011-09-29,-3.89,5,8.3
High,0.01,10.98,4.8,Regular Air,Hotels / Hospitals,Processed Meat,Caviar,Small Box,Uttar Pradesh,Baghpat,North,India,2011-09-26,2011-09-27,37.9,12,132.66
High,0.02,14.56,3.5,Regular Air,Restaurant Chain,Processed Meat,Jelly Fish,Small Box,Assam,Guwahati,East,India,2011-09-26,2011-09-28,-34.818,23,342.92
High,0.08,85.99,2.5,Regular Air,Restaurant Chain,Canned Foods,Quail Eggs,Small Box,Assam,Guwahati,East,India,2011-09-26,2011-09-27,-559.538,20,1371.78
Low,0.05,264.98,17.86,Delivery Truck,Hotels / Hospitals,Canned Foods,Sliced Pineapple,Jumbo Drum,Orissa,Jajapur,East,India,2011-09-27,2011-09-29,6.598800000000001,4,1087.48
Low,0.02,81.94,55.81,Delivery Truck,Personel Usage,Preserved Food,Pickle,Jumbo Box,Madhya Pradesh,Vidisha,West,India,2011-09-27,2011-10-02,-624.29,12,1047.19
Critical,0.0001,39.48,1.99,Regular Air,Stand Alone Restaurants,Canned Foods,Assorted Fruits,Small Pack,Telangana,Nizamabad,South,India,2011-09-28,2011-09-30,62.93,7,284.65
High,0.08,289.53,19.99,Regular Air,Hotels / Hospitals,Processed Meat,Jelly Fish,Small Box,Uttar Pradesh,Aonla,North,India,2011-09-29,2011-09-30,2723.31,17,4573.53
High,0.08,6.48,5.4,Regular Air,Hotels / Hospitals,Processed Meat,Smoked Salmon,Small Box,Uttar Pradesh,Aonla,North,India,2011-09-29,2011-10-01,-90.42,23,143.71
Critical,0.05,90.97,14.0,Delivery Truck,Hotels / Hospitals,Canned Foods,Sliced Pineapple,Jumbo Drum,Maharashtra,Osmanabad,West,India,2011-09-29,2011-09-29,10.970099999999999,18,1593.16
High,0.09,11.97,4.98,Express Air,Hotels / Hospitals,Processed Meat,Jelly Fish,Small Box,Assam,Abhayapuri,East,India,2011-10-03,2011-10-04,-51.753600000000006,22,251.3
High,0.08,10.31,1.79,Regular Air,Stand Alone Restaurants,Processed Meat,Smoked Salmon,Wrap Bag,Andhra Pradesh,Rajampet,South,India,2011-10-03,2011-10-04,3.542,2,21.2
Not Specified,0.06,130.98,30.0,Delivery Truck,Restaurant Chain,Preserved Food,Sundried Tomatoes,Jumbo Drum,Orissa,Puri,East,India,2011-10-03,2011-10-04,-282.7116,8,1057.4
High,0.04,4.91,5.68,Regular Air,Restaurant Chain,Processed Meat,Bacon,Small Box,Uttar Pradesh,Ghazipur,North,India,2011-10-04,2011-10-11,-554.6310000000001,14,73.09
High,0.06,15.99,13.18,Regular Air,Restaurant Chain,Processed Meat,Bacon,Small Box,Uttar Pradesh,Ghazipur,North,India,2011-10-04,2011-10-04,-1.861999999999978,15,244.8
High,0.04,6.54,5.27,Regular Air,Restaurant Chain,Processed Meat,Bacon,Small Box,Uttar Pradesh,Ghazipur,North,India,2011-10-04,2011-10-04,5050.5402,22,141.92
Not Specified,0.0001,119.99,56.14,Delivery Truck,Personel Usage,Canned Foods,Sliced Pineapple,Jumbo Box,Uttar Pradesh,Ghaziabad,North,India,2011-10-06,2011-10-08,-17.29908,29,3825.05
Not Specified,0.02,35.99,5.0,Regular Air,Personel Usage,Canned Foods,Quail Eggs,Small Box,Uttar Pradesh,Ghaziabad,North,India,2011-10-06,2011-10-08,-134.54760000000002,61,1964.4
High,0.03,4.06,6.89,Regular Air,Restaurant Chain,Processed Meat,Jelly Fish,Small Box,Uttar Pradesh,Baghpat,North,India,2011-10-07,2011-10-08,-308.53200000000004,88,358.93
Critical,0.03,99.99,19.99,Regular Air,Restaurant Chain,Canned Foods,Sliced Pineapple,Small Box,Uttar Pradesh,Baghpat,North,India,2011-10-07,2011-10-08,153.864,32,3356.48
High,0.01,11.58,6.97,Regular Air,Restaurant Chain,Processed Meat,Caviar,Small Box,Uttar Pradesh,Baghpat,North,India,2011-10-07,2011-10-09,1.528,49,585.62
Not Specified,0.02,17.48,1.99,Regular Air,Personel Usage,Canned Foods,Assorted Fruits,Small Pack,Bihar,Jhanjharpur,North,India,2011-10-08,2011-10-09,-32.5584,14,248.1
Not Specified,0.0001,16.48,1.99,Regular Air,Restaurant Chain,Canned Foods,Assorted Fruits,Small Pack,Madhya Pradesh,Ratlam,West,India,2011-10-08,2011-10-09,157.0348,14,231.62
Not Specified,0.05,89.99,42.0,Delivery Truck,Restaurant Chain,Preserved Food,Sundried Tomatoes,Jumbo Drum,Bihar,Darbhanga,North,India,2011-10-08,2011-10-10,-555.3144,11,968.28
Not Specified,0.02,155.99,8.08,Regular Air,Personel Usage,Canned Foods,Quail Eggs,Small Box,West Bengal,Raiganj,East,India,2011-10-08,2011-10-10,-124.684,3,417.11
High,0.03,11.33,6.12,Regular Air,Personel Usage,Processed Meat,Jelly Fish,Medium Box,Bihar,Begusarai,North,India,2011-10-09,2011-10-11,-13.176,18,200.64
High,0.03,178.47,19.99,Regular Air,Restaurant Chain,Processed Meat,Fresh Water Eel,Small Box,Bihar,Hajipur,North,India,2011-10-09,2011-10-16,173.7972,4,715.2
High,0.05,4.48,49.0,Regular Air,Hotels / Hospitals,Processed Meat,Jelly Fish,Large Box,Andhra Pradesh,Anantapur,South,India,2011-10-12,2011-10-14,472.9752,4,40.16
Critical,0.04,20.95,5.99,Regular Air,Hotels / Hospitals,Canned Foods,Assorted Fruits,Small Box,Andhra Pradesh,Anantapur,South,India,2011-10-12,2011-10-13,253.13579999999996,18,372.02
High,0.1,4.13,0.5,Regular Air,Restaurant Chain,Processed Meat,Oysters (Clam),Small Box,Karnataka,Gulbarga,South,India,2011-10-12,2011-10-14,805.758,1,3.92
High,0.08,4.73,1.52,Regular Air,Restaurant Chain,Processed Meat,Smoked Salmon,Wrap Bag,Karnataka,Gulbarga,South,India,2011-10-12,2011-10-13,20.076,10,45.51
High,0.07,419.19,19.99,Regular Air,Restaurant Chain,Processed Meat,Fresh Water Eel,Small Box,Karnataka,Gulbarga,South,India,2011-10-12,2011-10-13,698.43,1,397.64
High,0.03,304.99,19.99,Express Air,Hotels / Hospitals,Processed Meat,Bacon,Small Box,Uttar Pradesh,Baghpat,North,India,2011-10-16,2011-10-20,3189.1247999999996,15,4621.92
High,0.08,15.98,6.5,Regular Air,Hotels / Hospitals,Canned Foods,Assorted Fruits,Small Box,Madhya Pradesh,Balaghat,West,India,2011-10-18,2011-10-20,14.502,2,34.36
Low,0.06,40.96,1.99,Regular Air,Hotels / Hospitals,Canned Foods,Assorted Fruits,Small Pack,Haryana,Sonipat,North,India,2011-10-18,2011-10-23,508.23599999999993,1,41.58
Low,0.06,5.08,2.03,Regular Air,Stand Alone Restaurants,Preserved Food,Marmalade,Wrap Bag,West Bengal,Jalpaiguri,East,India,2011-10-18,2011-10-20,16.799200000000003,14,68.47
High,0.02,19.35,12.79,Regular Air,Personel Usage,Processed Meat,Bacon,Small Box,Uttar Pradesh,Gonda,North,India,2011-10-21,2011-10-22,161.56199999999998,6,119.26
Not Specified,0.04,3499.99,24.49,Regular Air,Restaurant Chain,Canned Foods,Wild Berry,Large Box,Uttar Pradesh,Ghaziabad,North,India,2011-10-22,2011-10-23,228.09040000000022,14,50332.66
High,0.03,167.27,35.0,Regular Air,Personel Usage,Processed Meat,Fresh Water Eel,Large Box,Madhya Pradesh,Rewa,West,India,2011-10-22,2011-10-24,-373.476,11,1991.72
High,0.06,7.4,1.71,Regular Air,Hotels / Hospitals,Processed Meat,Smoked Salmon,Wrap Bag,Telangana,Nizamabad,South,India,2011-10-24,2011-10-26,31.5652,9,65.29
High,0.07,34.76,8.22,Regular Air,Restaurant Chain,Processed Meat,Fresh Water Eel,Small Box,Uttar Pradesh,Robertsganj,North,India,2011-10-26,2011-10-27,-15.1416,4,139.89
Medium,0.03,15.23,27.75,Delivery Truck,Restaurant Chain,Preserved Food,Jams,Jumbo Box,Uttar Pradesh,Robertsganj,North,India,2011-10-26,2011-10-28,-173.22119999999998,4,77.11
Not Specified,0.04,120.98,56.7,Delivery Truck,Restaurant Chain,Preserved Food,Pickle,Jumbo Box,Tamil Nadu,Tiruvallur,South,India,2011-10-29,2011-10-31,-826.74,14,1701.21
High,0.1,5.98,5.46,Regular Air,Hotels / Hospitals,Processed Meat,Smoked Salmon,Small Box,Kerala,Trivandrum,South,India,2011-10-29,2011-10-30,80.838,20,113.3
High,0.03,14.42,6.75,Regular Air,Personel Usage,Processed Meat,Jelly Fish,Medium Box,Bihar,Jhanjharpur,North,India,2011-10-30,2011-11-01,-28.3157,9,141.82
High,0.04,420.98,19.99,Regular Air,Personel Usage,Processed Meat,Bacon,Small Box,Bihar,Jhanjharpur,North,India,2011-10-30,2011-11-01,899.975155,16,6983.56
Not Specified,0.0001,31.76,45.51,Delivery Truck,Hotels / Hospitals,Preserved Food,Jams,Jumbo Box,Rajasthan,Churu,West,India,2011-10-30,2011-10-30,-1349.3412,17,565.68
High,0.09,4.57,5.42,Regular Air,Hotels / Hospitals,Processed Meat,Bacon,Small Box,Rajasthan,Ganganagar,West,India,2011-10-30,2011-10-31,-123.91434000000001,16,72.34
High,0.07,6.88,2.0,Regular Air,Stand Alone Restaurants,Processed Meat,Smoked Salmon,Wrap Bag,Gujarat,Vadodara,West,India,2011-10-30,2011-10-30,68.14439999999999,20,132.7
High,0.01,2.52,4.28,Regular Air,Stand Alone Restaurants,Processed Meat,Foie Gras,Wrap Bag,Gujarat,Vadodara,West,India,2011-10-30,2011-10-30,-44.873999999999995,7,20.68
High,0.1,43.98,8.99,Regular Air,Hotels / Hospitals,Processed Meat,Foie Gras,Small Pack,Uttar Pradesh,Unnao,North,India,2011-10-30,2011-11-06,128.4596,19,756.03
High,0.09,2.88,0.7,Regular Air,Hotels / Hospitals,Processed Meat,Foie Gras,Wrap Bag,Madhya Pradesh,Rewa,West,India,2011-10-31,2011-11-02,15.0,83,236.19
High,0.04,4.91,5.68,Regular Air,Personel Usage,Processed Meat,Bacon,Small Box,Rajasthan,Barmer,West,India,2011-10-31,2011-11-02,3130.3601999999996,18,93.34
High,0.01,19.98,5.77,Regular Air,Personel Usage,Processed Meat,Smoked Salmon,Small Box,Rajasthan,Barmer,West,India,2011-10-31,2011-11-02,-265.062,22,472.62
High,0.02,45.99,4.99,Regular Air,Stand Alone Restaurants,Canned Foods,Quail Eggs,Small Box,Punjab,Bathinda,West,India,2011-10-31,2011-10-31,156.92256,11,444.34
Low,0.06,8.12,2.83,Regular Air,Hotels / Hospitals,Canned Foods,Assorted Fruits,Small Pack,Uttar Pradesh,Gonda,North,India,2011-11-01,2011-11-03,-155.638,9,71.01
Low,0.06,96.45,13.99,Regular Air,Hotels / Hospitals,Canned Foods,Sliced Pineapple,Medium Box,Uttar Pradesh,Gonda,North,India,2011-11-01,2011-11-05,-446.964,7,659.58
High,0.07,25.98,5.37,Regular Air,Hotels / Hospitals,Processed Meat,Jelly Fish,Medium Box,Haryana,Sirsa,North,India,2011-11-01,2011-11-08,-2.184,4,102.87
High,0.04,3.55,1.43,Regular Air,Hotels / Hospitals,Processed Meat,Tuna,Wrap Bag,Haryana,Sirsa,North,India,2011-11-01,2011-11-05,-49.7168,1,4.97
High,0.03,5.85,2.27,Regular Air,Stand Alone Restaurants,Processed Meat,Foie Gras,Wrap Bag,Telangana,Nizamabad,South,India,2011-11-01,2011-11-02,27.94,32,198.02
High,0.09,808.49,55.3,Delivery Truck,Stand Alone Restaurants,Canned Foods,Sliced Pineapple,Jumbo Drum,Uttar Pradesh,Baghpat,North,India,2011-11-03,2011-11-04,-1748.3433,3,2383.74
Low,0.05,150.98,66.27,Delivery Truck,Stand Alone Restaurants,Preserved Food,Pickle,Jumbo Box,Gujarat,Vadodara,West,India,2011-11-04,2011-11-09,153.81000000000017,30,4531.85
High,0.01,5.84,1.2,Regular Air,Restaurant Chain,Processed Meat,Foie Gras,Wrap Bag,Tamil Nadu,Tiruvannamalai,South,India,2011-11-04,2011-11-06,95.76600000000002,30,179.68
High,0.08,150.98,13.99,Regular Air,Personel Usage,Canned Foods,Sliced Pineapple,Medium Box,Uttar Pradesh,Phulpur,North,India,2011-11-08,2011-11-09,-186.074,38,5647.74
Medium,0.09,37.93,13.99,Regular Air,Hotels / Hospitals,Preserved Food,Marmalade,Wrap Bag,Maharashtra,Nashik,West,India,2011-11-09,2011-11-11,-574.546,20,729.6
High,0.06,4.98,6.07,Regular Air,Personel Usage,Processed Meat,Smoked Salmon,Small Box,Uttar Pradesh,Agra,North,India,2011-11-09,2011-11-11,395.328,8,44.35
Critical,0.0001,85.99,0.99,Express Air,Personel Usage,Canned Foods,Quail Eggs,Wrap Bag,Uttar Pradesh,Agra,North,India,2011-11-09,2011-11-09,821.454,21,1538.48
High,0.05,14.34,5.0,Regular Air,Hotels / Hospitals,Preserved Food,Marmalade,Small Pack,Kerala,Kottayam,South,India,2011-11-11,2011-11-12,284.52600000000007,36,519.23
High,0.0001,30.98,8.74,Regular Air,Hotels / Hospitals,Processed Meat,Smoked Salmon,Small Box,Kerala,Kottayam,South,India,2011-11-11,2011-11-12,859.2638999999999,37,1245.31
High,0.04,11.34,5.01,Regular Air,Stand Alone Restaurants,Processed Meat,Smoked Salmon,Small Box,Gujarat,Patan,West,India,2011-11-12,2011-11-13,27.5,13,148.69
Not Specified,0.1,65.99,8.99,Regular Air,Stand Alone Restaurants,Canned Foods,Quail Eggs,Small Box,Gujarat,Patan,West,India,2011-11-12,2011-11-14,581.5062,36,1860.26
High,0.03,167.27,35.0,Regular Air,Hotels / Hospitals,Processed Meat,Fresh Water Eel,Large Box,Rajasthan,Ajmer,West,India,2011-11-13,2011-11-15,100.41000000000014,33,5705.18
High,0.01,294.62,42.52,Delivery Truck,Hotels / Hospitals,Processed Meat,Jelly Fish,Jumbo Drum,Telangana,Mahbubnagar,South,India,2011-11-14,2011-11-15,75.67559999999999,10,3127.18
High,0.1,60.97,4.5,Express Air,Hotels / Hospitals,Processed Meat,Jelly Fish,Small Box,Telangana,Mahbubnagar,South,India,2011-11-14,2011-11-15,169.392,8,487.43
High,0.07,8.85,5.6,Express Air,Personel Usage,Processed Meat,Bacon,Small Box,Maharashtra,Baramati,West,India,2011-11-16,2011-11-17,1.3915000000000006,5,53.64
Medium,0.01,449.99,24.49,Regular Air,Personel Usage,Canned Foods,Wild Berry,Large Box,Maharashtra,Baramati,West,India,2011-11-16,2011-11-18,53.32480000000004,9,4129.7
Low,0.06,218.08,18.06,Regular Air,Restaurant Chain,Preserved Food,Sundried Tomatoes,Large Box,Orissa,Bargarh,East,India,2011-11-16,2011-11-23,-132.10399999999998,30,6226.83
High,0.0001,232.58,19.99,Regular Air,Personel Usage,Processed Meat,Jelly Fish,Small Box,Uttar Pradesh,Lucknow,North,India,2011-11-17,2011-11-18,5466.3939,33,7922.31
High,0.01,2.62,0.8,Regular Air,Personel Usage,Processed Meat,Tuna,Wrap Bag,Uttar Pradesh,Ghosi,North,India,2011-11-17,2011-11-20,176.65800000000002,31,83.49
High,0.1,2.18,7.09,Regular Air,Personel Usage,Processed Meat,Smoked Salmon,Wrap Bag,Uttar Pradesh,Ghaziabad,North,India,2011-11-19,2011-11-21,-81.08,51,128.18
High,0.01,20.98,5.42,Regular Air,Personel Usage,Processed Meat,Fresh Water Eel,Small Box,Uttar Pradesh,Ghaziabad,North,India,2011-11-19,2011-11-21,112.22,160,3607.56
High,0.1,2.18,7.09,Regular Air,Personel Usage,Processed Meat,Smoked Salmon,Wrap Bag,Uttar Pradesh,Chandauli,North,India,2011-11-19,2011-11-21,16.216000000000008,13,32.67
High,0.01,20.98,5.42,Regular Air,Personel Usage,Processed Meat,Fresh Water Eel,Small Box,Uttar Pradesh,Chandauli,North,India,2011-11-19,2011-11-21,246.88400000000001,40,901.89
Low,0.04,105.34,24.49,Regular Air,Restaurant Chain,Preserved Food,Marmalade,Large Box,Uttar Pradesh,Farrukhabad,North,India,2011-11-20,2011-11-20,930.8168999999999,13,1349.01
High,0.01,9.78,1.39,Express Air,Hotels / Hospitals,Processed Meat,Caviar,Small Box,West Bengal,Baharampur,East,India,2011-11-22,2011-11-24,4133.016,11,120.26
Low,0.09,195.99,4.2,Regular Air,Restaurant Chain,Canned Foods,Quail Eggs,Small Box,Uttar Pradesh,Nagina,North,India,2011-11-22,2011-11-29,89.48280000000011,8,1261.29
Not Specified,0.03,0.99,2.96,Regular Air,Personel Usage,Canned Foods,Assorted Fruits,Small Pack,Madhya Pradesh,Shahdol,West,India,2011-11-22,2011-11-23,5.532000000000007,9,11.06
High,0.01,6.84,4.42,Regular Air,Stand Alone Restaurants,Processed Meat,Pacific Squid,Small Pack,Madhya Pradesh,Gwalior,West,India,2011-11-23,2011-11-25,3.414,30,206.94
High,0.08,5.84,1.0,Regular Air,Stand Alone Restaurants,Processed Meat,Foie Gras,Wrap Bag,Madhya Pradesh,Mandsaur,West,India,2011-11-23,2011-11-24,150.28199999999998,25,140.55
Not Specified,0.01,286.85,61.76,Delivery Truck,Stand Alone Restaurants,Preserved Food,Jams,Jumbo Box,Madhya Pradesh,Mandsaur,West,India,2011-11-23,2011-11-23,-132.70600000000002,26,7582.99
High,0.04,6.37,5.19,Regular Air,Stand Alone Restaurants,Processed Meat,Bacon,Small Box,Uttar Pradesh,Machhlishahr,North,India,2011-11-24,2011-11-26,93.10199999999999,17,115.65
High,0.02,35.99,3.3,Express Air,Hotels / Hospitals,Canned Foods,Quail Eggs,Small Pack,Uttar Pradesh,Jhansi,North,India,2011-11-24,2011-11-25,-266.574,24,755.57
Medium,0.05,500.98,28.14,Delivery Truck,Restaurant Chain,Canned Foods,Sliced Pineapple,Jumbo Drum,Karnataka,Tumkur,South,India,2011-11-26,2011-11-27,8917.7187,29,12924.23
Low,0.03,65.99,7.69,Regular Air,Hotels / Hospitals,Canned Foods,Quail Eggs,Small Box,Punjab,Patiala,West,India,2011-11-27,2011-12-01,-176.12,20,1158.91
Low,0.1,65.99,8.99,Regular Air,Hotels / Hospitals,Canned Foods,Quail Eggs,Small Box,Punjab,Patiala,West,India,2011-11-27,2011-12-04,-15.176,17,864.7
High,0.02,30.56,2.99,Regular Air,Stand Alone Restaurants,Processed Meat,Bacon,Small Box,Jharkhand,Khunti,North,India,2011-11-29,2011-11-30,-21.1715,3,94.34
Not Specified,0.04,9.49,5.76,Regular Air,Stand Alone Restaurants,Canned Foods,Sliced Pineapple,Medium Box,Jharkhand,Khunti,North,India,2011-11-29,2011-12-01,-40.334,2,24.53
High,0.1,6.08,0.91,Regular Air,Restaurant Chain,Processed Meat,Foie Gras,Wrap Bag,Rajasthan,Jaipur,West,India,2011-11-29,2011-12-01,-484.288,16,95.33
High,0.06,2.28,5.2,Express Air,Hotels / Hospitals,Processed Meat,Foie Gras,Wrap Bag,Uttar Pradesh,Gorakhpur,North,India,2011-11-30,2011-12-01,403.16940000000005,26,62.69
Critical,0.05,22.23,5.08,Regular Air,Stand Alone Restaurants,Preserved Food,Marmalade,Small Pack,Andhra Pradesh,Eluru,South,India,2011-12-01,2011-12-03,3.945,2,47.22
Medium,0.01,8.33,1.99,Regular Air,Personel Usage,Canned Foods,Assorted Fruits,Small Pack,Bihar,Jamui,North,India,2011-12-01,2011-12-02,1336.734,19,165.44
Medium,0.01,58.14,36.61,Delivery Truck,Stand Alone Restaurants,Preserved Food,Pickle,Jumbo Box,West Bengal,Serampore,East,India,2011-12-02,2011-12-03,-113.12,6,377.47
High,0.06,19.98,8.68,Regular Air,Personel Usage,Processed Meat,Smoked Salmon,Small Box,Assam,Abhayapuri,East,India,2011-12-05,2011-12-07,-13.535,1,28.96
High,0.07,22.38,15.1,Regular Air,Hotels / Hospitals,Processed Meat,Bacon,Small Box,Telangana,Khammam,South,India,2011-12-06,2011-12-07,-24.612,18,392.85
High,0.07,8.12,2.83,Regular Air,Restaurant Chain,Canned Foods,Assorted Fruits,Small Pack,Jharkhand,Dhanbad,North,India,2011-12-09,2011-12-10,-43.7,22,174.1
Not Specified,0.01,81.94,55.81,Delivery Truck,Hotels / Hospitals,Preserved Food,Pickle,Jumbo Box,Madhya Pradesh,Rewa,West,India,2011-12-12,2011-12-13,-298.9,15,1321.44
High,0.05,1.88,1.49,Regular Air,Personel Usage,Processed Meat,Bacon,Small Box,Andhra Pradesh,Amalapuram,South,India,2011-12-12,2011-12-13,117.02399999999999,15,29.07
High,0.07,8.14,3.12,Regular Air,Personel Usage,Processed Meat,Foie Gras,Wrap Bag,Andhra Pradesh,Amalapuram,South,India,2011-12-12,2011-12-13,5.196,11,84.76
High,0.09,3.71,1.93,Regular Air,Personel Usage,Processed Meat,Smoked Salmon,Wrap Bag,Madhya Pradesh,Rewa,West,India,2011-12-15,2011-12-17,-1.06,26,95.75
High,0.09,3.71,1.93,Regular Air,Personel Usage,Processed Meat,Smoked Salmon,Wrap Bag,Uttar Pradesh,Farrukhabad,North,India,2011-12-15,2011-12-17,-0.53,6,22.1
Medium,0.07,125.99,2.5,Express Air,Restaurant Chain,Canned Foods,Quail Eggs,Small Box,Madhya Pradesh,Satna,West,India,2011-12-16,2011-12-18,-129.426,4,424.67
High,0.08,18.97,9.03,Regular Air,Hotels / Hospitals,Processed Meat,Smoked Salmon,Small Box,Karnataka,Haveri,South,India,2011-12-17,2011-12-19,61.905,23,405.56
Not Specified,0.01,122.99,70.2,Delivery Truck,Restaurant Chain,Preserved Food,Sundried Tomatoes,Jumbo Drum,Jharkhand,Lohardaga,North,India,2011-12-17,2011-12-18,-525.896,19,2485.59
Medium,0.08,65.99,5.92,Regular Air,Restaurant Chain,Canned Foods,Quail Eggs,Small Box,Maharashtra,Nandurbar,West,India,2011-12-17,2011-12-17,70.6455,8,439.97
High,0.06,1.14,0.7,Regular Air,Personel Usage,Processed Meat,Tuna,Wrap Bag,Maharashtra,Nandurbar,West,India,2011-12-18,2011-12-20,-0.73,19,21.9
Low,0.03,14.34,5.0,Regular Air,Stand Alone Restaurants,Preserved Food,Marmalade,Small Pack,Bihar,Jhanjharpur,North,India,2011-12-19,2011-12-23,38.9672,24,343.07
High,0.04,4.42,4.99,Regular Air,Hotels / Hospitals,Processed Meat,Caviar,Small Box,Jammu And Kashmir,Udhampur,North,India,2011-12-20,2011-12-21,108.52799999999999,3,15.25
High,0.01,100.98,35.84,Delivery Truck,Restaurant Chain,Preserved Food,Pickle,Jumbo Box,Uttar Pradesh,Aonla,North,India,2011-12-20,2011-12-21,55.41,12,1287.55
High,0.02,78.65,13.99,Regular Air,Restaurant Chain,Processed Meat,Jelly Fish,Medium Box,Uttar Pradesh,Azamgarh,North,India,2011-12-21,2011-12-21,730.2752999999999,13,1058.37
High,0.09,3.75,0.5,Express Air,Restaurant Chain,Processed Meat,Oysters (Clam),Small Box,Uttar Pradesh,Azamgarh,North,India,2011-12-21,2011-12-26,59.008799999999994,23,85.52
Low,0.03,65.99,8.99,Regular Air,Stand Alone Restaurants,Canned Foods,Quail Eggs,Small Box,Uttar Pradesh,Jalaun,North,India,2011-12-21,2011-12-30,84.21,16,917.66
Not Specified,0.05,30.98,6.5,Express Air,Hotels / Hospitals,Canned Foods,Assorted Fruits,Small Box,Uttar Pradesh,Ghaziabad,North,India,2011-12-22,2011-12-24,-77.89,19,587.67
High,0.06,15.99,13.18,Express Air,Restaurant Chain,Processed Meat,Bacon,Small Box,Karnataka,Bijapur,South,India,2011-12-26,2011-12-26,-190.42800000000003,16,252.35
High,0.01,4.98,0.8,Regular Air,Restaurant Chain,Processed Meat,Smoked Salmon,Wrap Bag,Karnataka,Bijapur,South,India,2011-12-26,2011-12-27,4305.672,1,5.73
Low,0.06,125.99,8.08,Express Air,Hotels / Hospitals,Canned Foods,Quail Eggs,Small Box,Uttar Pradesh,Hardoi,North,India,2011-12-26,2012-01-14,2.4779999999999998,20,2180.31
High,0.08,3.38,0.85,Express Air,Restaurant Chain,Processed Meat,Foie Gras,Wrap Bag,Uttar Pradesh,Sitapur,North,India,2011-12-26,2011-12-26,3.3000000000000003,2,8.53
High,0.1,11.66,7.95,Regular Air,Restaurant Chain,Processed Meat,Foie Gras,Small Pack,Uttar Pradesh,Sitapur,North,India,2011-12-26,2011-12-27,-91.875,19,206.97
High,0.07,115.99,5.92,Regular Air,Hotels / Hospitals,Canned Foods,Quail Eggs,Small Box,Bihar,Jamui,North,India,2011-12-26,2011-12-28,-757.8648000000001,11,1069.11
High,0.03,36.55,13.89,Regular Air,Restaurant Chain,Processed Meat,Foie Gras,Wrap Bag,Madhya Pradesh,Mandla,West,India,2011-12-27,2011-12-29,391.305,16,619.17
Not Specified,0.07,130.98,30.0,Delivery Truck,Personel Usage,Preserved Food,Sundried Tomatoes,Jumbo Drum,Uttar Pradesh,Ghaziabad,North,India,2011-12-30,2012-01-16,-423.77,83,10671.2
High,0.09,55.98,4.86,Regular Air,Personel Usage,Processed Meat,Smoked Salmon,Small Box,Uttar Pradesh,Ghaziabad,North,India,2011-12-30,2012-01-10,469.69,41,2109.51
Not Specified,0.08,115.99,4.23,Regular Air,Personel Usage,Canned Foods,Quail Eggs,Small Box,Uttar Pradesh,Ghaziabad,North,India,2011-12-30,2012-01-27,727.362,65,6013.69
High,0.02,2.21,1.0,Regular Air,Restaurant Chain,Processed Meat,Foie Gras,Wrap Bag,Tamil Nadu,Tiruppur,South,India,2011-12-30,2012-03-31,5.82,10,22.35
Not Specified,0.07,130.98,30.0,Delivery Truck,Personel Usage,Preserved Food,Sundried Tomatoes,Jumbo Drum,Uttar Pradesh,Chandauli,North,India,2011-12-30,2012-01-16,-211.885,21,2699.94
High,0.09,55.98,4.86,Regular Air,Personel Usage,Processed Meat,Smoked Salmon,Small Box,Uttar Pradesh,Chandauli,North,India,2011-12-30,2012-01-10,355.01189999999997,10,514.51
Not Specified,0.08,115.99,4.23,Regular Air,Personel Usage,Canned Foods,Quail Eggs,Small Box,Uttar Pradesh,Chandauli,North,India,2011-12-30,2012-01-27,1021.4001,16,1480.29
Not Specified,0.02,20.28,14.39,Regular Air,Hotels / Hospitals,Preserved Food,Marmalade,Small Box,Maharashtra,Ramtek,West,India,2011-12-31,2011-12-31,19.368299999999998,1,28.07
High,0.05,11.34,5.01,Regular Air,Stand Alone Restaurants,Processed Meat,Smoked Salmon,Small Box,Tamil Nadu,Krishnagiri,South,India,2011-12-31,2012-01-01,60.045,12,138.05
High,0.03,3.25,49.0,Regular Air,Personel Usage,Processed Meat,Jelly Fish,Large Box,Uttar Pradesh,Nagina,North,India,2012-01-03,2012-01-07,-468.3976,3,26.55
High,0.04,60.98,19.99,Regular Air,Personel Usage,Processed Meat,Caviar,Small Box,Uttar Pradesh,Nagina,North,India,2012-01-03,2012-01-07,248.06399999999996,7,427.68
High,0.04,2.08,5.33,Regular Air,Personel Usage,Preserved Food,Marmalade,Small Box,Madhya Pradesh,Rewa,West,India,2012-01-04,2012-01-04,-147.376,29,68.48
High,0.09,8.67,3.5,Regular Air,Hotels / Hospitals,Processed Meat,Jelly Fish,Small Box,Punjab,Ludhiana,West,India,2012-01-04,2012-01-08,4714.848,6,50.75
Low,0.04,280.98,35.67,Delivery Truck,Hotels / Hospitals,Preserved Food,Jams,Jumbo Box,Rajasthan,Alwar,West,India,2012-01-04,2012-01-09,3541.8516,10,2230.38
Critical,0.02,81.94,55.81,Delivery Truck,Restaurant Chain,Preserved Food,Pickle,Jumbo Box,Maharashtra,Wardha,West,India,2012-01-05,2012-01-06,-262.0864,1,95.48
High,0.0001,37.94,5.08,Express Air,Restaurant Chain,Processed Meat,Smoked Salmon,Wrap Bag,Maharashtra,Wardha,West,India,2012-01-05,2012-01-07,108.8406,4,157.74
High,0.0001,6.37,5.19,Regular Air,Personel Usage,Processed Meat,Bacon,Small Box,Uttar Pradesh,Ghaziabad,North,India,2012-01-06,2012-01-07,-115.6808,53,346.83
High,0.1,500.98,26.0,Delivery Truck,Personel Usage,Preserved Food,Sundried Tomatoes,Jumbo Drum,Uttar Pradesh,Ghaziabad,North,India,2012-01-06,2012-01-08,1363.316,36,16718.7
Medium,0.03,29.18,8.55,Regular Air,Personel Usage,Preserved Food,Marmalade,Small Box,Uttar Pradesh,Ghaziabad,North,India,2012-01-08,2012-01-10,129.15200000000002,30,918.08
Medium,0.01,66.99,13.99,Regular Air,Personel Usage,Canned Foods,Quail Eggs,Medium Box,Uttar Pradesh,Ghaziabad,North,India,2012-01-08,2012-01-09,66.546,32,1961.35
Medium,0.01,115.99,2.5,Express Air,Personel Usage,Canned Foods,Quail Eggs,Small Box,Uttar Pradesh,Ghaziabad,North,India,2012-01-08,2012-01-09,21.1716,13,1320.74
Low,0.1,4.89,4.93,Regular Air,Personel Usage,Canned Foods,Assorted Fruits,Small Pack,Andhra Pradesh,Vijayawada,South,India,2012-01-08,2012-01-12,-172.79399999999998,10,46.34
High,0.04,46.94,6.77,Regular Air,Restaurant Chain,Preserved Food,Marmalade,Small Box,Madhya Pradesh,Sidhi,West,India,2012-01-09,2012-01-09,1.416,2,95.42
High,0.06,16.74,5.08,Regular Air,Stand Alone Restaurants,Processed Meat,Bacon,Small Box,Uttar Pradesh,Varanasi ,North,India,2012-01-09,2012-01-16,-27.273400000000002,14,234.94
Low,0.05,122.99,70.2,Delivery Truck,Stand Alone Restaurants,Preserved Food,Sundried Tomatoes,Jumbo Drum,Uttar Pradesh,Varanasi ,North,India,2012-01-09,2012-01-11,-7.224,13,1630.34
Critical,0.01,130.98,54.74,Delivery Truck,Stand Alone Restaurants,Preserved Food,Pickle,Jumbo Box,Tamil Nadu,Arakkonam,South,India,2012-01-11,2012-01-13,-1021.9459999999999,13,1734.25
Critical,0.02,30.97,4.0,Regular Air,Stand Alone Restaurants,Canned Foods,Assorted Fruits,Small Box,Tamil Nadu,Arakkonam,South,India,2012-01-11,2012-01-11,-19.902,6,197.72
High,0.02,3.69,0.5,Regular Air,Stand Alone Restaurants,Processed Meat,Oysters (Clam),Small Box,Uttar Pradesh,Baghpat,North,India,2012-01-16,2012-01-16,6.168000000000001,13,49.43
High,0.1,4.28,1.6,Regular Air,Restaurant Chain,Processed Meat,Foie Gras,Wrap Bag,Bihar,Jhanjharpur,North,India,2012-01-19,2012-01-19,-21.0007,52,204.11
High,0.03,20.99,0.99,Regular Air,Personel Usage,Canned Foods,Quail Eggs,Wrap Bag,Uttar Pradesh,Faizabad,North,India,2012-01-19,2012-01-21,1652.4969,4,69.22
Low,0.01,15.98,4.0,Regular Air,Personel Usage,Canned Foods,Assorted Fruits,Small Box,Rajasthan,Sikar,West,India,2012-01-21,2012-01-21,83.2692,7,120.68
Not Specified,0.09,258.98,54.31,Delivery Truck,Personel Usage,Preserved Food,Sundried Tomatoes,Jumbo Drum,Gujarat,Jamnagar,West,India,2012-01-21,2012-01-22,43.914,1,249.25
High,0.05,9.85,4.82,Regular Air,Restaurant Chain,Processed Meat,Foie Gras,Wrap Bag,Madhya Pradesh,Rewa,West,India,2012-01-23,2012-01-24,-17.568,46,444.46
High,0.02,3.69,0.5,Regular Air,Hotels / Hospitals,Processed Meat,Oysters (Clam),Small Box,Madhya Pradesh,Rewa,West,India,2012-01-24,2012-01-26,-0.048000000000000397,4,14.96
High,0.09,3.85,0.7,Regular Air,Hotels / Hospitals,Processed Meat,Foie Gras,Wrap Bag,Madhya Pradesh,Rewa,West,India,2012-01-24,2012-01-26,-2.544,4,15.69
High,0.05,4.82,5.24,Regular Air,Hotels / Hospitals,Processed Meat,Bacon,Small Box,Haryana,Karnal,North,India,2012-01-26,2012-01-27,-75.12168,5,24.27
High,0.05,11.34,11.25,Regular Air,Personel Usage,Processed Meat,Smoked Salmon,Small Box,Telangana,Nizamabad,South,India,2012-01-28,2012-02-01,-101.1964,5,59.33
Low,0.08,297.64,14.7,Delivery Truck,Personel Usage,Canned Foods,Sliced Pineapple,Jumbo Drum,West Bengal,Bolpur,East,India,2012-01-28,2012-02-01,-73.78139999999999,11,3253.09
Not Specified,0.08,7.38,5.21,Regular Air,Restaurant Chain,Preserved Food,Marmalade,Small Box,Madhya Pradesh,Rewa,West,India,2012-01-30,2012-01-31,0.748,10,79.11
High,0.07,123.38,24.49,Regular Air,Stand Alone Restaurants,Processed Meat,Jelly Fish,Large Box,Uttar Pradesh,Gorakhpur,North,India,2012-01-31,2012-02-02,-117.25,4,497.63
Medium,0.06,95.99,4.9,Regular Air,Restaurant Chain,Canned Foods,Quail Eggs,Small Box,Kerala,Trivandrum,South,India,2012-02-01,2012-02-02,34.8,12,993.98
High,0.07,5.94,9.92,Regular Air,Restaurant Chain,Processed Meat,Bacon,Small Box,Assam,Kokrajhar,East,India,2012-02-02,2012-02-04,-169.165,7,42.34
Not Specified,0.01,39.98,9.2,Regular Air,Restaurant Chain,Preserved Food,Marmalade,Wrap Bag,Assam,Kokrajhar,East,India,2012-02-02,2012-02-03,30.242699999999996,1,43.83
Not Specified,0.02,194.3,11.54,Regular Air,Restaurant Chain,Preserved Food,Marmalade,Large Box,Assam,Kokrajhar,East,India,2012-02-02,2012-02-02,1560.8627999999999,11,2262.12
High,0.07,6.98,9.69,Regular Air,Restaurant Chain,Processed Meat,Fresh Water Eel,Small Box,Assam,Kokrajhar,East,India,2012-02-02,2012-02-02,-197.13,6,41.48
High,0.06,8.67,3.5,Express Air,Hotels / Hospitals,Processed Meat,Jelly Fish,Small Box,Madhya Pradesh,Dewas,West,India,2012-02-03,2012-02-05,2.71,13,116.54
Not Specified,0.1,300.98,64.73,Delivery Truck,Hotels / Hospitals,Preserved Food,Sundried Tomatoes,Jumbo Drum,Karnataka,Mysore,South,India,2012-02-04,2012-02-05,-63.406,3,834.22
Not Specified,0.06,500.97,69.3,Delivery Truck,Restaurant Chain,Canned Foods,Sliced Pineapple,Jumbo Drum,Orissa,Dhenkanal,East,India,2012-02-05,2012-02-06,626.058,1,522.27
High,0.09,21.38,8.99,Regular Air,Restaurant Chain,Processed Meat,Foie Gras,Small Pack,Orissa,Dhenkanal,East,India,2012-02-05,2012-02-05,-2519.09,8,164.27
Not Specified,0.01,28.99,8.59,Regular Air,Restaurant Chain,Canned Foods,Quail Eggs,Medium Box,Orissa,Dhenkanal,East,India,2012-02-05,2012-02-05,7.656,5,129.0
Critical,0.08,400.97,14.7,Delivery Truck,Hotels / Hospitals,Canned Foods,Sliced Pineapple,Jumbo Drum,Uttar Pradesh,Gonda,North,India,2012-02-05,2012-02-07,-117.124,12,4780.84
Low,0.06,417.4,75.23,Delivery Truck,Personel Usage,Preserved Food,Jams,Jumbo Box,Madhya Pradesh,Vidisha,West,India,2012-02-05,2012-02-09,9.930000000000064,11,4681.37
High,0.03,20.98,8.83,Express Air,Hotels / Hospitals,Processed Meat,Bacon,Small Box,Madhya Pradesh,Rewa,West,India,2012-02-06,2012-02-08,85.68,38,790.08
High,0.06,5.98,5.35,Regular Air,Hotels / Hospitals,Processed Meat,Smoked Salmon,Small Box,Madhya Pradesh,Rewa,West,India,2012-02-06,2012-02-08,-61.9,35,214.58
High,0.03,20.98,8.83,Express Air,Hotels / Hospitals,Processed Meat,Bacon,Small Box,Chhattisgarh,Bilaspur,North,India,2012-02-06,2012-02-08,787.2228,10,207.91
High,0.06,5.98,5.35,Regular Air,Hotels / Hospitals,Processed Meat,Smoked Salmon,Small Box,Chhattisgarh,Bilaspur,North,India,2012-02-06,2012-02-08,1246.7459999999999,9,55.18
High,0.0001,4.98,5.02,Regular Air,Hotels / Hospitals,Processed Meat,Smoked Salmon,Small Box,Tamil Nadu,Sriperumbudur,South,India,2012-02-06,2012-02-06,4.302,1,7.0
High,0.05,3499.99,24.49,Regular Air,Hotels / Hospitals,Canned Foods,Wild Berry,Large Box,Telangana,Adilabad,South,India,2012-02-06,2012-02-08,-104.21530000000001,1,3457.99
High,0.1,35.48,35.0,Express Air,Hotels / Hospitals,Processed Meat,Fresh Water Eel,Large Box,West Bengal,Balurghat,East,India,2012-02-07,2012-02-07,-1191.13,10,340.42
Not Specified,0.07,99.99,19.99,Regular Air,Hotels / Hospitals,Canned Foods,Assorted Fruits,Small Box,West Bengal,Bangaon,East,India,2012-02-07,2012-02-07,-95.52,3,307.29
High,0.08,30.98,8.99,Regular Air,Hotels / Hospitals,Processed Meat,Foie Gras,Small Pack,West Bengal,Bangaon,East,India,2012-02-07,2012-02-09,19.57,13,373.01
High,0.05,5.28,5.06,Express Air,Restaurant Chain,Processed Meat,Smoked Salmon,Small Box,Madhya Pradesh,Rewa,West,India,2012-02-08,2012-02-10,-75.25,47,257.25
High,0.05,5.28,5.06,Express Air,Restaurant Chain,Processed Meat,Smoked Salmon,Small Box,Tamil Nadu,Perambalur,South,India,2012-02-08,2012-02-10,-75.25,12,65.68
Critical,0.09,29.1,4.0,Express Air,Stand Alone Restaurants,Canned Foods,Assorted Fruits,Small Box,Andhra Pradesh,Eluru,South,India,2012-02-09,2012-02-10,-6.34,14,404.59
Critical,0.01,110.99,8.99,Regular Air,Stand Alone Restaurants,Canned Foods,Quail Eggs,Small Box,Andhra Pradesh,Eluru,South,India,2012-02-09,2012-02-12,-186.67,3,282.49
Low,0.05,55.99,5.0,Regular Air,Stand Alone Restaurants,Canned Foods,Quail Eggs,Small Pack,Madhya Pradesh,Bhind,West,India,2012-02-10,2012-02-17,-211.695,13,588.91
High,0.0001,120.33,19.99,Regular Air,Stand Alone Restaurants,Processed Meat,Fresh Water Eel,Small Box,Punjab,Anandpur Sahib,West,India,2012-02-10,2012-02-12,-64.78,1,134.96
Critical,0.06,205.99,8.99,Express Air,Stand Alone Restaurants,Canned Foods,Quail Eggs,Small Box,Punjab,Anandpur Sahib,West,India,2012-02-10,2012-02-11,-620.829,2,343.3
Medium,0.0001,65.99,8.99,Regular Air,Personel Usage,Canned Foods,Quail Eggs,Small Box,Madhya Pradesh,Dhar,West,India,2012-02-13,2012-02-15,-46.676,8,486.81
Medium,0.02,20.99,0.99,Regular Air,Personel Usage,Canned Foods,Quail Eggs,Wrap Bag,Madhya Pradesh,Dhar,West,India,2012-02-13,2012-02-15,-281.78639999999996,5,89.17
Not Specified,0.06,286.85,61.76,Delivery Truck,Hotels / Hospitals,Preserved Food,Jams,Jumbo Box,Andhra Pradesh,Narasaraopet,South,India,2012-02-13,2012-02-14,335.4642,5,1431.86
High,0.04,39.98,4.0,Regular Air,Hotels / Hospitals,Canned Foods,Assorted Fruits,Small Box,Uttar Pradesh,Hamirpur,North,India,2012-02-17,2012-02-19,-79.18,3,116.14
High,0.0001,56.96,13.22,Regular Air,Hotels / Hospitals,Processed Meat,Jelly Fish,Small Box,Maharashtra,Kalyan,West,India,2012-02-18,2012-02-23,596.8086,14,864.94
Low,0.08,442.14,14.7,Delivery Truck,Hotels / Hospitals,Canned Foods,Sliced Pineapple,Jumbo Drum,Maharashtra,Kalyan,West,India,2012-02-18,2012-02-23,3867.6363,13,5605.27
High,0.02,6.75,2.99,Regular Air,Hotels / Hospitals,Processed Meat,Bacon,Small Box,Rajasthan,Nagaur,West,India,2012-02-19,2012-02-21,13.905999999999999,4,29.37
Not Specified,0.03,243.98,43.32,Delivery Truck,Hotels / Hospitals,Preserved Food,Sundried Tomatoes,Jumbo Drum,Rajasthan,Nagaur,West,India,2012-02-19,2012-02-21,539.69,4,1026.24
High,0.08,100.98,57.38,Delivery Truck,Hotels / Hospitals,Preserved Food,Pickle,Jumbo Box,Tamil Nadu,Tenkasi,South,India,2012-02-20,2012-02-21,-1341.11,9,894.58
High,0.04,40.98,7.2,Regular Air,Hotels / Hospitals,Processed Meat,Jelly Fish,Small Box,Tamil Nadu,Thanjavur,South,India,2012-02-20,2012-02-21,275.5,12,483.59
High,0.07,3.28,0.98,Express Air,Stand Alone Restaurants,Processed Meat,Foie Gras,Wrap Bag,West Bengal,Bishnupur,East,India,2012-02-22,2012-02-24,3.9,5,17.33
High,0.08,55.98,4.86,Regular Air,Restaurant Chain,Processed Meat,Smoked Salmon,Small Box,Maharashtra,Amravati,West,India,2012-02-22,2012-02-28,-54.87,1,53.56
High,0.05,26.38,5.86,Regular Air,Restaurant Chain,Processed Meat,Smoked Salmon,Small Box,Maharashtra,Amravati,West,India,2012-02-22,2012-02-26,130.6515,7,189.35
High,0.07,155.06,7.07,Regular Air,Restaurant Chain,Processed Meat,Fresh Water Eel,Small Box,Maharashtra,Amravati,West,India,2012-02-22,2012-02-26,738.3068999999999,7,1070.01
Critical,0.06,4.91,3.05,Regular Air,Stand Alone Restaurants,Preserved Food,Marmalade,Small Pack,Orissa,Jajapur,East,India,2012-02-22,2012-02-24,-126.09799999999998,5,25.77
High,0.01,12.97,1.49,Regular Air,Personel Usage,Processed Meat,Bacon,Small Box,Tamil Nadu,Arani,South,India,2012-02-23,2012-02-25,65.496,8,104.78
High,0.05,3.34,7.49,Regular Air,Hotels / Hospitals,Processed Meat,Foie Gras,Wrap Bag,Andhra Pradesh,Amalapuram,South,India,2012-02-24,2012-02-27,-21.168,11,39.51
High,0.05,155.06,7.07,Regular Air,Personel Usage,Processed Meat,Fresh Water Eel,Small Box,Rajasthan,Barmer,West,India,2012-02-26,2012-02-27,334.5141,11,1668.99
High,0.02,52.4,16.11,Regular Air,Personel Usage,Processed Meat,Bacon,Small Box,Uttar Pradesh,Basti,North,India,2012-02-26,2012-02-26,0.852,2,107.31
High,0.07,4.98,8.33,Regular Air,Personel Usage,Processed Meat,Smoked Salmon,Small Box,Uttar Pradesh,Faizabad,North,India,2012-02-26,2012-02-27,348.198,4,21.86
High,0.06,18.84,3.62,Regular Air,Hotels / Hospitals,Preserved Food,Marmalade,Wrap Bag,Uttar Pradesh,Mirzapur,North,India,2012-02-26,2012-02-27,-99.66879999999999,5,90.44
High,0.0001,46.94,6.77,Regular Air,Hotels / Hospitals,Preserved Food,Marmalade,Small Box,Uttar Pradesh,Mirzapur,North,India,2012-02-26,2012-02-26,-346.15,3,152.93
High,0.09,5.53,6.98,Regular Air,Restaurant Chain,Processed Meat,Bacon,Small Box,Madhya Pradesh,Rewa,West,India,2012-02-28,2012-02-29,-46.1265,10,59.09
High,0.1,2.21,1.12,Regular Air,Hotels / Hospitals,Processed Meat,Foie Gras,Wrap Bag,Madhya Pradesh,Rewa,West,India,2012-02-28,2012-02-29,-6.84,10,21.33
High,0.02,5.43,0.95,Regular Air,Stand Alone Restaurants,Processed Meat,Smoked Salmon,Wrap Bag,Orissa,Cuttack,East,India,2012-02-28,2012-02-29,-556.5406,4,21.58
High,0.04,10.98,3.37,Regular Air,Stand Alone Restaurants,Processed Meat,Pacific Squid,Small Pack,Orissa,Cuttack,East,India,2012-02-28,2012-02-29,-137.63889999999998,1,11.95
High,0.05,8.01,2.87,Regular Air,Stand Alone Restaurants,Processed Meat,Smoked Salmon,Wrap Bag,West Bengal,Diamond Harbour,East,India,2012-03-01,2012-03-04,31.0,7,56.23
Not Specified,0.07,205.99,2.5,Regular Air,Hotels / Hospitals,Canned Foods,Quail Eggs,Small Box,Kerala,Kozhikode,South,India,2012-03-02,2012-03-04,1489.8410999999999,13,2159.19
Critical,0.05,20.99,0.99,Regular Air,Restaurant Chain,Canned Foods,Quail Eggs,Wrap Bag,Uttar Pradesh,Bijnor,North,India,2012-03-03,2012-03-05,150.16469999999998,12,217.63
High,0.05,6.48,5.84,Regular Air,Hotels / Hospitals,Processed Meat,Smoked Salmon,Small Box,Madhya Pradesh,Rewa,West,India,2012-03-04,2012-03-07,-41.99,21,140.9
High,0.09,6.81,5.48,Regular Air,Stand Alone Restaurants,Processed Meat,Bacon,Small Box,Madhya Pradesh,Rewa,West,India,2012-03-04,2012-03-06,-73.62299999999999,35,223.09
High,0.06,15.99,13.18,Regular Air,Stand Alone Restaurants,Processed Meat,Bacon,Small Box,Madhya Pradesh,Rewa,West,India,2012-03-04,2012-03-05,-39.640499999999996,4,73.9
Critical,0.09,217.85,29.1,Delivery Truck,Personel Usage,Preserved Food,Jams,Jumbo Box,Assam,Abhayapuri,East,India,2012-03-07,2012-03-09,835.46,11,1803.62
Critical,0.05,209.37,69.0,Regular Air,Personel Usage,Preserved Food,Jams,Large Box,Assam,Abhayapuri,East,India,2012-03-07,2012-03-10,-344.82,2,347.95
High,0.01,5.8,5.59,Regular Air,Hotels / Hospitals,Processed Meat,Bacon,Small Box,Madhya Pradesh,Rewa,West,India,2012-03-08,2012-03-13,-106.421,46,273.05
High,0.08,11.7,5.63,Regular Air,Restaurant Chain,Processed Meat,Bacon,Small Box,Bihar,Bhagalpur,North,India,2012-03-08,2012-03-10,-317.03,3,34.67
Not Specified,0.02,30.98,6.5,Regular Air,Restaurant Chain,Canned Foods,Assorted Fruits,Small Box,Bihar,Bhagalpur,North,India,2012-03-08,2012-03-09,-170.212,4,126.71
High,0.0001,12.28,4.86,Express Air,Personel Usage,Processed Meat,Smoked Salmon,Small Box,Tamil Nadu,Sivaganga,South,India,2012-03-10,2012-03-11,115.21619999999999,13,166.98
High,0.04,5.53,6.98,Regular Air,Hotels / Hospitals,Processed Meat,Bacon,Small Box,Uttar Pradesh,Ghosi,North,India,2012-03-10,2012-03-11,501.90299999999996,8,45.81
High,0.1,55.98,13.88,Regular Air,Hotels / Hospitals,Processed Meat,Smoked Salmon,Small Box,Uttar Pradesh,Ghosi,North,India,2012-03-10,2012-03-11,746.886,9,475.61
High,0.1,48.91,35.0,Regular Air,Stand Alone Restaurants,Processed Meat,Fresh Water Eel,Large Box,Tamil Nadu,Kanniyakumari,South,India,2012-03-11,2012-03-13,-140.21,8,368.85
High,0.1,387.99,19.99,Regular Air,Personel Usage,Processed Meat,Bacon,Small Box,Kerala,Alleppey,South,India,2012-03-12,2012-03-14,179.59799999999998,6,2262.76
High,0.05,4.71,0.7,Regular Air,Hotels / Hospitals,Processed Meat,Tuna,Wrap Bag,Assam,Abhayapuri,East,India,2012-03-13,2012-03-15,-7.76,3,13.9
High,0.08,7.4,1.71,Regular Air,Personel Usage,Processed Meat,Smoked Salmon,Wrap Bag,Andhra Pradesh,Amalapuram,South,India,2012-03-15,2012-03-16,8.9046,5,36.22
High,0.09,599.99,24.49,Regular Air,Stand Alone Restaurants,Canned Foods,Wild Berry,Large Box,Uttar Pradesh,Firozabad,North,India,2012-03-15,2012-03-15,-10.346,14,8026.07
High,0.03,125.99,8.08,Regular Air,Stand Alone Restaurants,Canned Foods,Quail Eggs,Small Box,Uttar Pradesh,Firozabad,North,India,2012-03-15,2012-03-16,26.621999999999968,2,211.91
High,0.04,3.38,0.85,Regular Air,Hotels / Hospitals,Processed Meat,Foie Gras,Wrap Bag,Uttar Pradesh,Ghaziabad,North,India,2012-03-16,2012-03-16,26.09,35,123.62
High,0.1,15.7,11.25,Regular Air,Stand Alone Restaurants,Processed Meat,Fresh Water Eel,Small Box,Uttar Pradesh,Banda,North,India,2012-03-16,2012-03-16,-156.76,7,108.13
High,0.02,18.94,1.49,Regular Air,Restaurant Chain,Processed Meat,Bacon,Small Box,Maharashtra,Osmanabad,West,India,2012-03-16,2012-03-18,4651.206,4,77.21
High,0.03,8.67,3.5,Regular Air,Restaurant Chain,Processed Meat,Jelly Fish,Small Box,Maharashtra,Pune,West,India,2012-03-18,2012-03-19,555.5699999999999,12,106.97
Not Specified,0.01,73.98,4.0,Regular Air,Restaurant Chain,Canned Foods,Assorted Fruits,Small Box,Maharashtra,Pune,West,India,2012-03-18,2012-03-20,-48.006,6,444.98
Not Specified,0.08,30.93,3.92,Regular Air,Restaurant Chain,Preserved Food,Marmalade,Small Pack,Maharashtra,Pune,West,India,2012-03-18,2012-03-20,-281.20259999999996,4,117.22
Not Specified,0.1,90.97,14.0,Delivery Truck,Restaurant Chain,Canned Foods,Sliced Pineapple,Jumbo Drum,Maharashtra,Pune,West,India,2012-03-18,2012-03-18,234.68399999999997,5,425.54
High,0.09,5.98,1.49,Express Air,Restaurant Chain,Processed Meat,Bacon,Small Box,Madhya Pradesh,Rewa,West,India,2012-03-20,2012-03-22,87.601,56,342.87
High,0.08,2.61,0.5,Regular Air,Stand Alone Restaurants,Processed Meat,Oysters (Clam),Small Box,Uttar Pradesh,Baghpat,North,India,2012-03-21,2012-03-23,35.92,52,125.43
High,0.0001,11.58,6.97,Regular Air,Personel Usage,Processed Meat,Caviar,Small Box,Gujarat,Junagadh,West,India,2012-03-22,2012-03-22,-88.69,3,37.87
High,0.0001,7.77,9.23,Regular Air,Personel Usage,Processed Meat,Jelly Fish,Small Box,Gujarat,Surat,West,India,2012-03-22,2012-03-23,-17.806600000000003,10,83.3
High,0.09,3.58,5.47,Regular Air,Personel Usage,Processed Meat,Bacon,Small Box,West Bengal,Bolpur,East,India,2012-03-22,2012-03-24,-54.208,2,8.6
High,0.01,6.81,5.48,Regular Air,Hotels / Hospitals,Processed Meat,Bacon,Small Box,Andhra Pradesh,Vishakhapatnam,South,India,2012-03-23,2012-03-26,-183.34400000000002,10,68.9
Critical,0.03,15.98,4.0,Regular Air,Hotels / Hospitals,Canned Foods,Assorted Fruits,Small Box,Uttar Pradesh,Gorakhpur,North,India,2012-03-25,2012-03-27,-13.22748,7,113.92
High,0.1,30.98,5.09,Express Air,Hotels / Hospitals,Processed Meat,Smoked Salmon,Small Box,Uttar Pradesh,Gorakhpur,North,India,2012-03-25,2012-03-27,-165.00400000000002,6,171.38
High,0.03,81.32,0.99,Regular Air,Hotels / Hospitals,Processed Meat,Jelly Fish,Small Box,Uttar Pradesh,Hardoi,North,India,2012-03-25,2012-03-28,-43.0353,1,81.25
High,0.1,3.36,6.27,Regular Air,Restaurant Chain,Processed Meat,Bacon,Small Box,Gujarat,Valsad,West,India,2012-03-27,2012-03-29,-310.49255999999997,11,36.61
High,0.05,4.98,4.86,Regular Air,Restaurant Chain,Processed Meat,Smoked Salmon,Small Box,Gujarat,Valsad,West,India,2012-03-27,2012-03-28,225.882,7,35.53
Low,0.04,22.23,3.63,Regular Air,Hotels / Hospitals,Preserved Food,Marmalade,Small Pack,Uttar Pradesh,Ghaziabad,North,India,2012-03-28,2012-03-30,-10.74,1,26.68
High,0.05,6.81,5.48,Regular Air,Personel Usage,Processed Meat,Bacon,Small Box,Uttar Pradesh,Ghaziabad,North,India,2012-03-31,2012-04-01,-29.5895,13,90.88
High,0.02,4.98,8.33,Express Air,Personel Usage,Processed Meat,Smoked Salmon,Small Box,Gujarat,Anand,West,India,2012-03-31,2012-04-01,-42.61,3,19.78
Critical,0.08,26.64,5.3,Regular Air,Restaurant Chain,Preserved Food,Sundried Tomatoes,Medium Box,Madhya Pradesh,Rewa,West,India,2012-04-01,2012-04-02,90.04,32,813.66
High,0.0001,9.99,4.78,Regular Air,Restaurant Chain,Processed Meat,Smoked Salmon,Small Box,Madhya Pradesh,Rewa,West,India,2012-04-01,2012-04-02,74.73,53,571.93
High,0.07,3.55,1.43,Regular Air,Restaurant Chain,Processed Meat,Tuna,Wrap Bag,Madhya Pradesh,Rewa,West,India,2012-04-01,2012-04-02,27.37,47,169.19
High,0.02,40.98,1.99,Regular Air,Personel Usage,Canned Foods,Assorted Fruits,Small Pack,Tamil Nadu,Dharmapuri,South,India,2012-04-01,2012-04-01,-49.28,11,472.69
High,0.07,80.98,35.0,Regular Air,Restaurant Chain,Processed Meat,Fresh Water Eel,Large Box,Bihar,Gopalganj,North,India,2012-04-04,2012-04-06,-1329.81,13,998.73
Medium,0.0001,115.99,2.5,Regular Air,Restaurant Chain,Canned Foods,Quail Eggs,Small Box,Bihar,Gopalganj,North,India,2012-04-04,2012-04-06,763.278,11,1106.2
High,0.01,150.98,13.99,Regular Air,Restaurant Chain,Canned Foods,Sliced Pineapple,Medium Box,Karnataka,Bidar,South,India,2012-04-05,2012-04-06,1157.1644999999999,11,1677.05
High,0.06,415.88,11.37,Regular Air,Restaurant Chain,Processed Meat,Fresh Water Eel,Small Box,Karnataka,Bidar,South,India,2012-04-05,2012-04-07,857.7735,3,1243.15
High,0.05,195.99,4.2,Regular Air,Restaurant Chain,Canned Foods,Quail Eggs,Small Box,Karnataka,Raichur,South,India,2012-04-05,2012-04-07,810.2669999999999,7,1174.3
High,0.06,1.26,0.7,Express Air,Hotels / Hospitals,Processed Meat,Tuna,Wrap Bag,Madhya Pradesh,Indore,West,India,2012-04-05,2012-04-05,-16.3,10,13.27
High,0.09,113.64,35.0,Regular Air,Personel Usage,Processed Meat,Fresh Water Eel,Large Box,Madhya Pradesh,Rewa,West,India,2012-04-06,2012-04-06,-609.09,22,2450.07
High,0.04,18.97,9.54,Regular Air,Hotels / Hospitals,Processed Meat,Smoked Salmon,Small Box,Uttar Pradesh,Kairana,North,India,2012-04-07,2012-04-08,66.14,12,227.75
High,0.0001,6.48,8.19,Regular Air,Hotels / Hospitals,Processed Meat,Smoked Salmon,Small Box,Rajasthan,Banswara,West,India,2012-04-07,2012-04-11,-133.98,10,72.26
High,0.04,35.44,19.99,Regular Air,Stand Alone Restaurants,Processed Meat,Smoked Salmon,Small Box,Chhattisgarh,Raipur,North,India,2012-04-08,2012-04-08,-0.14000000000000057,9,321.01
Not Specified,0.03,22.23,5.08,Express Air,Restaurant Chain,Preserved Food,Marmalade,Small Pack,Bihar,Darbhanga,North,India,2012-04-08,2012-04-10,153.62159999999997,10,222.64
Not Specified,0.0001,65.99,8.99,Regular Air,Restaurant Chain,Canned Foods,Quail Eggs,Small Box,Bihar,Darbhanga,North,India,2012-04-08,2012-04-09,-159.236,2,117.46
Low,0.1,35.41,1.99,Regular Air,Hotels / Hospitals,Canned Foods,Assorted Fruits,Small Pack,Maharashtra,Wardha,West,India,2012-04-09,2012-04-16,-90.94,1,32.51
High,0.0001,16.74,7.04,Regular Air,Hotels / Hospitals,Processed Meat,Fresh Water Eel,Small Box,Maharashtra,Wardha,West,India,2012-04-09,2012-04-09,-142.75,9,155.59
High,0.09,1.98,4.77,Regular Air,Stand Alone Restaurants,Processed Meat,Bacon,Small Box,Andhra Pradesh,Eluru,South,India,2012-04-09,2012-04-09,-115.71300000000001,8,16.74
Not Specified,0.05,35.99,1.1,Regular Air,Stand Alone Restaurants,Canned Foods,Quail Eggs,Small Box,Andhra Pradesh,Eluru,South,India,2012-04-09,2012-04-10,210.55349999999996,10,305.15
High,0.01,5.81,3.37,Regular Air,Stand Alone Restaurants,Processed Meat,Tuna,Wrap Bag,Karnataka,Chitradurga,South,India,2012-04-09,2012-04-12,-269.48879999999997,7,41.65
High,0.02,40.98,7.2,Express Air,Hotels / Hospitals,Processed Meat,Jelly Fish,Small Box,Tamil Nadu,Dindigul,South,India,2012-04-10,2012-04-12,67.98,4,173.29
High,0.05,2.88,1.49,Regular Air,Hotels / Hospitals,Processed Meat,Bacon,Small Box,Tamil Nadu,Dindigul,South,India,2012-04-10,2012-04-11,1.071,4,11.86
High,0.01,48.58,54.11,Delivery Truck,Restaurant Chain,Preserved Food,Pickle,Jumbo Box,Uttar Pradesh,Baghpat,North,India,2012-04-11,2012-04-13,-1414.41,40,2041.6
High,0.04,105.98,13.99,Express Air,Restaurant Chain,Preserved Food,Marmalade,Medium Box,Uttar Pradesh,Baghpat,North,India,2012-04-11,2012-04-14,950.68,40,4135.88
High,0.09,7.04,2.17,Regular Air,Restaurant Chain,Processed Meat,Smoked Salmon,Wrap Bag,Uttar Pradesh,Baghpat,North,India,2012-04-11,2012-04-12,-5.41,4,28.05
High,0.08,17.67,8.99,Regular Air,Restaurant Chain,Preserved Food,Marmalade,Small Pack,Madhya Pradesh,Rewa,West,India,2012-04-11,2012-04-12,35.08,46,795.27
Medium,0.01,65.99,3.99,Regular Air,Restaurant Chain,Canned Foods,Quail Eggs,Small Box,Maharashtra,Kolhapur,West,India,2012-04-11,2012-04-13,459.79529999999994,12,666.37
High,0.0001,7.08,2.35,Regular Air,Personel Usage,Processed Meat,Foie Gras,Wrap Bag,Rajasthan,Kota,West,India,2012-04-15,2012-04-19,-99.946,14,107.72
Low,0.0001,145.98,51.92,Delivery Truck,Personel Usage,Preserved Food,Jams,Jumbo Box,Rajasthan,Kota,West,India,2012-04-15,2012-04-15,-318.15,13,1987.71
High,0.09,2.1,0.7,Regular Air,Hotels / Hospitals,Processed Meat,Foie Gras,Wrap Bag,Madhya Pradesh,Balaghat,West,India,2012-04-15,2012-04-16,493.95599999999996,5,10.05
High,0.09,15.67,1.39,Regular Air,Stand Alone Restaurants,Processed Meat,Caviar,Small Box,Karnataka,Chitradurga,South,India,2012-04-15,2012-04-16,-1.3201999999999998,13,187.23
High,0.0001,2.88,0.7,Regular Air,Stand Alone Restaurants,Processed Meat,Foie Gras,Wrap Bag,Karnataka,Chitradurga,South,India,2012-04-15,2012-04-17,-56.35,6,17.48
High,0.08,6.48,5.86,Regular Air,Personel Usage,Processed Meat,Smoked Salmon,Small Box,West Bengal,Ghatal,East,India,2012-04-15,2012-04-16,-14.59,1,7.79
Medium,0.09,107.53,5.81,Regular Air,Restaurant Chain,Preserved Food,Marmalade,Medium Box,Madhya Pradesh,Rewa,West,India,2012-04-16,2012-04-18,1116.98,44,4348.55
Medium,0.09,107.53,5.81,Regular Air,Restaurant Chain,Preserved Food,Marmalade,Medium Box,Chhattisgarh,Raigarh,North,India,2012-04-16,2012-04-18,750.1266,11,1087.14
High,0.04,2.6,2.4,Regular Air,Hotels / Hospitals,Processed Meat,Foie Gras,Wrap Bag,Andhra Pradesh,Ongole,South,India,2012-04-17,2012-04-19,-256.56399999999996,2,5.59
Not Specified,0.01,200.99,4.2,Regular Air,Hotels / Hospitals,Canned Foods,Quail Eggs,Small Box,Madhya Pradesh,Betul,West,India,2012-04-17,2012-04-20,1071.3216,9,1552.64
High,0.05,2.6,2.4,Express Air,Hotels / Hospitals,Processed Meat,Foie Gras,Wrap Bag,Orissa,Bhubaneshwar,East,India,2012-04-19,2012-04-20,97.69800000000001,12,33.14
Low,0.04,27.42,19.46,Regular Air,Hotels / Hospitals,Preserved Food,Marmalade,Small Box,Bihar,Ara,North,India,2012-04-20,2012-04-27,-5.179999999999993,5,139.97
Low,0.09,320.64,29.2,Delivery Truck,Hotels / Hospitals,Preserved Food,Jams,Jumbo Box,Bihar,Ara,North,India,2012-04-20,2012-04-22,104.48,3,908.91
High,0.09,175.99,8.99,Regular Air,Stand Alone Restaurants,Canned Foods,Quail Eggs,Small Box,Bihar,Jahanabad,North,India,2012-04-20,2012-04-22,-19.432000000000002,11,1527.36
High,0.05,6.68,6.93,Express Air,Restaurant Chain,Processed Meat,Smoked Salmon,Small Box,Uttar Pradesh,Machhlishahr,North,India,2012-04-20,2012-04-21,-24.485999999999997,12,82.52
High,0.01,95.99,35.0,Regular Air,Restaurant Chain,Processed Meat,Fresh Water Eel,Large Box,Uttar Pradesh,Machhlishahr,North,India,2012-04-20,2012-04-22,-131.054,7,727.85
Low,0.03,8.37,10.16,Regular Air,Stand Alone Restaurants,Preserved Food,Marmalade,Large Box,West Bengal,Barasat,East,India,2012-04-20,2012-04-27,-0.36000000000000654,1,10.82
Not Specified,0.02,212.6,52.2,Delivery Truck,Restaurant Chain,Preserved Food,Jams,Jumbo Box,Punjab,Jalandhar,West,India,2012-04-21,2012-04-22,611.11,14,2931.79
Medium,0.03,8.12,2.83,Regular Air,Personel Usage,Canned Foods,Assorted Fruits,Small Pack,Uttar Pradesh,Ghaziabad,North,India,2012-04-22,2012-04-23,-31.62,3,28.11
High,0.0001,1.76,0.7,Regular Air,Personel Usage,Processed Meat,Foie Gras,Wrap Bag,Uttar Pradesh,Ghaziabad,North,India,2012-04-22,2012-04-23,-0.06000000000000005,16,30.93
High,0.01,10.23,4.68,Regular Air,Hotels / Hospitals,Processed Meat,Pacific Squid,Small Pack,Jharkhand,Lohardaga,North,India,2012-04-23,2012-04-28,-21.6384,10,106.67
High,0.1,9.78,1.39,Regular Air,Hotels / Hospitals,Processed Meat,Caviar,Small Box,Andhra Pradesh,Vizianagaram,South,India,2012-04-23,2012-04-24,-62.804,7,65.1
High,0.03,6.78,6.18,Regular Air,Personel Usage,Processed Meat,Smoked Salmon,Small Box,Kerala,Kannur,South,India,2012-04-23,2012-04-25,39.816,13,94.12
Not Specified,0.07,159.31,60.0,Delivery Truck,Hotels / Hospitals,Preserved Food,Jams,Jumbo Drum,Madhya Pradesh,Jabalpur,West,India,2012-04-24,2012-04-25,74.892,3,480.26
High,0.05,6.48,6.81,Regular Air,Personel Usage,Processed Meat,Smoked Salmon,Small Box,Uttar Pradesh,Ghaziabad,North,India,2012-04-25,2012-04-27,-29.06,9,64.17
Not Specified,0.01,500.98,26.0,Delivery Truck,Personel Usage,Preserved Food,Sundried Tomatoes,Jumbo Drum,Andhra Pradesh,Kakinada,South,India,2012-04-29,2012-04-30,1384.452,3,1502.79
High,0.1,8.45,7.77,Regular Air,Personel Usage,Processed Meat,Pacific Squid,Small Pack,Andhra Pradesh,Kakinada,South,India,2012-04-29,2012-04-30,-8.456,6,50.59
High,0.01,40.89,18.98,Regular Air,Restaurant Chain,Preserved Food,Marmalade,Small Box,Madhya Pradesh,Rewa,West,India,2012-05-01,2012-05-02,94.96,49,2092.92
High,0.01,40.89,18.98,Regular Air,Restaurant Chain,Preserved Food,Marmalade,Small Box,Bihar,Sheohar,North,India,2012-05-01,2012-05-02,94.96,12,512.55
Not Specified,0.02,90.98,30.0,Delivery Truck,Hotels / Hospitals,Preserved Food,Sundried Tomatoes,Jumbo Drum,Tamil Nadu,Sriperumbudur,South,India,2012-05-01,2012-05-03,23.537999999999997,11,1050.99
High,0.0001,80.97,30.06,Delivery Truck,Hotels / Hospitals,Canned Foods,Sliced Pineapple,Jumbo Box,Gujarat,Surendranagar,West,India,2012-05-01,2012-05-03,202.73,9,777.47
High,0.09,6.48,7.03,Regular Air,Hotels / Hospitals,Processed Meat,Smoked Salmon,Small Box,Gujarat,Surendranagar,West,India,2012-05-01,2012-05-02,-118.55,13,80.96
High,0.1,205.99,2.5,Regular Air,Hotels / Hospitals,Canned Foods,Quail Eggs,Small Box,Uttar Pradesh,Firozabad,North,India,2012-05-02,2012-05-03,823.0464000000001,15,2434.65
High,0.04,1.6,1.29,Express Air,Personel Usage,Processed Meat,Foie Gras,Wrap Bag,Uttar Pradesh,Ghaziabad,North,India,2012-05-03,2012-05-05,-8.44,38,66.26
High,0.04,65.99,8.99,Regular Air,Personel Usage,Canned Foods,Quail Eggs,Small Box,Uttar Pradesh,Ghaziabad,North,India,2012-05-03,2012-05-04,398.223,64,3596.04
High,0.02,525.98,19.99,Regular Air,Personel Usage,Processed Meat,Bacon,Small Box,Tamil Nadu,Karur,South,India,2012-05-03,2012-05-05,697.656,2,1103.09
High,0.1,16.51,2.99,Regular Air,Personel Usage,Processed Meat,Bacon,Small Box,Tamil Nadu,Karur,South,India,2012-05-03,2012-05-05,6.6147,16,248.45
Critical,0.09,5.98,3.85,Regular Air,Personel Usage,Canned Foods,Assorted Fruits,Small Pack,Tamil Nadu,Karur,South,India,2012-05-03,2012-05-05,-391.90200000000004,12,68.1
High,0.03,30.98,19.99,Regular Air,Restaurant Chain,Processed Meat,Smoked Salmon,Small Box,Uttar Pradesh,Lucknow,North,India,2012-05-03,2012-05-07,-95.05,18,570.2
High,0.04,1.6,1.29,Express Air,Personel Usage,Processed Meat,Foie Gras,Wrap Bag,Uttar Pradesh,Deoria,North,India,2012-05-03,2012-05-05,-8.44,9,15.69
High,0.04,65.99,8.99,Regular Air,Personel Usage,Canned Foods,Quail Eggs,Small Box,Uttar Pradesh,Deoria,North,India,2012-05-03,2012-05-04,398.223,16,899.01
High,0.04,37.7,2.99,Express Air,Personel Usage,Processed Meat,Bacon,Small Box,Madhya Pradesh,Rewa,West,India,2012-05-05,2012-05-07,63.6055,9,371.01
Not Specified,0.01,349.45,60.0,Delivery Truck,Personel Usage,Preserved Food,Jams,Jumbo Drum,Madhya Pradesh,Shahdol,West,India,2012-05-05,2012-05-07,224.8,2,599.67
Not Specified,0.1,12.22,2.85,Regular Air,Hotels / Hospitals,Preserved Food,Marmalade,Small Pack,Gujarat,Valsad,West,India,2012-05-05,2012-05-08,-570.038,3,35.38
High,0.04,5.28,5.57,Regular Air,Hotels / Hospitals,Processed Meat,Smoked Salmon,Small Box,Gujarat,Valsad,West,India,2012-05-05,2012-05-06,1557.1065,20,110.7
Low,0.04,9.65,6.22,Express Air,Restaurant Chain,Preserved Food,Marmalade,Small Box,Maharashtra,Osmanabad,West,India,2012-05-06,2012-05-11,675.174,18,184.42
High,0.08,95.99,35.0,Regular Air,Hotels / Hospitals,Processed Meat,Fresh Water Eel,Large Box,Chhattisgarh,Rajnandgaon,North,India,2012-05-07,2012-05-08,1103.5223999999998,3,278.06
Critical,0.08,11.99,5.99,Express Air,Stand Alone Restaurants,Canned Foods,Sliced Pineapple,Medium Box,Uttar Pradesh,Hamirpur,North,India,2012-05-07,2012-05-08,34.63,17,207.86
High,0.03,30.73,4.0,Regular Air,Hotels / Hospitals,Canned Foods,Assorted Fruits,Small Box,Bihar,Jhanjharpur,North,India,2012-05-08,2012-05-10,8.765999999999998,14,431.43
High,0.02,59.78,10.29,Regular Air,Hotels / Hospitals,Processed Meat,Bacon,Small Box,Telangana,Warangal,South,India,2012-05-09,2012-05-10,-10.014199999999999,9,547.29
High,0.07,243.98,62.94,Delivery Truck,Restaurant Chain,Preserved Food,Sundried Tomatoes,Jumbo Drum,Bihar,Banka,North,India,2012-05-12,2012-05-13,101.4984,17,4035.94
High,0.08,6.48,6.81,Regular Air,Restaurant Chain,Processed Meat,Smoked Salmon,Small Box,Uttar Pradesh,Bahraich,North,India,2012-05-12,2012-05-21,-141.26,18,113.25
High,0.09,7.68,6.16,Regular Air,Personel Usage,Processed Meat,Bacon,Small Box,Madhya Pradesh,Damoh,West,India,2012-05-14,2012-05-15,-56.1085,9,67.1
Low,0.06,218.08,18.06,Regular Air,Restaurant Chain,Preserved Food,Sundried Tomatoes,Large Box,Gujarat,Valsad,West,India,2012-05-19,2012-05-19,-93.212,2,436.51
High,0.01,15.42,10.68,Express Air,Restaurant Chain,Processed Meat,Fresh Water Eel,Small Box,Gujarat,Valsad,West,India,2012-05-19,2012-05-21,-308.06874000000005,19,319.19
High,0.0001,20.99,1.25,Regular Air,Personel Usage,Canned Foods,Quail Eggs,Small Pack,Uttar Pradesh,Kannauj,North,India,2012-05-19,2012-05-21,22.572,13,248.58
High,0.07,2.78,1.34,Regular Air,Hotels / Hospitals,Processed Meat,Foie Gras,Wrap Bag,Maharashtra,Jalna,West,India,2012-05-19,2012-05-19,-69.678,17,47.55
High,0.02,15.67,1.39,Regular Air,Restaurant Chain,Processed Meat,Caviar,Small Box,West Bengal,Asansol,East,India,2012-05-20,2012-05-21,194.54549999999998,17,281.95
Not Specified,0.07,51.65,18.45,Regular Air,Restaurant Chain,Preserved Food,Marmalade,Medium Box,West Bengal,Asansol,East,India,2012-05-20,2012-05-22,63.88,11,556.76
Not Specified,0.04,125.99,8.99,Express Air,Restaurant Chain,Canned Foods,Quail Eggs,Small Box,West Bengal,Asansol,East,India,2012-05-20,2012-05-21,-176.055,4,419.98
High,0.04,2.88,1.49,Regular Air,Hotels / Hospitals,Processed Meat,Bacon,Small Box,Gujarat,Surat,West,India,2012-05-20,2012-05-22,-296.373,10,29.63
Medium,0.06,65.99,3.99,Regular Air,Hotels / Hospitals,Canned Foods,Quail Eggs,Small Box,Gujarat,Surat,West,India,2012-05-20,2012-05-22,21.587999999999997,11,579.99
High,0.1,3.89,7.01,Express Air,Stand Alone Restaurants,Processed Meat,Bacon,Small Box,Maharashtra,Solapur,West,India,2012-05-20,2012-05-22,-11.4793,13,52.06
High,0.08,6.48,10.05,Regular Air,Stand Alone Restaurants,Processed Meat,Smoked Salmon,Small Box,Maharashtra,Solapur,West,India,2012-05-20,2012-05-22,-26.278,4,29.98
Medium,0.02,25.38,8.99,Regular Air,Personel Usage,Preserved Food,Marmalade,Small Pack,Madhya Pradesh,Shahdol,West,India,2012-05-21,2012-05-21,90.11399999999999,5,130.6
High,0.02,21.38,8.99,Regular Air,Personel Usage,Processed Meat,Foie Gras,Small Pack,Madhya Pradesh,Shahdol,West,India,2012-05-21,2012-05-21,-19.92,7,160.63
Critical,0.01,33.98,1.99,Regular Air,Hotels / Hospitals,Canned Foods,Assorted Fruits,Small Pack,Rajasthan,Ganganagar,West,India,2012-05-21,2012-05-21,196.83629999999997,8,285.27
High,0.01,24.95,2.99,Regular Air,Restaurant Chain,Processed Meat,Bacon,Small Box,Himachal Pradesh,Hamirpur,North,India,2012-05-21,2012-05-21,-14369.12358,3,81.31
High,0.06,6.88,2.0,Regular Air,Restaurant Chain,Processed Meat,Smoked Salmon,Wrap Bag,Jharkhand,Ranchi,North,India,2012-05-21,2012-05-23,34.05,16,111.52
Low,0.03,12.22,2.85,Regular Air,Restaurant Chain,Preserved Food,Marmalade,Small Pack,Bihar,Muzaffarpur,North,India,2012-05-24,2012-05-31,-166.236,18,223.01
High,0.02,6.48,5.84,Regular Air,Restaurant Chain,Processed Meat,Smoked Salmon,Small Box,Bihar,Muzaffarpur,North,India,2012-05-24,2012-05-31,-93.9862,11,72.15
High,0.05,4.49,1.49,Regular Air,Hotels / Hospitals,Processed Meat,Bacon,Small Box,Andhra Pradesh,Ongole,South,India,2012-05-26,2012-05-27,-180.44599999999997,6,27.21
High,0.0001,9.71,9.45,Regular Air,Restaurant Chain,Processed Meat,Fresh Water Eel,Small Box,Orissa,Cuttack,East,India,2012-05-27,2012-05-29,-113.52,8,84.57
High,0.06,17.99,8.65,Regular Air,Restaurant Chain,Processed Meat,Foie Gras,Small Box,Karnataka,Hassan,South,India,2012-05-27,2012-05-28,-106.8,19,331.15
High,0.04,2.78,0.97,Regular Air,Restaurant Chain,Processed Meat,Foie Gras,Wrap Bag,Karnataka,Hassan,South,India,2012-05-27,2012-05-29,-2.23,8,22.15
Critical,0.06,20.99,4.81,Regular Air,Restaurant Chain,Canned Foods,Quail Eggs,Medium Box,Karnataka,Hassan,South,India,2012-05-27,2012-05-29,100.59299999999999,19,345.73
High,0.02,3.69,0.5,Express Air,Hotels / Hospitals,Processed Meat,Oysters (Clam),Small Box,Uttar Pradesh,Faizabad,North,India,2012-05-28,2012-05-30,-87.402,16,67.18
High,0.03,5.78,5.67,Regular Air,Hotels / Hospitals,Processed Meat,Smoked Salmon,Small Box,Rajasthan,Jodhpur,West,India,2012-05-28,2012-05-29,17.808,14,81.48
High,0.0001,14.97,7.51,Regular Air,Hotels / Hospitals,Processed Meat,Fresh Water Eel,Small Box,Rajasthan,Jodhpur,West,India,2012-05-28,2012-05-29,20.808,5,80.53
Not Specified,0.02,136.98,24.49,Regular Air,Restaurant Chain,Preserved Food,Marmalade,Large Box,Rajasthan,Jaipur,West,India,2012-05-31,2012-06-01,71.9334,3,433.35
Critical,0.01,15.98,8.99,Express Air,Restaurant Chain,Canned Foods,Assorted Fruits,Small Pack,Maharashtra,Aurangabad,West,India,2012-05-31,2012-06-02,-125.8,10,168.37
High,0.08,12.28,6.47,Regular Air,Restaurant Chain,Processed Meat,Smoked Salmon,Small Box,Maharashtra,Aurangabad,West,India,2012-05-31,2012-06-02,-10.84,18,205.94
High,0.1,30.98,5.09,Express Air,Restaurant Chain,Processed Meat,Smoked Salmon,Small Box,Maharashtra,Aurangabad,West,India,2012-05-31,2012-06-02,84.53,5,148.45
High,0.08,19.98,5.97,Regular Air,Personel Usage,Processed Meat,Smoked Salmon,Small Box,Rajasthan,Pali,West,India,2012-06-01,2012-06-03,6.990570000000001,10,188.04
Low,0.02,65.99,8.99,Regular Air,Hotels / Hospitals,Canned Foods,Quail Eggs,Small Box,Uttar Pradesh,Agra,North,India,2012-06-02,2012-06-06,-332.5616,5,297.03
High,0.06,6.48,7.49,Regular Air,Stand Alone Restaurants,Processed Meat,Smoked Salmon,Small Box,Jharkhand,Ranchi,North,India,2012-06-02,2012-06-02,-77.00800000000001,11,73.52
High,0.07,1.88,0.79,Regular Air,Stand Alone Restaurants,Processed Meat,Tuna,Wrap Bag,Jharkhand,Ranchi,North,India,2012-06-02,2012-06-04,-0.512,9,16.85
High,0.03,16.98,12.39,Regular Air,Restaurant Chain,Processed Meat,Caviar,Small Box,Uttar Pradesh,Bulandshahr,North,India,2012-06-03,2012-06-05,-18.48,1,29.19
High,0.03,225.04,11.79,Express Air,Restaurant Chain,Processed Meat,Jelly Fish,Medium Box,Uttar Pradesh,Chandauli,North,India,2012-06-03,2012-06-05,615.5559,4,892.11
Low,0.05,9.49,5.76,Regular Air,Restaurant Chain,Canned Foods,Sliced Pineapple,Medium Box,Uttar Pradesh,Chandauli,North,India,2012-06-03,2012-06-08,-35.44032,17,155.59
High,0.03,155.06,7.07,Regular Air,Restaurant Chain,Processed Meat,Fresh Water Eel,Small Box,Uttar Pradesh,Azamgarh,North,India,2012-06-05,2012-06-06,236.59199999999998,4,619.68
Not Specified,0.05,179.99,13.99,Express Air,Restaurant Chain,Canned Foods,Quail Eggs,Medium Box,Uttar Pradesh,Azamgarh,North,India,2012-06-05,2012-06-06,1937.0232,18,2807.28
High,0.1,9.85,4.82,Regular Air,Personel Usage,Processed Meat,Foie Gras,Wrap Bag,Uttar Pradesh,Ghaziabad,North,India,2012-06-06,2012-06-10,-27.15,35,318.32
High,0.05,2.98,2.03,Express Air,Personel Usage,Processed Meat,Foie Gras,Wrap Bag,Uttarakhand,Almora,North,India,2012-06-07,2012-06-11,-3.4560000000000004,2,8.11
High,0.09,9.06,9.86,Regular Air,Personel Usage,Processed Meat,Smoked Salmon,Small Box,Uttarakhand,Almora,North,India,2012-06-07,2012-06-07,-190.31199999999998,19,165.42
Not Specified,0.07,28.48,1.99,Regular Air,Hotels / Hospitals,Canned Foods,Assorted Fruits,Small Pack,Bihar,Muzaffarpur,North,India,2012-06-08,2012-06-10,-32.9,20,561.51
High,0.07,5.68,3.6,Regular Air,Hotels / Hospitals,Processed Meat,Pacific Squid,Small Pack,West Bengal,Jhargram,East,India,2012-06-09,2012-06-11,-31.383999999999997,9,49.08
High,0.07,205.99,5.99,Regular Air,Hotels / Hospitals,Canned Foods,Quail Eggs,Small Box,West Bengal,Jhargram,East,India,2012-06-09,2012-06-10,1931.148,18,2931.03
High,0.05,13.48,4.51,Regular Air,Personel Usage,Processed Meat,Fresh Water Eel,Small Box,Rajasthan,Barmer,West,India,2012-06-10,2012-06-12,1848.6119999999999,18,246.18
Low,0.05,9.77,6.02,Regular Air,Personel Usage,Preserved Food,Marmalade,Medium Box,Uttar Pradesh,Ghaziabad,North,India,2012-06-12,2012-06-19,7.0,21,204.64
Low,0.05,9.77,6.02,Regular Air,Personel Usage,Preserved Food,Marmalade,Medium Box,Uttar Pradesh,Deoria,North,India,2012-06-12,2012-06-19,8.4,5,48.72
Low,0.1,276.2,24.49,Regular Air,Hotels / Hospitals,Preserved Food,Sundried Tomatoes,Large Box,Uttar Pradesh,Sultanpur,North,India,2012-06-13,2012-06-17,-2.7853000000000003,5,1315.25
High,0.05,6.35,1.02,Express Air,Hotels / Hospitals,Processed Meat,Smoked Salmon,Wrap Bag,Uttar Pradesh,Sultanpur,North,India,2012-06-13,2012-06-18,-36.232,19,122.36
High,0.06,10.98,3.37,Regular Air,Hotels / Hospitals,Processed Meat,Pacific Squid,Small Pack,West Bengal,Jhargram,East,India,2012-06-14,2012-06-14,34.164,13,146.32
High,0.01,1.98,4.77,Regular Air,Restaurant Chain,Processed Meat,Bacon,Small Box,Uttar Pradesh,Nagina,North,India,2012-06-15,2012-06-17,-62.164399999999986,9,21.1
High,0.08,4.98,4.72,Regular Air,Restaurant Chain,Processed Meat,Smoked Salmon,Small Box,Himachal Pradesh,Shimla,North,India,2012-06-16,2012-06-17,167.844,7,34.55
High,0.08,12.28,6.47,Regular Air,Hotels / Hospitals,Processed Meat,Smoked Salmon,Small Box,Rajasthan,Jodhpur,West,India,2012-06-16,2012-06-25,-224.38569999999999,10,115.56
Critical,0.03,130.98,30.0,Delivery Truck,Hotels / Hospitals,Preserved Food,Sundried Tomatoes,Jumbo Drum,Tamil Nadu,Tenkasi,South,India,2012-06-17,2012-06-17,-227.248,17,2237.4
Medium,0.03,262.11,62.74,Delivery Truck,Hotels / Hospitals,Preserved Food,Jams,Jumbo Box,Bihar,Supaul,North,India,2012-06-17,2012-06-19,-231.63,2,435.73
Medium,0.09,23.99,15.68,Delivery Truck,Personel Usage,Preserved Food,Marmalade,Jumbo Drum,Uttar Pradesh,Shahjahanpur,North,India,2012-06-18,2012-06-20,138.414,4,94.47
High,0.01,90.48,19.99,Regular Air,Restaurant Chain,Processed Meat,Caviar,Small Box,Jharkhand,Godda,North,India,2012-06-20,2012-06-21,-4.284000000000001,6,556.2
High,0.1,3.69,0.5,Express Air,Restaurant Chain,Processed Meat,Oysters (Clam),Small Box,Karnataka,Gulbarga,South,India,2012-06-21,2012-06-22,-22.778,20,73.33
High,0.02,6.68,5.2,Regular Air,Restaurant Chain,Processed Meat,Smoked Salmon,Small Box,Karnataka,Gulbarga,South,India,2012-06-21,2012-06-23,-237.6374,14,93.86
High,0.01,16.74,5.08,Regular Air,Personel Usage,Processed Meat,Bacon,Small Box,Andhra Pradesh,Kakinada,South,India,2012-06-22,2012-06-23,-244.63600000000002,13,221.82
High,0.05,300.65,24.49,Express Air,Restaurant Chain,Processed Meat,Jelly Fish,Large Box,Haryana,Sirsa,North,India,2012-06-22,2012-06-22,-130.1363,7,2052.43
Not Specified,0.1,17.67,8.99,Regular Air,Restaurant Chain,Preserved Food,Marmalade,Small Pack,Haryana,Sirsa,North,India,2012-06-22,2012-06-23,-228.942,21,337.74
High,0.01,64.65,35.0,Regular Air,Restaurant Chain,Processed Meat,Fresh Water Eel,Large Box,Haryana,Sirsa,North,India,2012-06-22,2012-06-24,-470.078,3,212.82
Medium,0.06,22.23,8.99,Express Air,Hotels / Hospitals,Preserved Food,Marmalade,Small Pack,Maharashtra,Jalna,West,India,2012-06-22,2012-06-25,64.50299999999999,9,205.14
High,0.0001,193.17,19.99,Regular Air,Personel Usage,Processed Meat,Fresh Water Eel,Small Box,Andhra Pradesh,Kadapa,South,India,2012-06-22,2012-06-22,1975.7160000000001,19,3825.29
Medium,0.06,12.64,4.98,Regular Air,Personel Usage,Preserved Food,Marmalade,Small Pack,Andhra Pradesh,Machilipatnam,South,India,2012-06-22,2012-06-23,-14.712,1,14.49
Not Specified,0.04,73.98,14.52,Regular Air,Hotels / Hospitals,Canned Foods,Assorted Fruits,Small Box,Jammu And Kashmir,Udhampur,North,India,2012-06-23,2012-06-24,77.97,4,306.94
High,0.03,15.94,5.45,Regular Air,Hotels / Hospitals,Processed Meat,Foie Gras,Small Pack,Tamil Nadu,Namakkal,South,India,2012-06-23,2012-06-25,4.128,10,156.89
High,0.07,140.99,4.2,Regular Air,Stand Alone Restaurants,Canned Foods,Quail Eggs,Small Box,Bihar,Jhanjharpur,North,India,2012-06-25,2012-06-27,-99.76197,21,2434.12
Medium,0.02,49.99,19.99,Regular Air,Hotels / Hospitals,Canned Foods,Assorted Fruits,Small Box,Madhya Pradesh,Khajuraho,West,India,2012-06-27,2012-06-28,-35.519999999999996,7,361.45
High,0.08,59.98,3.99,Regular Air,Hotels / Hospitals,Processed Meat,Jelly Fish,Small Box,Kerala,Palghat,South,India,2012-06-27,2012-06-29,420.984,11,619.14
Low,0.08,100.8,60.0,Delivery Truck,Stand Alone Restaurants,Preserved Food,Jams,Jumbo Drum,Madhya Pradesh,Betul,West,India,2012-06-28,2012-07-03,-1033.112,20,1935.36
High,0.04,8.6,6.19,Express Air,Hotels / Hospitals,Processed Meat,Bacon,Small Box,Uttar Pradesh,Agra,North,India,2012-06-30,2012-07-01,-60.1657,6,56.03
High,0.02,6.48,9.54,Regular Air,Stand Alone Restaurants,Processed Meat,Smoked Salmon,Small Box,Madhya Pradesh,Tikamgarh,West,India,2012-07-01,2012-07-03,-193.39,11,72.94
High,0.01,180.98,30.0,Delivery Truck,Restaurant Chain,Preserved Food,Sundried Tomatoes,Jumbo Drum,Tamil Nadu,Tiruppur,South,India,2012-07-01,2012-07-02,-45.02,4,734.76
High,0.0001,48.04,5.79,Regular Air,Restaurant Chain,Processed Meat,Smoked Salmon,Small Box,Tamil Nadu,Tiruppur,South,India,2012-07-01,2012-07-03,352.6935,10,511.15
High,0.09,400.98,42.52,Delivery Truck,Restaurant Chain,Preserved Food,Jams,Jumbo Box,Tamil Nadu,Tiruppur,South,India,2012-07-01,2012-07-03,541.01,7,2096.17
High,0.07,6.48,8.74,Regular Air,Personel Usage,Processed Meat,Smoked Salmon,Small Box,Tamil Nadu,Tenkasi,South,India,2012-07-02,2012-07-03,-105.15,7,45.24
Critical,0.01,2036.48,14.7,Delivery Truck,Personel Usage,Canned Foods,Sliced Pineapple,Jumbo Drum,Tamil Nadu,Thanjavur,South,India,2012-07-02,2012-07-04,-3669.051,1,2116.92
High,0.02,4.38,6.21,Regular Air,Stand Alone Restaurants,Processed Meat,Bacon,Small Box,Uttar Pradesh,Meerut,North,India,2012-07-02,2012-07-03,174.12,8,36.41
High,0.08,1.89,0.76,Regular Air,Stand Alone Restaurants,Processed Meat,Tuna,Wrap Bag,Uttar Pradesh,Meerut,North,India,2012-07-02,2012-07-03,266.49,13,24.67
High,0.03,9.31,3.98,Regular Air,Stand Alone Restaurants,Processed Meat,Pacific Squid,Small Pack,Uttar Pradesh,Meerut,North,India,2012-07-02,2012-07-05,-273.798,10,96.15
High,0.09,2.18,0.78,Express Air,Hotels / Hospitals,Processed Meat,Tuna,Wrap Bag,Gujarat,Bharuch,West,India,2012-07-03,2012-07-06,6.930000000000001,2,6.24
Critical,0.09,125.99,8.08,Regular Air,Hotels / Hospitals,Canned Foods,Quail Eggs,Small Box,Gujarat,Bharuch,West,India,2012-07-03,2012-07-05,-236.52999999999997,2,210.5
High,0.1,6.68,5.66,Regular Air,Restaurant Chain,Processed Meat,Smoked Salmon,Small Box,Bihar,Katihar,North,India,2012-07-05,2012-07-06,-44.2267,15,97.52
High,0.04,5.98,0.96,Regular Air,Restaurant Chain,Processed Meat,Foie Gras,Wrap Bag,Bihar,Katihar,North,India,2012-07-05,2012-07-07,122.0634,14,84.72
High,0.02,2.88,0.5,Regular Air,Restaurant Chain,Preserved Food,Jams,Jumbo Box,Andhra Pradesh,Nellore,South,India,2012-07-05,2012-07-07,2.45,2,5.81
High,0.1,5.98,5.15,Express Air,Stand Alone Restaurants,Processed Meat,Smoked Salmon,Small Box,West Bengal,Bishnupur,East,India,2012-07-05,2012-07-06,-7.4,2,15.91
High,0.06,328.14,91.05,Delivery Truck,Stand Alone Restaurants,Processed Meat,Jelly Fish,Jumbo Drum,West Bengal,Darjiling,East,India,2012-07-05,2012-07-06,861.78,16,4966.22
Medium,0.07,105.34,24.49,Express Air,Stand Alone Restaurants,Preserved Food,Marmalade,Large Box,West Bengal,Darjiling,East,India,2012-07-05,2012-07-07,489.58,9,891.69
High,0.05,4.98,4.72,Regular Air,Hotels / Hospitals,Processed Meat,Smoked Salmon,Small Box,Punjab,Patiala,West,India,2012-07-06,2012-07-07,-39.172,1,9.69
High,0.03,7.08,2.35,Regular Air,Hotels / Hospitals,Processed Meat,Foie Gras,Wrap Bag,Punjab,Patiala,West,India,2012-07-06,2012-07-08,-621.2919999999999,16,110.66
Not Specified,0.05,808.49,55.3,Delivery Truck,Hotels / Hospitals,Canned Foods,Sliced Pineapple,Jumbo Drum,Karnataka,Mandya,South,India,2012-07-06,2012-07-08,56.016,13,9984.85
High,0.01,8.56,5.16,Regular Air,Hotels / Hospitals,Processed Meat,Smoked Salmon,Wrap Bag,Rajasthan,Ajmer,West,India,2012-07-06,2012-07-08,8.34,10,92.34
High,0.1,21.38,2.99,Regular Air,Personel Usage,Processed Meat,Bacon,Small Box,Rajasthan,Rajsamand,West,India,2012-07-07,2012-07-08,97.3452,7,141.08
High,0.07,55.99,1.25,Regular Air,Personel Usage,Canned Foods,Quail Eggs,Small Pack,Rajasthan,Bhilwara,West,India,2012-07-07,2012-07-09,-25.074,8,357.62
High,0.06,3502.14,8.73,Delivery Truck,Personel Usage,Canned Foods,Sliced Pineapple,Jumbo Box,Rajasthan,Jaipur,West,India,2012-07-07,2012-07-09,-8570.4483,1,3057.44
High,0.05,7.98,6.5,Regular Air,Hotels / Hospitals,Processed Meat,Fresh Water Eel,Medium Box,Chhattisgarh,Mahasamund,North,India,2012-07-08,2012-07-10,-71.12,6,47.78
Critical,0.04,20.89,1.99,Regular Air,Hotels / Hospitals,Canned Foods,Assorted Fruits,Small Pack,Orissa,Cuttack,East,India,2012-07-10,2012-07-12,166.49699999999999,12,241.3
Critical,0.01,35.99,0.99,Regular Air,Hotels / Hospitals,Canned Foods,Quail Eggs,Small Pack,Orissa,Cuttack,East,India,2012-07-10,2012-07-10,89.4378,4,129.62
Not Specified,0.1,199.99,24.49,Regular Air,Personel Usage,Canned Foods,Wild Berry,Large Box,Madhya Pradesh,Vidisha,West,India,2012-07-10,2012-07-12,988.1990000000001,11,1988.06
High,0.03,6.48,7.37,Regular Air,Personel Usage,Processed Meat,Smoked Salmon,Small Box,Madhya Pradesh,Vidisha,West,India,2012-07-10,2012-07-12,-50.27,5,36.4
High,0.1,14.48,6.46,Regular Air,Restaurant Chain,Processed Meat,Bacon,Small Box,Uttar Pradesh,Bahraich,North,India,2012-07-10,2012-07-14,23.9615,8,114.75
High,0.09,5.84,1.0,Regular Air,Restaurant Chain,Processed Meat,Foie Gras,Wrap Bag,Uttar Pradesh,Bahraich,North,India,2012-07-10,2012-07-15,14.46,4,21.59
High,0.1,35.44,19.99,Regular Air,Hotels / Hospitals,Processed Meat,Smoked Salmon,Small Box,Kerala,Trichur,South,India,2012-07-12,2012-07-14,-47.01,4,142.51
High,0.06,55.48,14.3,Regular Air,Hotels / Hospitals,Processed Meat,Smoked Salmon,Small Box,Kerala,Trichur,South,India,2012-07-12,2012-07-17,346.7043,9,502.47
Not Specified,0.06,7.59,4.0,Regular Air,Hotels / Hospitals,Preserved Food,Marmalade,Wrap Bag,Gujarat,Patan,West,India,2012-07-12,2012-07-14,17.15,13,94.12
High,0.01,2.98,2.03,Regular Air,Hotels / Hospitals,Processed Meat,Foie Gras,Wrap Bag,Gujarat,Patan,West,India,2012-07-12,2012-07-14,-30.39,11,33.11
High,0.1,6.3,0.5,Regular Air,Stand Alone Restaurants,Processed Meat,Oysters (Clam),Small Box,Meghalaya,Tura,East,India,2012-07-13,2012-07-14,-84.931,12,73.48
Low,0.1,15.98,4.0,Regular Air,Restaurant Chain,Canned Foods,Assorted Fruits,Small Box,Uttar Pradesh,Bijnor,North,India,2012-07-14,2012-07-19,-47.36,2,30.67
Not Specified,0.05,1.74,4.08,Express Air,Restaurant Chain,Preserved Food,Marmalade,Small Pack,Andhra Pradesh,Srikakulam,South,India,2012-07-14,2012-07-15,-56.73,7,14.75
High,0.04,8.46,8.99,Regular Air,Hotels / Hospitals,Canned Foods,Assorted Fruits,Small Pack,Jharkhand,Chatra,North,India,2012-07-15,2012-07-16,16.026,5,46.85
High,0.05,210.55,9.99,Express Air,Stand Alone Restaurants,Processed Meat,Fresh Water Eel,Small Box,Karnataka,Kolar,South,India,2012-07-16,2012-07-17,-270.7,1,211.52
High,0.0001,125.99,7.69,Express Air,Stand Alone Restaurants,Canned Foods,Quail Eggs,Small Box,Kerala,Pathanamthitta,South,India,2012-07-16,2012-07-17,305.964,7,769.09
Critical,0.0001,4.97,5.71,Regular Air,Restaurant Chain,Preserved Food,Marmalade,Medium Box,Uttar Pradesh,Nagina,North,India,2012-07-16,2012-07-18,-148.8,16,87.03
Not Specified,0.09,155.99,3.9,Regular Air,Hotels / Hospitals,Canned Foods,Quail Eggs,Small Box,Uttar Pradesh,Faizabad,North,India,2012-07-18,2012-07-20,-171.6638,13,1599.93
High,0.05,12.98,3.14,Express Air,Hotels / Hospitals,Processed Meat,Pacific Squid,Small Pack,Karnataka,Belgaum,South,India,2012-07-19,2012-07-20,-22.918000000000003,14,189.77
Critical,0.0001,51.65,18.45,Regular Air,Stand Alone Restaurants,Preserved Food,Marmalade,Medium Box,Telangana,Karimnagar,South,India,2012-07-19,2012-07-21,-201.124,3,173.5
High,0.02,3.08,0.99,Regular Air,Stand Alone Restaurants,Processed Meat,Oysters (Clam),Small Box,West Bengal,Bankura,East,India,2012-07-20,2012-07-22,-387.632,2,6.73
High,0.06,3.69,0.5,Regular Air,Hotels / Hospitals,Processed Meat,Oysters (Clam),Small Box,Madhya Pradesh,Rewa,West,India,2012-07-21,2012-07-23,57.0,49,180.84
High,0.06,3.69,0.5,Regular Air,Hotels / Hospitals,Processed Meat,Oysters (Clam),Small Box,Tamil Nadu,Chidambaram,South,India,2012-07-21,2012-07-23,30.5601,12,44.29
Medium,0.08,130.98,54.74,Delivery Truck,Personel Usage,Preserved Food,Pickle,Jumbo Box,Madhya Pradesh,Rewa,West,India,2012-07-22,2012-07-24,-581.59,34,4499.26
Medium,0.1,20.97,6.5,Regular Air,Hotels / Hospitals,Canned Foods,Assorted Fruits,Small Box,Tamil Nadu,Sriperumbudur,South,India,2012-07-22,2012-07-23,-173.334,15,302.35
High,0.03,104.85,19.99,Regular Air,Hotels / Hospitals,Processed Meat,Smoked Salmon,Small Box,Tamil Nadu,Sriperumbudur,South,India,2012-07-22,2012-07-23,136.03199999999998,2,214.14
Medium,0.02,95.99,8.99,Regular Air,Hotels / Hospitals,Canned Foods,Quail Eggs,Small Box,Tamil Nadu,Sriperumbudur,South,India,2012-07-22,2012-07-24,195.936,9,751.07
Medium,0.08,130.98,54.74,Delivery Truck,Personel Usage,Preserved Food,Pickle,Jumbo Box,Chhattisgarh,Raigarh,North,India,2012-07-22,2012-07-24,-581.59,8,1058.65
Low,0.0001,17.48,1.99,Regular Air,Stand Alone Restaurants,Canned Foods,Assorted Fruits,Small Pack,Bihar,Jhanjharpur,North,India,2012-07-23,2012-07-27,-54.3438,4,78.17
High,0.06,6.98,9.69,Regular Air,Stand Alone Restaurants,Processed Meat,Fresh Water Eel,Small Box,Bihar,Jhanjharpur,North,India,2012-07-23,2012-07-23,-141.3657,18,131.52
High,0.07,1.7,1.99,Regular Air,Hotels / Hospitals,Canned Foods,Assorted Fruits,Small Pack,Madhya Pradesh,Rewa,West,India,2012-07-24,2012-07-26,-58.87,59,98.74
High,0.09,38.06,4.5,Regular Air,Personel Usage,Processed Meat,Jelly Fish,Small Box,Jammu And Kashmir,Anantnag,North,India,2012-07-24,2012-07-28,108.3,5,186.7
Low,0.07,5.08,2.03,Regular Air,Personel Usage,Preserved Food,Marmalade,Wrap Bag,Jammu And Kashmir,Anantnag,North,India,2012-07-24,2012-07-26,22.25,9,45.77
Low,0.0001,125.99,8.99,Regular Air,Personel Usage,Canned Foods,Quail Eggs,Small Box,Jammu And Kashmir,Anantnag,North,India,2012-07-24,2012-07-29,377.62199999999996,7,764.63
Low,0.02,125.99,8.08,Regular Air,Personel Usage,Canned Foods,Quail Eggs,Small Box,Jammu And Kashmir,Anantnag,North,India,2012-07-24,2012-07-26,1181.8182,16,1712.78
Medium,0.05,300.97,7.18,Regular Air,Hotels / Hospitals,Canned Foods,Assorted Fruits,Small Box,Tamil Nadu,Namakkal,South,India,2012-07-25,2012-07-27,1450.0487999999998,7,2101.52
High,0.0001,28.48,1.99,Regular Air,Personel Usage,Canned Foods,Assorted Fruits,Small Pack,Bihar,Supaul,North,India,2012-07-25,2012-07-25,-23.211999999999996,14,414.67
High,0.03,22.23,3.63,Regular Air,Personel Usage,Preserved Food,Marmalade,Small Pack,Bihar,Supaul,North,India,2012-07-25,2012-07-26,642.108,14,327.24
High,0.0001,6.48,8.4,Regular Air,Personel Usage,Processed Meat,Smoked Salmon,Small Box,Bihar,Supaul,North,India,2012-07-25,2012-07-27,-21.042,15,102.98
Medium,0.04,55.94,4.0,Express Air,Hotels / Hospitals,Canned Foods,Assorted Fruits,Small Box,Bihar,Siwan,North,India,2012-07-26,2012-07-28,-130.774,11,613.6
High,0.06,2.18,7.09,Regular Air,Stand Alone Restaurants,Processed Meat,Smoked Salmon,Wrap Bag,Madhya Pradesh,Balaghat,West,India,2012-07-27,2012-07-30,-143.15,5,12.98
Critical,0.07,7.7,3.68,Regular Air,Personel Usage,Preserved Food,Marmalade,Wrap Bag,Jammu And Kashmir,Udhampur,North,India,2012-07-27,2012-07-28,-61.79600000000001,12,92.35
High,0.0001,42.8,2.99,Regular Air,Stand Alone Restaurants,Processed Meat,Bacon,Small Box,Chhattisgarh,Durg,North,India,2012-07-29,2012-07-29,125.2143,4,181.47
High,0.1,4.84,0.71,Regular Air,Personel Usage,Processed Meat,Foie Gras,Wrap Bag,Jammu And Kashmir,Anantnag,North,India,2012-07-29,2012-07-31,32.016,10,46.4
Critical,0.09,100.98,7.18,Regular Air,Hotels / Hospitals,Canned Foods,Assorted Fruits,Small Box,Bihar,Siwan,North,India,2012-07-29,2012-07-30,365.34,15,1474.86
High,0.08,10.44,5.75,Regular Air,Personel Usage,Processed Meat,Bacon,Small Box,Orissa,Sambalpur,East,India,2012-07-30,2012-08-03,191.712,10,99.89
High,0.0001,7.64,5.83,Regular Air,Stand Alone Restaurants,Processed Meat,Smoked Salmon,Wrap Bag,Uttar Pradesh,Jalaun,North,India,2012-08-02,2012-08-04,-74.08800000000001,11,93.55
Low,0.07,96.45,13.99,Regular Air,Hotels / Hospitals,Canned Foods,Sliced Pineapple,Medium Box,Madhya Pradesh,Rewa,West,India,2012-08-03,2012-08-08,18.77,20,1821.96
Low,0.07,96.45,13.99,Regular Air,Hotels / Hospitals,Canned Foods,Sliced Pineapple,Medium Box,Tamil Nadu,Perambalur,South,India,2012-08-03,2012-08-08,27.7796,5,455.49
High,0.04,4.98,4.72,Regular Air,Personel Usage,Processed Meat,Smoked Salmon,Small Box,Haryana,Rohtak,North,India,2012-08-03,2012-08-04,-43.5656,24,119.4
High,0.04,2.94,0.81,Express Air,Personel Usage,Processed Meat,Foie Gras,Wrap Bag,Haryana,Rohtak,North,India,2012-08-03,2012-08-03,50.05949999999999,23,72.55
Medium,0.02,9.98,12.52,Regular Air,Restaurant Chain,Preserved Food,Marmalade,Small Box,Uttar Pradesh,Ghazipur,North,India,2012-08-03,2012-08-04,-64.05,20,203.67
High,0.02,2.94,0.96,Express Air,Stand Alone Restaurants,Processed Meat,Foie Gras,Wrap Bag,Uttar Pradesh,Banda,North,India,2012-08-04,2012-08-06,18.7812,20,62.36
High,0.07,1.81,0.75,Regular Air,Stand Alone Restaurants,Processed Meat,Tuna,Wrap Bag,Uttar Pradesh,Banda,North,India,2012-08-04,2012-08-05,-1.3624,3,5.58
High,0.09,165.98,19.99,Regular Air,Hotels / Hospitals,Processed Meat,Bacon,Small Box,Gujarat,Porbandar,West,India,2012-08-05,2012-08-12,-220.682,21,3213.59
Low,0.06,105.49,41.64,Delivery Truck,Hotels / Hospitals,Preserved Food,Jams,Jumbo Box,Gujarat,Porbandar,West,India,2012-08-05,2012-08-10,-3942.87306,6,614.18
High,0.05,3.28,5.0,Regular Air,Personel Usage,Processed Meat,Foie Gras,Wrap Bag,Chhattisgarh,Durg,North,India,2012-08-05,2012-08-05,-40.5236,11,39.52
Not Specified,0.07,4.98,4.32,Regular Air,Personel Usage,Canned Foods,Assorted Fruits,Small Pack,Madhya Pradesh,Rewa,West,India,2012-08-06,2012-08-08,-38.44,14,78.02
Not Specified,0.09,9.77,6.02,Regular Air,Personel Usage,Preserved Food,Marmalade,Medium Box,Madhya Pradesh,Rewa,West,India,2012-08-06,2012-08-07,17.31,12,124.06
Not Specified,0.07,4.98,4.32,Regular Air,Personel Usage,Canned Foods,Assorted Fruits,Small Pack,Uttar Pradesh,Etawah,North,India,2012-08-06,2012-08-08,-19.9888,3,16.72
High,0.09,15.01,8.4,Regular Air,Hotels / Hospitals,Processed Meat,Bacon,Small Box,Rajasthan,Rajsamand,West,India,2012-08-08,2012-08-15,-8.898240000000001,15,221.38
High,0.03,120.98,9.07,Regular Air,Hotels / Hospitals,Processed Meat,Bacon,Small Box,Rajasthan,Rajsamand,West,India,2012-08-08,2012-08-17,926.3181,11,1342.49
High,0.01,40.99,17.48,Regular Air,Personel Usage,Processed Meat,Smoked Salmon,Small Box,Andhra Pradesh,Guntur,South,India,2012-08-08,2012-08-09,-296.114,21,869.24
Low,0.01,17.67,8.99,Regular Air,Stand Alone Restaurants,Preserved Food,Marmalade,Small Pack,Assam,Guwahati,East,India,2012-08-09,2012-08-11,-93.072,20,354.25
Critical,0.05,65.99,2.5,Regular Air,Restaurant Chain,Canned Foods,Quail Eggs,Small Box,Madhya Pradesh,Sidhi,West,India,2012-08-11,2012-08-13,-233.88400000000001,10,554.18
Medium,0.05,140.98,36.09,Delivery Truck,Hotels / Hospitals,Preserved Food,Pickle,Jumbo Box,Madhya Pradesh,Dewas,West,India,2012-08-11,2012-08-13,-159.8792,11,1578.9
High,0.06,4.13,0.99,Express Air,Hotels / Hospitals,Processed Meat,Oysters (Clam),Small Box,Madhya Pradesh,Dewas,West,India,2012-08-11,2012-08-12,43.801199999999994,14,63.48
High,0.02,5.84,1.2,Regular Air,Restaurant Chain,Processed Meat,Foie Gras,Wrap Bag,Gujarat,Dahod,West,India,2012-08-14,2012-08-15,34.182,1,6.52
High,0.1,10.91,2.99,Express Air,Personel Usage,Processed Meat,Bacon,Small Box,Maharashtra,Akola,West,India,2012-08-17,2012-08-18,-24.024,5,57.87
High,0.03,65.99,5.31,Regular Air,Stand Alone Restaurants,Canned Foods,Quail Eggs,Small Box,Assam,Abhayapuri,East,India,2012-08-18,2012-08-19,835.7417999999999,22,1211.22
Medium,0.09,65.99,19.99,Regular Air,Hotels / Hospitals,Canned Foods,Quail Eggs,Small Box,Madhya Pradesh,Mandla,West,India,2012-08-20,2012-08-22,-148.005,11,581.2
Low,0.09,9.99,6.24,Express Air,Personel Usage,Canned Foods,Sliced Pineapple,Medium Box,Madhya Pradesh,Damoh,West,India,2012-08-20,2012-08-27,-8.419164,7,78.82
High,0.0001,8.32,2.38,Regular Air,Restaurant Chain,Canned Foods,Assorted Fruits,Small Pack,Chhattisgarh,Korba,North,India,2012-08-20,2012-08-20,-202.818,4,34.47
High,0.03,6.68,7.3,Regular Air,Restaurant Chain,Processed Meat,Smoked Salmon,Small Box,Chhattisgarh,Korba,North,India,2012-08-20,2012-08-22,-290.30400000000003,5,37.02
High,0.07,4.98,4.72,Regular Air,Personel Usage,Processed Meat,Smoked Salmon,Small Box,Uttar Pradesh,Muzaffarnagar,North,India,2012-08-21,2012-08-23,-26.0728,14,71.09
High,0.03,160.98,30.0,Delivery Truck,Personel Usage,Preserved Food,Sundried Tomatoes,Jumbo Drum,Tamil Nadu,Salem,South,India,2012-08-21,2012-08-23,836.7032,11,1852.24
High,0.07,40.98,1.99,Regular Air,Personel Usage,Canned Foods,Assorted Fruits,Small Pack,Tamil Nadu,Salem,South,India,2012-08-21,2012-08-22,18.662799999999997,4,158.54
High,0.1,363.25,19.99,Regular Air,Restaurant Chain,Processed Meat,Jelly Fish,Small Box,Haryana,Gurgaon,North,India,2012-08-23,2012-08-24,-966.2940000000001,7,2471.56
High,0.0001,6.48,5.94,Express Air,Hotels / Hospitals,Processed Meat,Smoked Salmon,Small Box,Andhra Pradesh,Nandyal,South,India,2012-08-23,2012-08-23,-21.0912,14,103.4
High,0.03,3.75,7.5,Regular Air,Personel Usage,Processed Meat,Oysters (Clam),Small Box,Kerala,Alleppey,South,India,2012-08-24,2012-08-26,155.1744,22,83.78
High,0.0001,240.98,60.2,Delivery Truck,Personel Usage,Preserved Food,Pickle,Jumbo Box,Tamil Nadu,Ramanathapuram,South,India,2012-08-25,2012-08-26,2167.0604,17,4290.63
High,0.09,6.48,9.68,Regular Air,Personel Usage,Processed Meat,Smoked Salmon,Small Box,Tamil Nadu,Ramanathapuram,South,India,2012-08-25,2012-08-26,-67.2048,10,64.76
High,0.04,60.97,4.5,Regular Air,Personel Usage,Processed Meat,Jelly Fish,Small Box,Maharashtra,Bhiwandi,West,India,2012-08-26,2012-08-26,-11.06,21,1253.74
High,0.01,7.1,6.05,Express Air,Restaurant Chain,Processed Meat,Bacon,Small Box,Orissa,Bargarh,East,India,2012-08-28,2012-08-30,1.008,21,156.41
High,0.01,2.52,4.28,Regular Air,Hotels / Hospitals,Processed Meat,Foie Gras,Wrap Bag,Rajasthan,Ajmer,West,India,2012-08-28,2012-08-30,-24.4452,8,22.17
Critical,0.1,9.48,7.29,Regular Air,Restaurant Chain,Preserved Food,Marmalade,Small Pack,Punjab,Ludhiana,West,India,2012-08-30,2012-09-01,-46.42399999999999,9,80.24
Critical,0.1,28.99,8.59,Regular Air,Stand Alone Restaurants,Canned Foods,Quail Eggs,Medium Box,Bihar,Jhanjharpur,North,India,2012-09-01,2012-09-03,7.638,6,145.75
High,0.03,7.4,1.71,Express Air,Hotels / Hospitals,Processed Meat,Smoked Salmon,Wrap Bag,Madhya Pradesh,Rewa,West,India,2012-09-02,2012-09-03,42.86,41,304.04
High,0.1,9.74,5.71,Regular Air,Hotels / Hospitals,Preserved Food,Marmalade,Small Box,Haryana,Sonipat,North,India,2012-09-02,2012-09-03,1.686,20,183.44
High,0.02,65.99,8.99,Regular Air,Personel Usage,Canned Foods,Quail Eggs,Small Box,Madhya Pradesh,Shahdol,West,India,2012-09-03,2012-09-04,-171.20399999999998,4,230.29
High,0.02,5.78,8.09,Express Air,Hotels / Hospitals,Processed Meat,Smoked Salmon,Small Box,Uttar Pradesh,Lalganj,North,India,2012-09-03,2012-09-03,-109.102,1,13.5
High,0.1,4.91,5.68,Regular Air,Restaurant Chain,Processed Meat,Bacon,Small Box,Bihar,Sitamarhi,North,India,2012-09-03,2012-09-04,340.90739999999994,2,12.39
Low,0.02,449.99,49.0,Delivery Truck,Stand Alone Restaurants,Canned Foods,Wild Berry,Jumbo Drum,West Bengal,Ghatal,East,India,2012-09-04,2012-09-06,7278.458099999999,23,10548.49
High,0.04,12.28,6.47,Regular Air,Personel Usage,Processed Meat,Smoked Salmon,Small Box,Rajasthan,Jaipur,West,India,2012-09-04,2012-09-04,-5.76,8,98.49
High,0.1,65.99,8.8,Regular Air,Personel Usage,Canned Foods,Quail Eggs,Small Box,Rajasthan,Jaipur,West,India,2012-09-04,2012-09-07,164.97,16,851.73
High,0.1,419.19,19.99,Regular Air,Stand Alone Restaurants,Processed Meat,Fresh Water Eel,Small Box,Madhya Pradesh,Dhar,West,India,2012-09-04,2012-09-06,300.90599999999995,10,3772.71
High,0.0001,5.43,0.95,Regular Air,Personel Usage,Processed Meat,Smoked Salmon,Wrap Bag,Madhya Pradesh,Ujjain,West,India,2012-09-06,2012-09-10,-93.70200000000001,5,29.48
High,0.07,2.47,1.02,Express Air,Personel Usage,Processed Meat,Tuna,Wrap Bag,Madhya Pradesh,Ujjain,West,India,2012-09-06,2012-09-06,288.3183,22,53.48
High,0.04,3.14,1.92,Regular Air,Hotels / Hospitals,Processed Meat,Pacific Squid,Wrap Bag,Uttar Pradesh,Gonda,North,India,2012-09-07,2012-09-08,505.87199999999996,10,33.52
High,0.08,7.98,6.5,Express Air,Hotels / Hospitals,Processed Meat,Fresh Water Eel,Medium Box,Uttar Pradesh,Gonda,North,India,2012-09-07,2012-09-08,-866.5300000000001,7,65.72
Low,0.05,2.08,5.33,Express Air,Hotels / Hospitals,Preserved Food,Marmalade,Small Box,West Bengal,Bangaon,East,India,2012-09-08,2012-09-10,-5.87,3,13.66
High,0.08,15.42,10.68,Express Air,Hotels / Hospitals,Processed Meat,Fresh Water Eel,Small Box,West Bengal,Bangaon,East,India,2012-09-08,2012-09-13,-231.34,21,314.17
High,0.07,22.84,5.47,Express Air,Hotels / Hospitals,Processed Meat,Smoked Salmon,Small Box,Kerala,Kottayam,South,India,2012-09-10,2012-09-13,83.24,7,165.11
High,0.01,6.54,5.27,Regular Air,Hotels / Hospitals,Processed Meat,Bacon,Small Box,Rajasthan,Ajmer,West,India,2012-09-11,2012-09-12,-28.945500000000003,8,54.95
High,0.08,1.98,4.77,Regular Air,Restaurant Chain,Processed Meat,Bacon,Small Box,Bihar,Gopalganj,North,India,2012-09-11,2012-09-15,-13.501,2,6.25
High,0.05,4.98,0.8,Regular Air,Stand Alone Restaurants,Processed Meat,Smoked Salmon,Wrap Bag,Tamil Nadu,Tenkasi,South,India,2012-09-12,2012-09-14,46.1127,13,66.83
Medium,0.08,65.99,5.26,Regular Air,Stand Alone Restaurants,Canned Foods,Quail Eggs,Small Box,Tamil Nadu,Tenkasi,South,India,2012-09-12,2012-09-14,-147.015,5,262.84
High,0.07,1.88,1.49,Regular Air,Hotels / Hospitals,Processed Meat,Bacon,Small Box,Maharashtra,Nashik,West,India,2012-09-12,2012-09-14,2.6352000000000046,3,6.31
High,0.08,15.73,7.42,Regular Air,Personel Usage,Processed Meat,Pacific Squid,Small Pack,Rajasthan,Dausa,West,India,2012-09-12,2012-09-14,202.782,11,175.64
High,0.06,5.81,8.49,Express Air,Restaurant Chain,Processed Meat,Bacon,Small Box,Bihar,Gaya,North,India,2012-09-13,2012-09-14,0.5639999999999996,11,71.45
Medium,0.0001,30.98,6.5,Regular Air,Hotels / Hospitals,Canned Foods,Assorted Fruits,Small Box,Madhya Pradesh,Rewa,West,India,2012-09-15,2012-09-16,75.5,74,2396.88
High,0.04,4.28,5.74,Regular Air,Hotels / Hospitals,Processed Meat,Smoked Salmon,Small Box,Madhya Pradesh,Rewa,West,India,2012-09-15,2012-09-15,-114.35,72,330.67
Medium,0.1,65.99,4.99,Regular Air,Hotels / Hospitals,Canned Foods,Quail Eggs,Small Box,Madhya Pradesh,Rewa,West,India,2012-09-15,2012-09-17,53.649,45,2302.72
Medium,0.03,699.99,24.49,Regular Air,Stand Alone Restaurants,Canned Foods,Wild Berry,Large Box,Maharashtra,Kalyan,West,India,2012-09-15,2012-09-17,-2397.44,1,678.99
Medium,0.09,159.31,60.0,Delivery Truck,Stand Alone Restaurants,Preserved Food,Jams,Jumbo Drum,Uttar Pradesh,Mathura,North,India,2012-09-15,2012-09-15,27.74,10,1252.22
Not Specified,0.08,14.34,5.0,Regular Air,Personel Usage,Preserved Food,Marmalade,Small Pack,Telangana,Nizamabad,South,India,2012-09-15,2012-09-16,73.73,14,190.9
Not Specified,0.1,195.99,8.99,Regular Air,Personel Usage,Canned Foods,Quail Eggs,Small Box,Telangana,Nizamabad,South,India,2012-09-15,2012-09-16,-491.26,5,764.66
High,0.1,29.14,4.86,Regular Air,Hotels / Hospitals,Processed Meat,Smoked Salmon,Wrap Bag,Jammu And Kashmir,Jammu,North,India,2012-09-19,2012-09-21,-59.43000000000001,18,502.75
High,0.08,48.04,5.79,Express Air,Stand Alone Restaurants,Processed Meat,Smoked Salmon,Small Box,Gujarat,Gandhinagar,West,India,2012-09-19,2012-09-21,569.2739999999999,12,537.56
High,0.06,7.45,6.28,Regular Air,Personel Usage,Processed Meat,Bacon,Small Box,Maharashtra,Nandurbar,West,India,2012-09-19,2012-09-21,-36.225,6,47.26
High,0.04,6.48,9.54,Regular Air,Stand Alone Restaurants,Processed Meat,Smoked Salmon,Small Box,Madhya Pradesh,Khandwa,West,India,2012-09-22,2012-09-23,-189.33,17,114.76
High,0.09,15.42,10.68,Express Air,Stand Alone Restaurants,Processed Meat,Fresh Water Eel,Small Box,Madhya Pradesh,Khandwa,West,India,2012-09-22,2012-09-22,-185.8,16,236.5
High,0.02,131.12,0.99,Regular Air,Restaurant Chain,Processed Meat,Jelly Fish,Small Box,West Bengal,Jangipur,East,India,2012-09-23,2012-09-23,211.73,4,529.41
High,0.09,6.48,7.86,Regular Air,Restaurant Chain,Processed Meat,Smoked Salmon,Small Box,West Bengal,Jangipur,East,India,2012-09-23,2012-09-25,-64.5,7,46.04
Low,0.06,31.78,1.99,Regular Air,Restaurant Chain,Canned Foods,Assorted Fruits,Small Pack,Madhya Pradesh,Satna,West,India,2012-09-24,2012-09-28,436.98389999999995,20,633.31
High,0.06,4.98,5.02,Regular Air,Restaurant Chain,Processed Meat,Smoked Salmon,Small Box,Madhya Pradesh,Satna,West,India,2012-09-24,2012-09-26,-11.36,1,6.45
High,0.06,16.99,8.99,Regular Air,Restaurant Chain,Processed Meat,Foie Gras,Small Pack,Madhya Pradesh,Satna,West,India,2012-09-24,2012-09-28,-91.31,17,286.73
Low,0.0001,209.37,69.0,Regular Air,Restaurant Chain,Preserved Food,Jams,Large Box,Madhya Pradesh,Satna,West,India,2012-09-24,2012-10-03,-626.45,9,2011.23
High,0.06,95.99,4.9,Regular Air,Hotels / Hospitals,Canned Foods,Quail Eggs,Small Box,Rajasthan,Bhilwara,West,India,2012-09-27,2012-09-29,-167.888,3,236.99
High,0.1,21.98,2.87,Regular Air,Stand Alone Restaurants,Processed Meat,Foie Gras,Small Pack,Madhya Pradesh,Bhind,West,India,2012-09-28,2012-10-02,183.48,20,412.9
High,0.05,90.48,19.99,Regular Air,Stand Alone Restaurants,Processed Meat,Caviar,Small Box,Tamil Nadu,Tenkasi,South,India,2012-09-28,2012-10-05,1340.07,24,2093.36
Low,0.03,1.76,4.86,Regular Air,Personel Usage,Preserved Food,Marmalade,Small Box,Bihar,Khagaria,North,India,2012-09-28,2012-10-02,2497.1879999999996,22,42.13
High,0.09,18.97,9.03,Express Air,Restaurant Chain,Processed Meat,Smoked Salmon,Small Box,Bihar,Bhagalpur,North,India,2012-10-01,2012-10-03,13.578,19,355.17
High,0.1,6.48,9.68,Regular Air,Stand Alone Restaurants,Processed Meat,Smoked Salmon,Small Box,Madhya Pradesh,Mandla,West,India,2012-10-01,2012-10-01,-110.34360000000001,8,51.5
Critical,0.06,85.99,1.25,Regular Air,Stand Alone Restaurants,Canned Foods,Quail Eggs,Small Pack,Madhya Pradesh,Mandla,West,India,2012-10-01,2012-10-03,460.04508,10,714.54
High,0.05,1.68,0.7,Regular Air,Hotels / Hospitals,Processed Meat,Foie Gras,Wrap Bag,Bihar,Supaul,North,India,2012-10-02,2012-10-06,-720.916,22,36.86
High,0.04,8.45,7.77,Regular Air,Restaurant Chain,Processed Meat,Pacific Squid,Small Pack,Madhya Pradesh,Sagar,West,India,2012-10-03,2012-10-05,-242.3628,25,206.69
Critical,0.04,115.99,4.23,Regular Air,Restaurant Chain,Canned Foods,Quail Eggs,Small Box,Madhya Pradesh,Sagar,West,India,2012-10-03,2012-10-05,223.04664,8,810.18
Critical,0.06,130.98,30.0,Delivery Truck,Hotels / Hospitals,Preserved Food,Sundried Tomatoes,Jumbo Drum,Bihar,Nawada,North,India,2012-10-03,2012-10-03,13.1868,5,672.34
High,0.08,10.23,4.68,Regular Air,Stand Alone Restaurants,Processed Meat,Pacific Squid,Small Pack,Madhya Pradesh,Mandsaur,West,India,2012-10-04,2012-10-06,66.9528,23,229.63
Medium,0.04,195.99,4.2,Express Air,Hotels / Hospitals,Canned Foods,Quail Eggs,Small Box,Tamil Nadu,Tirunelveli,South,India,2012-10-06,2012-10-07,-513.71496,3,490.04
High,0.01,6.48,5.14,Regular Air,Stand Alone Restaurants,Processed Meat,Smoked Salmon,Small Box,Maharashtra,Jalna,West,India,2012-10-09,2012-10-10,-119.448,20,136.01
High,0.02,10.23,4.68,Regular Air,Stand Alone Restaurants,Processed Meat,Pacific Squid,Small Pack,Maharashtra,Jalna,West,India,2012-10-09,2012-10-11,67.044,8,85.75
Medium,0.1,4.77,2.39,Regular Air,Stand Alone Restaurants,Canned Foods,Assorted Fruits,Small Pack,West Bengal,Jangipur,East,India,2012-10-10,2012-10-12,-23.900399999999998,2,10.13
High,0.01,2.21,1.12,Regular Air,Stand Alone Restaurants,Processed Meat,Foie Gras,Wrap Bag,West Bengal,Jangipur,East,India,2012-10-10,2012-10-12,-5.0112,11,26.31
Low,0.09,209.84,21.21,Regular Air,Stand Alone Restaurants,Preserved Food,Marmalade,Large Box,West Bengal,Diamond Harbour,East,India,2012-10-11,2012-10-15,2820.8764,24,4776.61
Not Specified,0.05,8.32,2.38,Express Air,Restaurant Chain,Canned Foods,Assorted Fruits,Small Pack,Karnataka,Belgaum,South,India,2012-10-12,2012-10-13,-132.42600000000002,16,135.1
High,0.01,14.27,7.27,Regular Air,Hotels / Hospitals,Processed Meat,Bacon,Small Box,Madhya Pradesh,Rewa,West,India,2012-10-13,2012-10-15,29.144799999999996,49,761.87
High,0.1,10.14,2.27,Regular Air,Stand Alone Restaurants,Processed Meat,Smoked Salmon,Wrap Bag,Kerala,Kannur,South,India,2012-10-13,2012-10-15,30.737999999999996,13,120.96
High,0.03,12.97,1.49,Express Air,Restaurant Chain,Processed Meat,Bacon,Small Box,Maharashtra,Latur,West,India,2012-10-15,2012-10-17,-34.832,6,87.69
High,0.05,279.81,23.19,Delivery Truck,Restaurant Chain,Processed Meat,Jelly Fish,Jumbo Drum,Kerala,Alleppey,South,India,2012-10-16,2012-10-18,16332.413999999999,15,4158.38
High,0.02,65.99,8.99,Regular Air,Restaurant Chain,Canned Foods,Quail Eggs,Small Box,Kerala,Alleppey,South,India,2012-10-16,2012-10-17,974.2193999999998,18,1042.65
Low,0.04,152.48,6.5,Regular Air,Stand Alone Restaurants,Canned Foods,Assorted Fruits,Small Box,Chhattisgarh,Kanker,North,India,2012-10-16,2012-10-16,-109.38199999999999,8,1241.31
High,0.01,4.98,7.28,Regular Air,Stand Alone Restaurants,Processed Meat,Smoked Salmon,Small Box,Chhattisgarh,Kanker,North,India,2012-10-16,2012-10-21,-238.24779999999998,14,75.99
High,0.09,315.98,19.99,Express Air,Hotels / Hospitals,Processed Meat,Bacon,Small Box,Kerala,Trivandrum,South,India,2012-10-17,2012-10-19,525.342,9,2672.61
High,0.07,101.41,35.0,Regular Air,Stand Alone Restaurants,Processed Meat,Fresh Water Eel,Large Box,Punjab,Bathinda,West,India,2012-10-18,2012-10-20,-286.8696,3,323.07
Medium,0.06,20.24,6.67,Regular Air,Stand Alone Restaurants,Preserved Food,Marmalade,Small Pack,Uttar Pradesh,Firozabad,North,India,2012-10-18,2012-10-19,646.2774,8,161.63
Not Specified,0.07,599.99,24.49,Regular Air,Personel Usage,Canned Foods,Wild Berry,Large Box,Assam,Barpeta,East,India,2012-10-19,2012-10-20,5973.253639999999,21,11834.98
Not Specified,0.02,135.99,28.63,Delivery Truck,Personel Usage,Preserved Food,Sundried Tomatoes,Jumbo Drum,Assam,Dhubri,East,India,2012-10-19,2012-10-21,105.30319999999999,22,3092.54
Not Specified,0.02,179.29,29.21,Delivery Truck,Personel Usage,Preserved Food,Jams,Jumbo Box,Assam,Dhubri,East,India,2012-10-19,2012-10-21,-325.8684,1,190.31
Not Specified,0.07,200.98,23.76,Delivery Truck,Stand Alone Restaurants,Preserved Food,Sundried Tomatoes,Jumbo Drum,Telangana,Warangal,South,India,2012-10-19,2012-10-21,-733.6419999999999,16,3241.71
High,0.01,12.28,6.47,Regular Air,Stand Alone Restaurants,Processed Meat,Smoked Salmon,Small Box,Telangana,Warangal,South,India,2012-10-19,2012-10-19,54.654,5,68.89
High,0.07,3.98,2.97,Regular Air,Hotels / Hospitals,Processed Meat,Smoked Salmon,Wrap Bag,Uttar Pradesh,Varanasi,North,India,2012-10-20,2012-10-23,-11.491200000000001,5,20.6
Low,0.05,212.6,52.2,Delivery Truck,Personel Usage,Preserved Food,Jams,Jumbo Box,Assam,Abhayapuri,East,India,2012-10-20,2012-10-24,-102.64320000000001,1,181.96
Not Specified,0.05,320.64,29.2,Delivery Truck,Hotels / Hospitals,Preserved Food,Jams,Jumbo Box,Madhya Pradesh,Rewa,West,India,2012-10-21,2012-10-22,1408.088,49,12702.85
High,0.08,21.38,8.99,Regular Air,Hotels / Hospitals,Processed Meat,Foie Gras,Small Pack,Madhya Pradesh,Rewa,West,India,2012-10-21,2012-10-21,-68.592,61,1289.52
High,0.04,22.98,1.99,Regular Air,Stand Alone Restaurants,Canned Foods,Assorted Fruits,Small Pack,West Bengal,Tamluk,East,India,2012-10-21,2012-10-23,49.1648,7,160.61
Low,0.1,32.98,5.5,Regular Air,Restaurant Chain,Canned Foods,Assorted Fruits,Small Box,Uttar Pradesh,Faizabad,North,India,2012-10-21,2012-10-23,-628.0400000000001,20,614.13
High,0.07,65.99,3.99,Regular Air,Stand Alone Restaurants,Canned Foods,Quail Eggs,Small Box,Gujarat,Rajkot,West,India,2012-10-25,2012-10-26,248.95476,13,732.4
High,0.1,2.88,0.99,Regular Air,Stand Alone Restaurants,Processed Meat,Oysters (Clam),Small Box,Madhya Pradesh,Chhindwara,West,India,2012-10-26,2012-10-27,-11.06,14,37.87
High,0.05,3.75,7.5,Regular Air,Hotels / Hospitals,Processed Meat,Oysters (Clam),Small Box,Karnataka,Koppal,South,India,2012-10-26,2012-10-29,-75.95,9,35.62
Critical,0.0001,8.09,7.96,Express Air,Hotels / Hospitals,Preserved Food,Marmalade,Small Box,Kerala,Trichur,South,India,2012-10-26,2012-10-26,-171.2664,23,204.57
Critical,0.06,14.2,5.3,Regular Air,Hotels / Hospitals,Preserved Food,Marmalade,Wrap Bag,Kerala,Trichur,South,India,2012-10-26,2012-10-28,33.4144,11,161.11
High,0.08,31.74,12.62,Regular Air,Stand Alone Restaurants,Processed Meat,Bacon,Small Box,Tamil Nadu,Cuddalore,South,India,2012-10-28,2012-11-01,201.51358,24,742.04
High,0.04,9.49,5.76,Regular Air,Restaurant Chain,Canned Foods,Sliced Pineapple,Medium Box,Maharashtra,Nandurbar,West,India,2012-10-28,2012-10-29,-29.888675999999997,1,12.54
Not Specified,0.03,40.97,1.99,Regular Air,Hotels / Hospitals,Canned Foods,Assorted Fruits,Small Pack,Bihar,Muzaffarpur,North,India,2012-10-28,2012-10-29,-153.18380000000002,5,214.6
Low,0.06,35.99,1.25,Regular Air,Stand Alone Restaurants,Canned Foods,Quail Eggs,Small Pack,Uttar Pradesh,Machhlishahr,North,India,2012-10-29,2012-11-03,250.914,11,319.48
High,0.09,4.98,4.86,Regular Air,Stand Alone Restaurants,Processed Meat,Smoked Salmon,Small Box,Maharashtra,Chandrapur,West,India,2012-10-30,2012-10-30,-22.345200000000002,4,21.65
High,0.03,5.78,5.37,Regular Air,Stand Alone Restaurants,Processed Meat,Smoked Salmon,Small Box,Maharashtra,Chandrapur,West,India,2012-10-30,2012-11-01,-15.7248,3,20.85
High,0.08,2.62,0.8,Regular Air,Hotels / Hospitals,Processed Meat,Tuna,Wrap Bag,Punjab,Hoshiarpur,West,India,2012-10-30,2012-11-03,-158.312,13,33.3
High,0.05,33.89,5.1,Regular Air,Hotels / Hospitals,Processed Meat,Fresh Water Eel,Small Box,Punjab,Hoshiarpur,West,India,2012-10-30,2012-10-30,1055.8319999999999,4,138.78
Medium,0.09,65.99,5.63,Regular Air,Personel Usage,Canned Foods,Quail Eggs,Small Box,Tamil Nadu,Thanjavur,South,India,2012-10-30,2012-11-01,274.34952,16,851.68
High,0.0001,6.48,5.84,Regular Air,Restaurant Chain,Processed Meat,Smoked Salmon,Small Box,Bihar,Jhanjharpur,North,India,2012-10-31,2012-11-02,-79.60050000000001,59,393.81
High,0.0001,120.98,30.0,Delivery Truck,Personel Usage,Preserved Food,Sundried Tomatoes,Jumbo Drum,Rajasthan,Bhilwara,West,India,2012-11-01,2012-11-02,139.46459999999996,31,4076.24
High,0.1,209.84,21.21,Regular Air,Personel Usage,Preserved Food,Marmalade,Large Box,Rajasthan,Bhilwara,West,India,2012-11-01,2012-11-02,866.0106,12,2329.77
Not Specified,0.07,14.48,1.99,Regular Air,Hotels / Hospitals,Canned Foods,Assorted Fruits,Small Pack,Orissa,Sundargarh,East,India,2012-11-02,2012-11-04,98.03200000000001,18,251.37
Critical,0.02,296.18,54.12,Delivery Truck,Stand Alone Restaurants,Preserved Food,Jams,Jumbo Box,Bihar,Buxar,North,India,2012-11-02,2012-11-03,1537.074,26,6497.47
Critical,0.08,58.14,36.61,Delivery Truck,Stand Alone Restaurants,Preserved Food,Pickle,Jumbo Box,Madhya Pradesh,Indore,West,India,2012-11-02,2012-11-04,70.30200000000008,16,955.12
Not Specified,0.01,39.98,9.2,Regular Air,Restaurant Chain,Preserved Food,Marmalade,Wrap Bag,Rajasthan,Jaipur,West,India,2012-11-03,2012-11-05,8.676,9,381.56
Critical,0.07,40.99,8.97,Regular Air,Hotels / Hospitals,Canned Foods,Sliced Pineapple,Small Box,Rajasthan,Ajmer,West,India,2012-11-03,2012-11-04,10.23642000000001,11,431.11
Critical,0.05,150.98,16.01,Delivery Truck,Stand Alone Restaurants,Preserved Food,Jams,Jumbo Box,Uttar Pradesh,Unnao,North,India,2012-11-03,2012-11-04,770.0,19,2875.28
Not Specified,0.09,45.99,4.99,Regular Air,Personel Usage,Canned Foods,Quail Eggs,Small Box,Tamil Nadu,Sivaganga,South,India,2012-11-05,2012-11-06,24.186800000000034,8,299.74
Not Specified,0.09,4.18,6.92,Regular Air,Hotels / Hospitals,Preserved Food,Marmalade,Small Box,West Bengal,Bankura,East,India,2012-11-05,2012-11-07,-483.504,9,43.2
Critical,0.08,7.7,3.68,Regular Air,Hotels / Hospitals,Preserved Food,Marmalade,Wrap Bag,Tamil Nadu,Sivaganga,South,India,2012-11-06,2012-11-07,3.328000000000003,17,129.57
High,0.01,162.93,19.99,Regular Air,Personel Usage,Processed Meat,Caviar,Small Box,Uttar Pradesh,Ghaziabad,North,India,2012-11-07,2012-11-08,3081.02,139,23161.2
High,0.01,162.93,19.99,Regular Air,Personel Usage,Processed Meat,Caviar,Small Box,Uttar Pradesh,Chandauli,North,India,2012-11-07,2012-11-08,4024.0523999999996,35,5831.96
High,0.09,20.89,1.99,Regular Air,Hotels / Hospitals,Canned Foods,Assorted Fruits,Small Pack,Orissa,Sundargarh,East,India,2012-11-07,2012-11-10,326.216,27,520.08
Critical,0.03,4.82,5.72,Regular Air,Personel Usage,Preserved Food,Marmalade,Small Pack,Madhya Pradesh,Damoh,West,India,2012-11-10,2012-11-11,28.84800000000004,37,179.64
Critical,0.01,128.24,12.65,Express Air,Stand Alone Restaurants,Preserved Food,Sundried Tomatoes,Medium Box,Punjab,Bathinda,West,India,2012-11-12,2012-11-13,3498.2033999999994,39,5069.86
High,0.06,6.3,0.5,Regular Air,Stand Alone Restaurants,Processed Meat,Oysters (Clam),Small Box,Punjab,Bathinda,West,India,2012-11-12,2012-11-14,103.9485,24,150.65
High,0.01,1.76,0.7,Regular Air,Restaurant Chain,Processed Meat,Foie Gras,Wrap Bag,Madhya Pradesh,Rewa,West,India,2012-11-13,2012-11-14,-1.23,95,167.91
Not Specified,0.07,45.99,4.99,Regular Air,Restaurant Chain,Canned Foods,Quail Eggs,Small Box,Madhya Pradesh,Rewa,West,India,2012-11-13,2012-11-15,-107.503,37,1359.41
Low,0.06,6.24,5.22,Regular Air,Restaurant Chain,Preserved Food,Marmalade,Small Box,Uttar Pradesh,Farrukhabad,North,India,2012-11-14,2012-11-14,6.994000000000007,14,86.42
Low,0.06,400.97,14.7,Delivery Truck,Stand Alone Restaurants,Canned Foods,Sliced Pineapple,Jumbo Drum,Uttar Pradesh,Hardoi,North,India,2012-11-15,2012-11-15,-21.098,25,9517.03
Low,0.07,217.85,29.1,Delivery Truck,Stand Alone Restaurants,Preserved Food,Jams,Jumbo Box,Uttar Pradesh,Hardoi,North,India,2012-11-15,2012-11-19,1.4586000000000001,26,4318.55
Medium,0.05,205.99,2.5,Regular Air,Stand Alone Restaurants,Canned Foods,Quail Eggs,Small Box,Andhra Pradesh,Rajahmundry,South,India,2012-11-16,2012-11-16,914.076,7,1210.93
Low,0.08,599.99,24.49,Regular Air,Hotels / Hospitals,Canned Foods,Wild Berry,Large Box,Madhya Pradesh,Morena,West,India,2012-11-16,2012-11-23,119.44200000000012,14,8346.1
Low,0.08,40.97,14.45,Regular Air,Hotels / Hospitals,Preserved Food,Marmalade,Large Box,Madhya Pradesh,Morena,West,India,2012-11-16,2012-11-18,239.03000000000003,39,1496.96
High,0.01,6.48,6.0,Regular Air,Hotels / Hospitals,Processed Meat,Smoked Salmon,Small Box,Madhya Pradesh,Morena,West,India,2012-11-16,2012-11-20,9.920000000000009,20,136.09
High,0.07,4.98,4.72,Regular Air,Personel Usage,Processed Meat,Smoked Salmon,Small Box,Andhra Pradesh,Hindupur,South,India,2012-11-16,2012-11-18,16.852000000000018,36,170.78
Not Specified,0.01,195.99,4.2,Regular Air,Personel Usage,Canned Foods,Quail Eggs,Small Box,Andhra Pradesh,Hindupur,South,India,2012-11-16,2012-11-18,160.1776000000001,3,504.67
Critical,0.09,115.99,5.92,Regular Air,Hotels / Hospitals,Canned Foods,Quail Eggs,Small Box,Rajasthan,Bharatpur,West,India,2012-11-17,2012-11-18,-29.96,22,2013.28
High,0.02,30.98,17.08,Express Air,Personel Usage,Processed Meat,Smoked Salmon,Small Box,Bihar,Jhanjharpur,North,India,2012-11-18,2012-11-20,-9.336599999999999,65,2103.64
Not Specified,0.06,12.64,4.98,Express Air,Restaurant Chain,Preserved Food,Marmalade,Small Pack,Bihar,Purnia,North,India,2012-11-18,2012-11-19,-6.8586,41,529.78
Not Specified,0.06,22.24,1.99,Express Air,Hotels / Hospitals,Canned Foods,Assorted Fruits,Small Pack,Karnataka,Tumkur,South,India,2012-11-18,2012-11-20,239.42309999999998,15,346.99
Medium,0.0001,53.98,5.5,Regular Air,Stand Alone Restaurants,Canned Foods,Assorted Fruits,Small Box,Gujarat,Surendranagar,West,India,2012-11-18,2012-11-21,598.1800000000001,25,1394.72
High,0.03,70.97,3.5,Regular Air,Hotels / Hospitals,Processed Meat,Jelly Fish,Small Box,Madhya Pradesh,Rewa,West,India,2012-11-19,2012-11-21,408.73,71,5083.23
Low,0.02,8.32,2.38,Regular Air,Hotels / Hospitals,Canned Foods,Assorted Fruits,Small Pack,Madhya Pradesh,Rewa,West,India,2012-11-19,2012-11-23,-31.2,3,31.86
Low,0.1,49.99,19.99,Regular Air,Hotels / Hospitals,Canned Foods,Assorted Fruits,Small Box,Madhya Pradesh,Rewa,West,India,2012-11-19,2012-11-21,-37.19,170,7945.9
Low,0.03,880.98,44.55,Delivery Truck,Hotels / Hospitals,Preserved Food,Pickle,Jumbo Box,Madhya Pradesh,Rewa,West,India,2012-11-19,2012-11-24,7497.55,116,100119.16
High,0.06,6.48,8.19,Regular Air,Restaurant Chain,Processed Meat,Smoked Salmon,Small Box,Bihar,Banka,North,India,2012-11-19,2012-11-21,-2609.712,12,80.85
High,0.03,20.99,4.81,Regular Air,Restaurant Chain,Canned Foods,Quail Eggs,Medium Box,Bihar,Banka,North,India,2012-11-19,2012-11-20,-0.43400000000000316,26,480.51
High,0.09,6.48,9.68,Regular Air,Personel Usage,Processed Meat,Smoked Salmon,Small Box,Bihar,Gaya,North,India,2012-11-19,2012-11-21,15.864,14,94.66
High,0.03,70.97,3.5,Regular Air,Hotels / Hospitals,Processed Meat,Jelly Fish,Small Box,Chhattisgarh,Bilaspur,North,India,2012-11-19,2012-11-21,396.03599999999994,18,1288.71
Low,0.02,8.32,2.38,Regular Air,Hotels / Hospitals,Canned Foods,Assorted Fruits,Small Pack,Chhattisgarh,Bilaspur,North,India,2012-11-19,2012-11-23,893.9754,1,10.62
Low,0.1,49.99,19.99,Regular Air,Hotels / Hospitals,Canned Foods,Assorted Fruits,Small Box,Chhattisgarh,Bilaspur,North,India,2012-11-19,2012-11-21,25.733999999999998,43,2009.85
High,0.1,15.74,1.39,Express Air,Stand Alone Restaurants,Processed Meat,Caviar,Small Box,Maharashtra,Raver,West,India,2012-11-20,2012-11-21,193.72799999999998,16,257.41
Medium,0.08,46.94,6.77,Regular Air,Stand Alone Restaurants,Preserved Food,Marmalade,Small Box,Maharashtra,Raver,West,India,2012-11-20,2012-11-21,99.819,35,1623.05
High,0.07,3.81,4.83,Regular Air,Restaurant Chain,Processed Meat,Bacon,Small Box,Uttar Pradesh,Lucknow,North,India,2012-11-21,2012-11-23,21.166900000000027,28,106.29
High,0.03,2.08,5.33,Express Air,Personel Usage,Preserved Food,Marmalade,Small Box,Maharashtra,Pune,West,India,2012-11-21,2012-11-23,1529.6418,34,86.83
High,0.1,30.56,2.99,Regular Air,Stand Alone Restaurants,Processed Meat,Bacon,Small Box,Uttar Pradesh,Bijnor,North,India,2012-11-21,2012-11-22,62.34580000000001,5,147.15
Not Specified,0.0001,73.98,12.14,Regular Air,Stand Alone Restaurants,Canned Foods,Assorted Fruits,Small Box,Uttar Pradesh,Bijnor,North,India,2012-11-21,2012-11-22,34.73200000000003,13,972.26
High,0.05,7.3,7.72,Regular Air,Restaurant Chain,Processed Meat,Bacon,Small Box,Bihar,Samastipur,North,India,2012-11-22,2012-11-23,253.338,32,230.64
High,0.0001,6.81,5.48,Regular Air,Restaurant Chain,Processed Meat,Bacon,Small Box,Karnataka,Mysore,South,India,2012-11-22,2012-11-24,-312.9,13,93.28
High,0.06,22.98,4.5,Regular Air,Hotels / Hospitals,Processed Meat,Jelly Fish,Small Box,Maharashtra,Ramtek,West,India,2012-11-24,2012-11-25,576.114,42,983.69
High,0.1,1.76,0.7,Regular Air,Personel Usage,Processed Meat,Foie Gras,Wrap Bag,Gujarat,Surat,West,India,2012-11-25,2012-11-29,10.29,20,33.53
Not Specified,0.0001,6783.02,24.49,Regular Air,Stand Alone Restaurants,Canned Foods,Sliced Pineapple,Large Box,Haryana,Karnal,North,India,2012-11-27,2012-11-28,2396.8795800000025,3,21366.51
High,0.02,9.27,4.39,Express Air,Stand Alone Restaurants,Processed Meat,Smoked Salmon,Wrap Bag,Jharkhand,Dumka,North,India,2012-11-27,2012-11-29,71.434,29,272.98
High,0.03,6.68,6.15,Regular Air,Stand Alone Restaurants,Processed Meat,Smoked Salmon,Small Box,Jharkhand,Dumka,North,India,2012-11-27,2012-11-29,5.650000000000006,10,73.81
High,0.1,5.78,5.67,Regular Air,Stand Alone Restaurants,Processed Meat,Smoked Salmon,Small Box,Karnataka,Kolar,South,India,2012-11-27,2012-11-30,7.670000000000009,11,62.59
Critical,0.03,9.65,6.22,Express Air,Hotels / Hospitals,Preserved Food,Marmalade,Small Box,Gujarat,Rajkot,West,India,2012-11-28,2012-11-29,2.596000000000002,3,39.32
High,0.08,5.58,0.7,Regular Air,Hotels / Hospitals,Processed Meat,Foie Gras,Wrap Bag,Gujarat,Rajkot,West,India,2012-11-28,2012-11-30,107.91,41,217.39
Medium,0.08,18.7,8.99,Regular Air,Hotels / Hospitals,Preserved Food,Marmalade,Small Pack,Tamil Nadu,Tirunelveli,South,India,2012-11-29,2012-12-01,115.126,11,208.2
High,0.05,1.68,1.57,Regular Air,Hotels / Hospitals,Processed Meat,Foie Gras,Wrap Bag,Tamil Nadu,Tirunelveli,South,India,2012-11-29,2012-12-01,5.104000000000003,21,35.17
Low,0.03,65.99,8.99,Express Air,Personel Usage,Canned Foods,Quail Eggs,Small Box,Bihar,Jhanjharpur,North,India,2012-12-03,2012-12-07,-181.00235999999998,22,1234.44
Low,0.03,65.99,5.92,Regular Air,Hotels / Hospitals,Canned Foods,Quail Eggs,Small Box,Uttar Pradesh,Bijnor,North,India,2012-12-03,2012-12-10,671.8598999999999,17,973.71
High,0.03,2.08,1.49,Regular Air,Restaurant Chain,Processed Meat,Bacon,Small Box,Bihar,Bhagalpur,North,India,2012-12-03,2012-12-05,68.41199999999999,4,8.92
High,0.0001,2.18,7.09,Regular Air,Restaurant Chain,Processed Meat,Smoked Salmon,Wrap Bag,Bihar,Bhagalpur,North,India,2012-12-03,2012-12-12,-114.646,9,23.56
Not Specified,0.09,205.99,2.5,Regular Air,Restaurant Chain,Canned Foods,Quail Eggs,Small Box,Karnataka,Bijapur,South,India,2012-12-04,2012-12-06,45.17999999999999,19,3118.15
High,0.02,4.2,2.26,Express Air,Restaurant Chain,Processed Meat,Smoked Salmon,Wrap Bag,Gujarat,Dahod,West,India,2012-12-05,2012-12-12,-18.172,13,59.22
High,0.09,95.99,35.0,Regular Air,Personel Usage,Processed Meat,Fresh Water Eel,Large Box,Madhya Pradesh,Rewa,West,India,2012-12-06,2012-12-08,-505.69,36,3466.2
Low,0.02,125.99,8.99,Regular Air,Personel Usage,Canned Foods,Quail Eggs,Small Box,Madhya Pradesh,Rewa,West,India,2012-12-06,2012-12-06,900.414,62,6897.29
High,0.06,13.4,4.95,Regular Air,Hotels / Hospitals,Preserved Food,Marmalade,Small Pack,Uttar Pradesh,Misrikh,North,India,2012-12-06,2012-12-08,91.3146,10,132.34
High,0.06,24.92,12.98,Regular Air,Restaurant Chain,Processed Meat,Bacon,Small Box,Madhya Pradesh,Rewa,West,India,2012-12-07,2012-12-09,-41.561,2,72.8
High,0.04,4.98,0.8,Regular Air,Restaurant Chain,Processed Meat,Smoked Salmon,Wrap Bag,Madhya Pradesh,Rewa,West,India,2012-12-07,2012-12-09,73.05,72,352.7
High,0.03,7.68,6.16,Regular Air,Stand Alone Restaurants,Processed Meat,Bacon,Small Box,Chhattisgarh,Durg,North,India,2012-12-07,2012-12-11,-41.47475,23,174.49
High,0.05,60.97,4.5,Express Air,Restaurant Chain,Processed Meat,Jelly Fish,Small Box,Jammu And Kashmir,Srinagar,North,India,2012-12-08,2012-12-10,8.225999999999999,14,858.94
High,0.09,65.99,2.5,Regular Air,Restaurant Chain,Canned Foods,Quail Eggs,Small Box,Jammu And Kashmir,Srinagar,North,India,2012-12-08,2012-12-09,135.978,19,989.22
Medium,0.1,8.12,2.83,Regular Air,Personel Usage,Canned Foods,Assorted Fruits,Small Pack,Haryana,Rohtak,North,India,2012-12-09,2012-12-09,-49.51,18,134.28
High,0.01,4.48,49.0,Regular Air,Restaurant Chain,Processed Meat,Jelly Fish,Large Box,Madhya Pradesh,Rewa,West,India,2012-12-10,2012-12-11,-893.39,40,280.74
Not Specified,0.02,130.98,30.0,Delivery Truck,Restaurant Chain,Preserved Food,Sundried Tomatoes,Jumbo Drum,Madhya Pradesh,Rewa,West,India,2012-12-10,2012-12-12,-287.62,90,11843.48
Not Specified,0.09,15.98,6.5,Regular Air,Restaurant Chain,Canned Foods,Assorted Fruits,Small Box,Madhya Pradesh,Rewa,West,India,2012-12-10,2012-12-12,-52.44,8,136.32
Low,0.02,31.76,45.51,Delivery Truck,Restaurant Chain,Preserved Food,Jams,Jumbo Box,Uttar Pradesh,Aonla,North,India,2012-12-10,2012-12-15,-730.385,23,619.94
High,0.06,350.98,30.0,Delivery Truck,Restaurant Chain,Preserved Food,Sundried Tomatoes,Jumbo Drum,Uttar Pradesh,Baghpat,North,India,2012-12-10,2012-12-11,2863.545,12,4291.43
High,0.01,6.68,5.2,Regular Air,Hotels / Hospitals,Processed Meat,Smoked Salmon,Small Box,Jharkhand,Chatra,North,India,2012-12-10,2012-12-10,-181.39674,3,24.03
High,0.03,10.89,4.5,Regular Air,Hotels / Hospitals,Processed Meat,Jelly Fish,Small Box,West Bengal,Asansol,East,India,2012-12-11,2012-12-11,-13.165,13,139.66
High,0.06,50.98,22.24,Regular Air,Hotels / Hospitals,Preserved Food,Marmalade,Large Box,West Bengal,Asansol,East,India,2012-12-11,2012-12-12,113.03999999999999,13,640.33
High,0.06,16.91,6.25,Express Air,Restaurant Chain,Processed Meat,Fresh Water Eel,Small Box,Orissa,Bhadrak,East,India,2012-12-12,2012-12-13,-950.6621124000003,11,182.35
Medium,0.0001,4.89,4.93,Regular Air,Restaurant Chain,Canned Foods,Assorted Fruits,Small Pack,Punjab,Ludhiana,West,India,2012-12-12,2012-12-14,250.19279999999998,8,43.15
High,0.01,6.48,8.74,Express Air,Hotels / Hospitals,Processed Meat,Smoked Salmon,Small Box,Madhya Pradesh,Khajuraho,West,India,2012-12-13,2012-12-15,-62.8,15,107.83
High,0.0001,5.28,8.16,Express Air,Personel Usage,Processed Meat,Smoked Salmon,Small Box,Assam,Abhayapuri,East,India,2012-12-15,2012-12-16,-89.98,20,118.57
Medium,0.08,95.95,74.35,Delivery Truck,Stand Alone Restaurants,Preserved Food,Sundried Tomatoes,Jumbo Drum,Gujarat,Gandhinagar,West,India,2012-12-15,2012-12-16,246.66,11,1068.22
High,0.04,7.38,11.51,Regular Air,Hotels / Hospitals,Processed Meat,Bacon,Small Box,Haryana,Faridabad,North,India,2012-12-16,2012-12-16,49.690799999999996,21,156.03
High,0.0001,120.33,19.99,Regular Air,Hotels / Hospitals,Processed Meat,Fresh Water Eel,Small Box,Uttar Pradesh,Firozabad,North,India,2012-12-17,2012-12-18,-9.5473,17,2076.06
Not Specified,0.08,39.98,9.2,Regular Air,Stand Alone Restaurants,Preserved Food,Marmalade,Wrap Bag,West Bengal,Jalpaiguri,East,India,2012-12-17,2012-12-19,303.705,17,661.29
High,0.02,5.84,1.2,Regular Air,Stand Alone Restaurants,Processed Meat,Foie Gras,Wrap Bag,West Bengal,Jalpaiguri,East,India,2012-12-17,2012-12-19,51.36,14,84.73
High,0.0001,7.38,11.51,Express Air,Restaurant Chain,Processed Meat,Bacon,Small Box,Uttar Pradesh,Amroha,North,India,2012-12-17,2012-12-18,-167.8425,22,173.1
Critical,0.08,20.24,8.99,Express Air,Restaurant Chain,Preserved Food,Marmalade,Small Pack,Uttar Pradesh,Amroha,North,India,2012-12-17,2012-12-19,-3.74,2,42.98
High,0.07,12.44,6.27,Regular Air,Restaurant Chain,Processed Meat,Fresh Water Eel,Medium Box,Uttar Pradesh,Amroha,North,India,2012-12-17,2012-12-19,-35.215,20,243.86
High,0.04,4.91,0.5,Regular Air,Personel Usage,Processed Meat,Oysters (Clam),Small Box,Maharashtra,Dhule,West,India,2012-12-17,2012-12-18,-25.242,18,89.08
High,0.04,9.27,4.39,Regular Air,Restaurant Chain,Processed Meat,Smoked Salmon,Wrap Bag,Bihar,Aurangabad,North,India,2012-12-18,2012-12-18,14.445,7,69.48
Medium,0.01,155.99,8.99,Regular Air,Restaurant Chain,Canned Foods,Quail Eggs,Small Box,Bihar,Aurangabad,North,India,2012-12-18,2012-12-19,1959.1032,21,2839.28
High,0.01,7.38,11.51,Regular Air,Hotels / Hospitals,Processed Meat,Bacon,Small Box,West Bengal,Baharampur,East,India,2012-12-18,2012-12-19,19.482,20,157.73
High,0.1,3.71,1.93,Express Air,Hotels / Hospitals,Processed Meat,Smoked Salmon,Wrap Bag,West Bengal,Baharampur,East,India,2012-12-18,2012-12-20,690.1979999999999,8,30.01
High,0.01,150.98,16.01,Delivery Truck,Hotels / Hospitals,Preserved Food,Jams,Jumbo Box,West Bengal,Baharampur,East,India,2012-12-18,2012-12-20,-475.92999999999995,25,3782.29
High,0.1,9.11,2.15,Regular Air,Hotels / Hospitals,Processed Meat,Smoked Salmon,Wrap Bag,Maharashtra,Jalna,West,India,2012-12-18,2012-12-19,-230.88799999999998,1,10.59
Medium,0.1,70.89,89.3,Delivery Truck,Stand Alone Restaurants,Preserved Food,Jams,Jumbo Box,Uttar Pradesh,Ghaziabad,North,India,2012-12-19,2012-12-19,54.23085,74,5277.58
High,0.06,21.38,8.99,Regular Air,Hotels / Hospitals,Processed Meat,Foie Gras,Small Pack,Kerala,Kozhikode,South,India,2012-12-19,2012-12-20,-23.415,5,105.99
Critical,0.05,15.23,27.75,Delivery Truck,Hotels / Hospitals,Preserved Food,Jams,Jumbo Box,Madhya Pradesh,Rewa,West,India,2012-12-20,2012-12-22,11.650950000000002,70,1078.42
High,0.01,15.04,1.97,Express Air,Personel Usage,Processed Meat,Smoked Salmon,Wrap Bag,Uttar Pradesh,Ghaziabad,North,India,2012-12-20,2012-12-20,327.45,94,1451.6
High,0.07,7.31,0.5,Regular Air,Stand Alone Restaurants,Processed Meat,Oysters (Clam),Small Box,Jammu And Kashmir,Srinagar,North,India,2012-12-20,2012-12-22,19.482,5,35.01
High,0.0001,2.78,1.34,Regular Air,Restaurant Chain,Processed Meat,Foie Gras,Wrap Bag,Uttar Pradesh,Bijnor,North,India,2012-12-21,2012-12-23,17.115000000000002,19,57.72
Medium,0.01,100.98,45.0,Delivery Truck,Personel Usage,Preserved Food,Sundried Tomatoes,Jumbo Drum,Madhya Pradesh,Rewa,West,India,2012-12-25,2012-12-27,-593.8,90,9537.18
High,0.08,3.75,0.5,Regular Air,Personel Usage,Processed Meat,Oysters (Clam),Small Box,Madhya Pradesh,Rewa,West,India,2012-12-25,2012-12-27,47.98,66,235.54
Medium,0.01,100.98,45.0,Delivery Truck,Personel Usage,Preserved Food,Sundried Tomatoes,Jumbo Drum,Uttar Pradesh,Etawah,North,India,2012-12-25,2012-12-27,-296.9,23,2437.28
High,0.08,3.75,0.5,Regular Air,Personel Usage,Processed Meat,Oysters (Clam),Small Box,Uttar Pradesh,Etawah,North,India,2012-12-25,2012-12-27,41.8623,17,60.67
High,0.0001,3.69,0.5,Express Air,Hotels / Hospitals,Processed Meat,Oysters (Clam),Small Box,Gujarat,Surat,West,India,2012-12-25,2012-12-26,-34.937,21,87.49
High,0.04,419.19,19.99,Regular Air,Hotels / Hospitals,Processed Meat,Fresh Water Eel,Small Box,Gujarat,Surat,West,India,2012-12-25,2012-12-26,-86.6341,2,804.85
Low,0.03,175.99,8.99,Regular Air,Personel Usage,Canned Foods,Quail Eggs,Small Box,Andhra Pradesh,Vizianagaram,South,India,2012-12-26,2012-12-31,13.319999999999999,2,298.91
High,0.04,40.97,8.99,Express Air,Stand Alone Restaurants,Processed Meat,Foie Gras,Small Pack,West Bengal,Barasat,East,India,2012-12-27,2012-12-28,547.845,25,1057.2
High,0.06,4.71,0.7,Regular Air,Stand Alone Restaurants,Processed Meat,Tuna,Wrap Bag,West Bengal,Barasat,East,India,2012-12-27,2012-12-27,-6.725,17,77.89
High,0.09,30.98,5.76,Regular Air,Hotels / Hospitals,Processed Meat,Smoked Salmon,Small Box,Andhra Pradesh,Ongole,South,India,2012-12-28,2012-12-30,32.538509999999995,16,490.04
Low,0.1,8.33,1.99,Express Air,Hotels / Hospitals,Canned Foods,Assorted Fruits,Small Pack,Madhya Pradesh,Rewa,West,India,2012-12-30,2012-12-30,21.68,72,565.16
High,0.08,30.44,1.49,Regular Air,Hotels / Hospitals,Processed Meat,Bacon,Small Box,Karnataka,Haveri,South,India,2012-12-30,2013-01-01,304.3452,15,441.08
High,0.04,6.48,5.74,Regular Air,Hotels / Hospitals,Processed Meat,Smoked Salmon,Small Box,Karnataka,Haveri,South,India,2012-12-30,2013-01-01,-26.105,13,86.17
High,0.01,4.98,7.44,Regular Air,Hotels / Hospitals,Processed Meat,Smoked Salmon,Small Box,Rajasthan,Bikaner,West,India,2012-12-30,2013-01-01,236.6712,20,107.35
Low,0.0001,291.73,48.8,Delivery Truck,Hotels / Hospitals,Preserved Food,Sundried Tomatoes,Jumbo Drum,Meghalaya,Shillong,East,India,2013-01-02,2013-01-02,-239.41920000000002,1,309.77
Low,0.07,100.98,45.0,Delivery Truck,Hotels / Hospitals,Preserved Food,Sundried Tomatoes,Jumbo Drum,Meghalaya,Shillong,East,India,2013-01-02,2013-01-04,-1301.8139999999999,12,1139.49
High,0.1,10.48,6.91,Regular Air,Stand Alone Restaurants,Processed Meat,Fresh Water Eel,Small Box,Uttar Pradesh,Hamirpur,North,India,2013-01-02,2013-01-03,-114.39,7,72.44
High,0.1,15.57,1.39,Regular Air,Hotels / Hospitals,Processed Meat,Caviar,Small Box,Rajasthan,Banswara,West,India,2013-01-03,2013-01-04,135.7506,13,196.74
High,0.1,1.76,0.7,Regular Air,Hotels / Hospitals,Processed Meat,Foie Gras,Wrap Bag,Rajasthan,Banswara,West,India,2013-01-03,2013-01-05,-4.0176,2,3.46
Medium,0.09,1938.02,13.99,Regular Air,Personel Usage,Canned Foods,Sliced Pineapple,Medium Box,Kerala,Kottayam,South,India,2013-01-03,2013-01-04,-6024.752784,1,1834.14
Not Specified,0.02,54.2,11.1,Regular Air,Hotels / Hospitals,Preserved Food,Marmalade,Medium Box,Madhya Pradesh,Rewa,West,India,2013-01-04,2013-01-04,57.23200000000001,3,172.04
High,0.06,37.94,5.08,Regular Air,Hotels / Hospitals,Processed Meat,Smoked Salmon,Wrap Bag,Madhya Pradesh,Rewa,West,India,2013-01-04,2013-01-06,-33.968,3,113.14
High,0.1,55.29,5.08,Regular Air,Hotels / Hospitals,Processed Meat,Fresh Water Eel,Small Box,Madhya Pradesh,Rewa,West,India,2013-01-04,2013-01-05,163.12,35,1886.52
Not Specified,0.02,54.2,11.1,Regular Air,Hotels / Hospitals,Preserved Food,Marmalade,Medium Box,Assam,Guwahati,East,India,2013-01-04,2013-01-04,-52.346000000000004,1,57.35
High,0.06,37.94,5.08,Regular Air,Hotels / Hospitals,Processed Meat,Smoked Salmon,Wrap Bag,Assam,Jorhat,East,India,2013-01-04,2013-01-06,57.252,1,37.71
High,0.1,55.29,5.08,Regular Air,Hotels / Hospitals,Processed Meat,Fresh Water Eel,Small Box,Assam,Jorhat,East,India,2013-01-04,2013-01-05,529.47,9,485.11
Critical,0.0001,88.84,20.79,Regular Air,Restaurant Chain,Preserved Food,Marmalade,Large Box,Rajasthan,Bharatpur,West,India,2013-01-04,2013-01-04,-14.312900000000003,10,929.41
Critical,0.02,90.97,28.0,Delivery Truck,Restaurant Chain,Canned Foods,Sliced Pineapple,Jumbo Drum,Rajasthan,Bharatpur,West,India,2013-01-04,2013-01-07,5.319299999999999,1,100.1
Low,0.02,49.34,10.25,Regular Air,Personel Usage,Preserved Food,Marmalade,Large Box,Telangana,Karimnagar,South,India,2013-01-04,2013-01-08,34.992,4,198.08
High,0.08,279.48,35.0,Regular Air,Restaurant Chain,Processed Meat,Fresh Water Eel,Large Box,Punjab,Ludhiana,West,India,2013-01-04,2013-01-08,-193.018,13,3519.39
High,0.09,9.85,4.82,Regular Air,Stand Alone Restaurants,Processed Meat,Foie Gras,Wrap Bag,Kerala,Pathanamthitta,South,India,2013-01-04,2013-01-05,-26.04,13,122.49
High,0.01,2.94,0.81,Regular Air,Stand Alone Restaurants,Processed Meat,Foie Gras,Wrap Bag,Kerala,Pathanamthitta,South,India,2013-01-04,2013-01-05,10.701899999999998,5,15.51
High,0.06,4.76,0.88,Regular Air,Personel Usage,Processed Meat,Smoked Salmon,Wrap Bag,Uttar Pradesh,Ghaziabad,North,India,2013-01-05,2013-01-08,21.848,36,168.48
High,0.0001,30.98,5.76,Regular Air,Restaurant Chain,Processed Meat,Smoked Salmon,Small Box,Maharashtra,Nashik,West,India,2013-01-05,2013-01-07,749.658,6,189.24
High,0.05,7.77,9.23,Regular Air,Restaurant Chain,Processed Meat,Jelly Fish,Small Box,West Bengal,Arambagh,East,India,2013-01-06,2013-01-07,-124.8786,3,25.8
High,0.04,363.25,19.99,Regular Air,Restaurant Chain,Processed Meat,Jelly Fish,Small Box,West Bengal,Arambagh,East,India,2013-01-06,2013-01-08,50.138999999999996,4,1478.57
High,0.0001,11.66,8.99,Regular Air,Personel Usage,Processed Meat,Foie Gras,Small Pack,Assam,Abhayapuri,East,India,2013-01-07,2013-01-08,-53.295199999999994,2,26.12
High,0.0001,4.91,0.5,Regular Air,Personel Usage,Processed Meat,Oysters (Clam),Small Box,Kerala,Kottayam,South,India,2013-01-07,2013-01-09,20.9346,6,30.34
Medium,0.07,376.13,85.63,Delivery Truck,Restaurant Chain,Preserved Food,Jams,Jumbo Box,Tamil Nadu,Tirunelveli,South,India,2013-01-08,2013-01-10,-430.4784,1,296.97
High,0.01,125.99,8.99,Regular Air,Restaurant Chain,Canned Foods,Quail Eggs,Small Box,Haryana,Hisar,North,India,2013-01-09,2013-01-10,141.30599999999998,3,340.33
High,0.1,2.62,0.8,Regular Air,Restaurant Chain,Processed Meat,Tuna,Wrap Bag,Punjab,Anandpur Sahib,West,India,2013-01-09,2013-01-10,16.1804,13,30.87
High,0.05,16.74,7.04,Regular Air,Restaurant Chain,Processed Meat,Fresh Water Eel,Small Box,Punjab,Anandpur Sahib,West,India,2013-01-09,2013-01-11,-58.9496,1,17.79
High,0.0001,4.89,4.93,Regular Air,Stand Alone Restaurants,Canned Foods,Assorted Fruits,Small Pack,Meghalaya,Tura,East,India,2013-01-10,2013-01-13,7.032,9,47.2
High,0.0001,150.98,39.25,Delivery Truck,Stand Alone Restaurants,Preserved Food,Jams,Jumbo Box,Meghalaya,Tura,East,India,2013-01-10,2013-01-12,-3.388,12,1858.7
Low,0.07,13.4,4.95,Regular Air,Hotels / Hospitals,Preserved Food,Marmalade,Small Pack,Rajasthan,Ajmer,West,India,2013-01-10,2013-01-14,62.3484,7,90.36
Low,0.02,29.18,8.55,Regular Air,Hotels / Hospitals,Preserved Food,Marmalade,Small Box,Tamil Nadu,Coimbatore,South,India,2013-01-10,2013-01-15,203.36999999999998,10,288.41
High,0.02,4.91,0.5,Regular Air,Stand Alone Restaurants,Processed Meat,Oysters (Clam),Small Box,Karnataka,Bellary,South,India,2013-01-10,2013-01-12,29.8839,9,43.31
High,0.08,9.11,2.15,Regular Air,Hotels / Hospitals,Processed Meat,Smoked Salmon,Wrap Bag,West Bengal,Asansol,East,India,2013-01-11,2013-01-12,31.332899999999995,5,45.41
High,0.08,13.48,4.51,Regular Air,Restaurant Chain,Processed Meat,Fresh Water Eel,Small Box,Orissa,Bhadrak,East,India,2013-01-11,2013-01-13,3.432,8,101.41
High,0.01,9.9,1.39,Regular Air,Restaurant Chain,Processed Meat,Caviar,Small Box,Assam,Guwahati,East,India,2013-01-11,2013-01-13,-1.806,12,125.07
High,0.0001,15.7,11.25,Regular Air,Restaurant Chain,Processed Meat,Fresh Water Eel,Small Box,Assam,Guwahati,East,India,2013-01-11,2013-01-12,-46.858,4,68.75
High,0.03,8.85,5.6,Regular Air,Hotels / Hospitals,Processed Meat,Bacon,Small Box,Assam,Tezpur,East,India,2013-01-12,2013-01-13,-2.8840000000000003,1,10.45
Critical,0.04,300.98,64.73,Delivery Truck,Hotels / Hospitals,Preserved Food,Sundried Tomatoes,Jumbo Drum,Andhra Pradesh,Vizianagaram,South,India,2013-01-12,2013-01-14,13.043999999999999,6,1838.82
Critical,0.08,29.99,5.5,Regular Air,Hotels / Hospitals,Canned Foods,Assorted Fruits,Small Box,Andhra Pradesh,Vizianagaram,South,India,2013-01-12,2013-01-14,-7.14,3,85.1
High,0.07,4.28,0.94,Regular Air,Personel Usage,Processed Meat,Foie Gras,Wrap Bag,Uttar Pradesh,Robertsganj,North,India,2013-01-12,2013-01-12,0.44079999999999997,3,12.3
High,0.0001,8.69,2.99,Regular Air,Stand Alone Restaurants,Processed Meat,Bacon,Small Box,Telangana,Nizamabad,South,India,2013-01-12,2013-01-13,-12.93382,1,10.54
Critical,0.08,22.98,7.58,Regular Air,Stand Alone Restaurants,Preserved Food,Marmalade,Small Box,Uttar Pradesh,Lucknow,North,India,2013-01-12,2013-01-13,-1.9220000000000002,6,129.12
High,0.06,6.48,6.74,Regular Air,Hotels / Hospitals,Processed Meat,Smoked Salmon,Small Box,Maharashtra,Dhule,West,India,2013-01-13,2013-01-15,-284.57800000000003,10,67.71
High,0.09,125.99,7.69,Regular Air,Hotels / Hospitals,Canned Foods,Quail Eggs,Small Box,Maharashtra,Jalna,West,India,2013-01-13,2013-01-15,55.404,13,1304.9
Low,0.03,145.45,17.85,Delivery Truck,Hotels / Hospitals,Canned Foods,Sliced Pineapple,Jumbo Drum,Maharashtra,Baramati,West,India,2013-01-13,2013-01-18,-468.598356,1,148.45
High,0.07,11.7,6.96,Regular Air,Hotels / Hospitals,Processed Meat,Jelly Fish,Medium Box,Kerala,Kozhikode,South,India,2013-01-13,2013-01-14,-88.102,8,89.77
High,0.04,5.28,2.99,Regular Air,Hotels / Hospitals,Processed Meat,Bacon,Small Box,Bihar,Supaul,North,India,2013-01-13,2013-01-13,-117.6,9,47.4
Not Specified,0.01,517.48,16.63,Delivery Truck,Hotels / Hospitals,Canned Foods,Sliced Pineapple,Jumbo Box,Bihar,Supaul,North,India,2013-01-13,2013-01-13,641.088,13,6793.17
Not Specified,0.01,449.99,49.0,Delivery Truck,Stand Alone Restaurants,Canned Foods,Wild Berry,Jumbo Drum,West Bengal,Barasat,East,India,2013-01-14,2013-01-15,-458.8496,10,4633.1
High,0.08,35.44,4.92,Regular Air,Stand Alone Restaurants,Processed Meat,Smoked Salmon,Small Box,Andhra Pradesh,Tirupati,South,India,2013-01-15,2013-01-16,296.3067,13,429.43
High,0.09,120.98,9.07,Regular Air,Restaurant Chain,Processed Meat,Bacon,Small Box,Tamil Nadu,Tiruchchirappalli,South,India,2013-01-16,2013-01-20,683.6727,9,990.83
High,0.02,4.13,0.99,Regular Air,Personel Usage,Processed Meat,Oysters (Clam),Small Box,Andhra Pradesh,Kadapa,South,India,2013-01-16,2013-01-17,19.941,7,28.9
High,0.02,10.48,6.91,Regular Air,Personel Usage,Processed Meat,Fresh Water Eel,Small Box,Andhra Pradesh,Kadapa,South,India,2013-01-16,2013-01-16,-134.168,10,105.65
High,0.1,7.64,1.39,Regular Air,Hotels / Hospitals,Processed Meat,Caviar,Small Box,Andhra Pradesh,Vishakhapatnam,South,India,2013-01-17,2013-01-19,4.0392,5,36.14
Medium,0.0001,125.99,2.5,Regular Air,Hotels / Hospitals,Canned Foods,Quail Eggs,Small Box,Andhra Pradesh,Vishakhapatnam,South,India,2013-01-17,2013-01-19,-20.734,1,112.45
Medium,0.01,205.99,2.5,Regular Air,Stand Alone Restaurants,Canned Foods,Quail Eggs,Small Box,Madhya Pradesh,Mandsaur,West,India,2013-01-18,2013-01-18,368.418,1,180.27
Medium,0.1,115.99,3.0,Regular Air,Stand Alone Restaurants,Canned Foods,Quail Eggs,Small Box,Gujarat,Bantva,West,India,2013-01-18,2013-01-20,681.99588,12,1086.08
High,0.1,9.9,1.39,Regular Air,Personel Usage,Processed Meat,Caviar,Small Box,Rajasthan,Barmer,West,India,2013-01-18,2013-01-18,123.762,5,45.85
Low,0.07,50.98,14.19,Delivery Truck,Personel Usage,Preserved Food,Sundried Tomatoes,Jumbo Drum,Rajasthan,Bharatpur,West,India,2013-01-18,2013-01-22,-2.5060000000000002,7,358.93
High,0.01,5.84,0.83,Regular Air,Personel Usage,Processed Meat,Foie Gras,Wrap Bag,Rajasthan,Bharatpur,West,India,2013-01-18,2013-01-25,11.898,5,30.86
High,0.01,10.98,3.99,Regular Air,Hotels / Hospitals,Processed Meat,Jelly Fish,Small Box,Bihar,Jahanabad,North,India,2013-01-19,2013-01-19,-189.56,9,102.9
High,0.02,16.99,8.99,Regular Air,Hotels / Hospitals,Processed Meat,Foie Gras,Small Pack,Bihar,Jahanabad,North,India,2013-01-19,2013-01-20,984.177,4,73.36
High,0.08,44.43,46.59,Delivery Truck,Hotels / Hospitals,Preserved Food,Jams,Jumbo Box,Bihar,Jahanabad,North,India,2013-01-19,2013-01-21,171.12,10,446.22
High,0.01,12.28,6.13,Regular Air,Stand Alone Restaurants,Processed Meat,Fresh Water Eel,Small Box,Madhya Pradesh,Gwalior,West,India,2013-01-19,2013-01-20,-65.814,1,13.38
High,0.07,19.98,8.68,Regular Air,Restaurant Chain,Processed Meat,Smoked Salmon,Small Box,Jharkhand,Jamshedpur,North,India,2013-01-21,2013-01-23,52.5008,11,206.78
High,0.08,2.61,0.5,Express Air,Restaurant Chain,Processed Meat,Oysters (Clam),Small Box,West Bengal,Medinipur,East,India,2013-01-21,2013-01-22,-0.8694000000000015,11,30.54
High,0.1,8.01,2.87,Regular Air,Hotels / Hospitals,Processed Meat,Smoked Salmon,Wrap Bag,Gujarat,Bantva,West,India,2013-01-21,2013-01-28,-8.5312,1,8.36
High,0.08,2.08,1.49,Regular Air,Stand Alone Restaurants,Processed Meat,Bacon,Small Box,Madhya Pradesh,Mandla,West,India,2013-01-22,2013-01-23,-6.1460599999999985,1,2.25
Medium,0.07,115.99,2.5,Regular Air,Restaurant Chain,Canned Foods,Quail Eggs,Small Box,Uttar Pradesh,Ghaziabad,North,India,2013-01-23,2013-01-25,585.9468,52,5006.28
High,0.1,85.99,1.25,Regular Air,Stand Alone Restaurants,Canned Foods,Quail Eggs,Small Pack,Tamil Nadu,Dharmapuri,South,India,2013-01-23,2013-01-24,767.6219999999998,9,603.88
High,0.09,20.97,6.5,Regular Air,Stand Alone Restaurants,Canned Foods,Assorted Fruits,Small Box,Tamil Nadu,Erode,South,India,2013-01-23,2013-01-24,92.78999999999999,2,41.55
High,0.01,155.99,3.9,Regular Air,Stand Alone Restaurants,Canned Foods,Quail Eggs,Small Box,Tamil Nadu,Erode,South,India,2013-01-23,2013-01-25,-41.286,3,425.3
Low,0.06,500.98,26.0,Delivery Truck,Hotels / Hospitals,Preserved Food,Sundried Tomatoes,Jumbo Drum,Madhya Pradesh,Rewa,West,India,2013-01-24,2013-01-24,2755.344,52,25712.3
High,0.05,12.28,6.13,Regular Air,Hotels / Hospitals,Processed Meat,Fresh Water Eel,Small Box,Madhya Pradesh,Rewa,West,India,2013-01-24,2013-01-28,-58.815999999999995,26,328.15
High,0.07,18.97,9.03,Express Air,Hotels / Hospitals,Processed Meat,Smoked Salmon,Small Box,West Bengal,Jhargram,East,India,2013-01-24,2013-01-24,53.5496,13,237.99
High,0.03,55.98,5.15,Regular Air,Restaurant Chain,Processed Meat,Smoked Salmon,Small Box,Assam,Abhayapuri,East,India,2013-01-24,2013-01-26,311.72819999999996,8,451.78
High,0.05,19.98,5.86,Regular Air,Stand Alone Restaurants,Processed Meat,Smoked Salmon,Small Box,Andhra Pradesh,Nellore,South,India,2013-01-26,2013-01-27,0.14439999999999828,1,21.48
Low,0.08,270.97,28.06,Delivery Truck,Restaurant Chain,Canned Foods,Sliced Pineapple,Jumbo Drum,Uttar Pradesh,Faizabad,North,India,2013-01-26,2013-02-02,-51.058,1,258.8
High,0.01,1.6,1.29,Regular Air,Restaurant Chain,Processed Meat,Foie Gras,Wrap Bag,Uttar Pradesh,Faizabad,North,India,2013-01-26,2013-01-30,1025.3039999999999,12,20.7
Medium,0.09,39.98,7.12,Regular Air,Stand Alone Restaurants,Canned Foods,Assorted Fruits,Small Box,Assam,Guwahati,East,India,2013-01-26,2013-01-28,71.364,3,117.83
Medium,0.06,376.13,85.63,Delivery Truck,Stand Alone Restaurants,Preserved Food,Jams,Jumbo Box,Assam,Guwahati,East,India,2013-01-26,2013-01-28,202.80599999999998,7,2138.53
High,0.0001,33.98,1.99,Regular Air,Hotels / Hospitals,Canned Foods,Assorted Fruits,Small Pack,Rajasthan,Ganganagar,West,India,2013-01-27,2013-01-28,78.47760000000001,4,142.72
Medium,0.09,10.13,1.99,Regular Air,Hotels / Hospitals,Canned Foods,Assorted Fruits,Small Pack,Uttar Pradesh,Gorakhpur,North,India,2013-01-27,2013-01-29,13.543199999999999,9,90.16
High,0.04,315.98,19.99,Regular Air,Stand Alone Restaurants,Processed Meat,Bacon,Small Box,West Bengal,Darjiling,East,India,2013-01-27,2013-02-01,1318.6245,6,1911.05
Low,0.0001,9.98,12.52,Regular Air,Stand Alone Restaurants,Preserved Food,Marmalade,Small Box,West Bengal,Darjiling,East,India,2013-01-27,2013-02-03,-165.1432,6,67.49
Low,0.08,115.99,2.5,Regular Air,Stand Alone Restaurants,Canned Foods,Quail Eggs,Small Box,West Bengal,Darjiling,East,India,2013-01-27,2013-02-01,-345.80128,2,195.92
Low,0.05,95.99,8.99,Regular Air,Stand Alone Restaurants,Canned Foods,Quail Eggs,Small Box,West Bengal,Darjiling,East,India,2013-01-27,2013-02-01,529.68276,11,888.84
High,0.03,32.48,35.0,Express Air,Restaurant Chain,Processed Meat,Fresh Water Eel,Large Box,Madhya Pradesh,Rewa,West,India,2013-01-28,2013-01-28,-1440.4319999999998,34,1168.35
Not Specified,0.02,34.98,7.53,Express Air,Stand Alone Restaurants,Canned Foods,Assorted Fruits,Small Box,Jharkhand,Kodarma,North,India,2013-01-28,2013-01-30,1352.4959999999999,13,449.88
Not Specified,0.01,4.89,4.93,Regular Air,Stand Alone Restaurants,Canned Foods,Assorted Fruits,Small Pack,Jharkhand,Kodarma,North,India,2013-01-28,2013-01-29,97.16999999999999,12,60.02
High,0.08,3.08,0.99,Regular Air,Hotels / Hospitals,Processed Meat,Oysters (Clam),Small Box,Madhya Pradesh,Damoh,West,India,2013-01-30,2013-01-31,-1.6864000000000001,1,3.85
Critical,0.05,15.23,27.75,Delivery Truck,Hotels / Hospitals,Preserved Food,Jams,Jumbo Box,Haryana,Faridabad,North,India,2013-01-31,2013-02-02,376.71000000000004,1,24.15
High,0.03,6.48,10.05,Express Air,Hotels / Hospitals,Processed Meat,Smoked Salmon,Small Box,Gujarat,Surat,West,India,2013-01-31,2013-02-01,488.094,12,81.78
High,0.1,34.76,8.22,Regular Air,Stand Alone Restaurants,Processed Meat,Fresh Water Eel,Small Box,Tamil Nadu,Krishnagiri,South,India,2013-02-01,2013-02-03,43.36,7,225.5
Medium,0.1,286.85,61.76,Delivery Truck,Stand Alone Restaurants,Preserved Food,Jams,Jumbo Box,Tamil Nadu,Krishnagiri,South,India,2013-02-01,2013-02-02,-298.62,3,682.64
Low,0.1,17.67,8.99,Regular Air,Stand Alone Restaurants,Preserved Food,Marmalade,Small Pack,Maharashtra,Kalyan,West,India,2013-02-02,2013-02-06,8.650000000000006,10,166.11
High,0.01,1.6,1.29,Regular Air,Hotels / Hospitals,Processed Meat,Foie Gras,Wrap Bag,Gujarat,Bantva,West,India,2013-02-02,2013-02-07,-15.13,10,16.64
High,0.02,1.14,0.7,Regular Air,Hotels / Hospitals,Processed Meat,Tuna,Wrap Bag,Gujarat,Surendranagar,West,India,2013-02-02,2013-02-02,-0.49,10,11.8
High,0.03,6.48,6.6,Regular Air,Personel Usage,Processed Meat,Smoked Salmon,Small Box,Madhya Pradesh,Vidisha,West,India,2013-02-02,2013-02-03,-130.5,12,78.59
Not Specified,0.1,5.08,3.63,Regular Air,Restaurant Chain,Preserved Food,Marmalade,Wrap Bag,Tamil Nadu,Pollachi,South,India,2013-02-03,2013-02-05,-32.4,9,45.35
Not Specified,0.02,55.99,5.0,Express Air,Stand Alone Restaurants,Canned Foods,Quail Eggs,Small Pack,Madhya Pradesh,Tikamgarh,West,India,2013-02-05,2013-02-05,-64.944,7,341.59
Medium,0.08,9.98,12.52,Regular Air,Hotels / Hospitals,Preserved Food,Marmalade,Small Box,Bihar,Hajipur,North,India,2013-02-05,2013-02-07,-102.93,4,40.06
High,0.0001,11.5,7.19,Regular Air,Hotels / Hospitals,Processed Meat,Bacon,Small Box,Uttar Pradesh,Misrikh,North,India,2013-02-05,2013-02-07,-9.1885,12,145.4
High,0.0001,9.68,2.03,Regular Air,Hotels / Hospitals,Processed Meat,Smoked Salmon,Wrap Bag,Uttar Pradesh,Misrikh,North,India,2013-02-05,2013-02-09,88.06469999999999,13,127.63
High,0.06,6.75,2.99,Regular Air,Stand Alone Restaurants,Processed Meat,Bacon,Small Box,Punjab,Anandpur Sahib,West,India,2013-02-07,2013-02-09,38.742999999999995,11,73.32
High,0.05,4.28,4.79,Regular Air,Personel Usage,Processed Meat,Smoked Salmon,Small Box,Andhra Pradesh,Hindupur,South,India,2013-02-07,2013-02-08,-92.42,11,49.56
High,0.05,6.68,5.66,Regular Air,Hotels / Hospitals,Processed Meat,Smoked Salmon,Small Box,Madhya Pradesh,Jabalpur,West,India,2013-02-07,2013-02-09,-3585.8529,12,83.72
High,0.03,17.7,9.47,Regular Air,Hotels / Hospitals,Processed Meat,Fresh Water Eel,Small Box,Madhya Pradesh,Jabalpur,West,India,2013-02-07,2013-02-07,-8.68,4,74.81
Medium,0.1,276.2,24.49,Regular Air,Stand Alone Restaurants,Preserved Food,Sundried Tomatoes,Large Box,Tamil Nadu,Pollachi,South,India,2013-02-07,2013-02-08,7.920000000000073,2,545.1
Medium,0.01,8.12,2.83,Express Air,Stand Alone Restaurants,Canned Foods,Assorted Fruits,Small Pack,Tamil Nadu,Pollachi,South,India,2013-02-07,2013-02-08,-52.18,9,76.95
High,0.04,73.98,14.52,Regular Air,Hotels / Hospitals,Canned Foods,Assorted Fruits,Small Box,Punjab,Hoshiarpur,West,India,2013-02-08,2013-02-09,583.8965999999999,13,936.28
Low,0.04,280.98,35.67,Delivery Truck,Personel Usage,Preserved Food,Jams,Jumbo Box,Bihar,Jhanjharpur,North,India,2013-02-09,2013-02-11,-903.1290067800003,14,3049.63
Low,0.05,35.99,1.1,Regular Air,Personel Usage,Canned Foods,Quail Eggs,Small Box,Bihar,Jhanjharpur,North,India,2013-02-09,2013-02-14,279.38196,41,1274.95
Critical,0.09,115.99,5.99,Express Air,Hotels / Hospitals,Canned Foods,Quail Eggs,Small Box,Karnataka,Haveri,South,India,2013-02-10,2013-02-12,-90.123,4,366.1
High,0.03,4.13,1.17,Regular Air,Stand Alone Restaurants,Processed Meat,Foie Gras,Wrap Bag,West Bengal,Krishnanagar,East,India,2013-02-10,2013-02-10,60.84,2,8.27
Low,0.04,12.22,2.85,Regular Air,Stand Alone Restaurants,Preserved Food,Marmalade,Small Pack,Tamil Nadu,Kanniyakumari,South,India,2013-02-10,2013-02-17,-48.342,1,12.77
High,0.01,2036.48,14.7,Delivery Truck,Personel Usage,Canned Foods,Sliced Pineapple,Jumbo Drum,Madhya Pradesh,Rewa,West,India,2013-02-11,2013-02-13,-1596.7458,7,13253.93
Low,0.09,99.99,19.99,Regular Air,Hotels / Hospitals,Canned Foods,Sliced Pineapple,Small Box,Telangana,Khammam,South,India,2013-02-11,2013-02-11,-267.7108,9,856.82
High,0.04,6.48,6.6,Regular Air,Hotels / Hospitals,Processed Meat,Smoked Salmon,Small Box,Andhra Pradesh,Nandyal,South,India,2013-02-12,2013-02-13,-118.74,12,81.53
High,0.09,35.99,0.99,Regular Air,Hotels / Hospitals,Canned Foods,Quail Eggs,Small Pack,Andhra Pradesh,Nandyal,South,India,2013-02-12,2013-02-15,-67.133,2,56.79
High,0.0001,11.7,5.63,Regular Air,Stand Alone Restaurants,Processed Meat,Bacon,Small Box,Bihar,Jhanjharpur,North,India,2013-02-13,2013-02-15,-9.492,8,100.62
High,0.09,1889.99,19.99,Regular Air,Stand Alone Restaurants,Processed Meat,Bacon,Small Box,Bihar,Jhanjharpur,North,India,2013-02-13,2013-02-15,27.186,1,1754.29
High,0.0001,7.89,2.82,Regular Air,Personel Usage,Processed Meat,Tuna,Wrap Bag,West Bengal,Bolpur,East,India,2013-02-13,2013-02-14,-518.056,4,34.21
High,0.0001,3.78,0.71,Regular Air,Hotels / Hospitals,Processed Meat,Tuna,Wrap Bag,Uttar Pradesh,Moradabad,North,India,2013-02-15,2013-02-15,997.8497999999998,7,28.76
High,0.05,16.74,5.08,Regular Air,Hotels / Hospitals,Processed Meat,Bacon,Small Box,Uttar Pradesh,Pilibhit,North,India,2013-02-15,2013-02-17,25.02,2,33.89
Critical,0.0001,6.24,5.22,Regular Air,Stand Alone Restaurants,Preserved Food,Marmalade,Small Box,West Bengal,Barasat,East,India,2013-02-16,2013-02-17,-17.16,1,7.8
High,0.02,2.61,0.5,Regular Air,Stand Alone Restaurants,Processed Meat,Oysters (Clam),Small Box,West Bengal,Bishnupur,East,India,2013-02-16,2013-02-18,3.795,2,5.5
High,0.0001,2.61,0.5,Regular Air,Hotels / Hospitals,Processed Meat,Oysters (Clam),Small Box,Karnataka,Bagalkot,South,India,2013-02-16,2013-02-16,-58.24,9,24.79
Low,0.03,25.13,9.87,Regular Air,Hotels / Hospitals,Preserved Food,Marmalade,Small Box,Karnataka,Bagalkot,South,India,2013-02-16,2013-02-21,-683.6368,2,53.52
High,0.01,5.68,3.6,Regular Air,Hotels / Hospitals,Processed Meat,Pacific Squid,Small Pack,Karnataka,Bagalkot,South,India,2013-02-16,2013-02-18,23.6538,11,63.35
Low,0.0001,125.99,5.63,Regular Air,Hotels / Hospitals,Canned Foods,Quail Eggs,Small Box,Karnataka,Mandya,South,India,2013-02-16,2013-02-23,-261.42199999999997,11,1201.57
High,0.06,5.68,1.39,Regular Air,Stand Alone Restaurants,Processed Meat,Caviar,Small Box,West Bengal,Darjiling,East,India,2013-02-16,2013-02-16,22.3422,6,32.38
High,0.03,2.74,3.5,Regular Air,Hotels / Hospitals,Processed Meat,Foie Gras,Small Pack,Tamil Nadu,Dharmapuri,South,India,2013-02-17,2013-02-20,648.972,5,14.96
High,0.06,155.99,3.9,Regular Air,Restaurant Chain,Canned Foods,Quail Eggs,Small Box,Andhra Pradesh,Srikakulam,South,India,2013-02-17,2013-02-19,428.472,5,648.11
Critical,0.0001,100.98,56.22,Delivery Truck,Restaurant Chain,Preserved Food,Pickle,Jumbo Box,Bihar,Sitamarhi,North,India,2013-02-17,2013-02-19,-319.5367,4,431.11
Critical,0.06,14.58,57.4,Regular Air,Restaurant Chain,Preserved Food,Marmalade,Small Box,Bihar,Sitamarhi,North,India,2013-02-17,2013-02-18,-79.492,2,32.07
Low,0.04,212.6,110.2,Delivery Truck,Personel Usage,Preserved Food,Jams,Jumbo Box,Uttar Pradesh,Ghaziabad,North,India,2013-02-18,2013-02-25,-776.72,11,1884.21
Low,0.1,55.99,5.0,Regular Air,Personel Usage,Canned Foods,Quail Eggs,Small Pack,Uttar Pradesh,Ghaziabad,North,India,2013-02-18,2013-02-18,-300.388,2,93.34
High,0.09,7.98,6.5,Regular Air,Restaurant Chain,Processed Meat,Fresh Water Eel,Medium Box,Uttar Pradesh,Saharanpur,North,India,2013-02-18,2013-02-20,-142.86,10,78.69
High,0.05,60.22,3.5,Regular Air,Hotels / Hospitals,Processed Meat,Jelly Fish,Small Box,Madhya Pradesh,Shahdol,West,India,2013-02-18,2013-02-19,365.9277,9,530.33
High,0.09,4.84,0.71,Regular Air,Personel Usage,Processed Meat,Foie Gras,Wrap Bag,Madhya Pradesh,Khargone,West,India,2013-02-19,2013-02-21,8.33,3,14.18
High,0.0001,43.98,8.99,Regular Air,Hotels / Hospitals,Processed Meat,Foie Gras,Small Pack,Maharashtra,Nashik,West,India,2013-02-19,2013-02-20,5.5920000000000005,8,371.68
High,0.09,3.08,0.99,Regular Air,Hotels / Hospitals,Processed Meat,Oysters (Clam),Small Box,Tamil Nadu,Tiruchchirappalli,South,India,2013-02-19,2013-02-21,23.1564,11,33.56
High,0.01,10.35,0.99,Regular Air,Hotels / Hospitals,Processed Meat,Oysters (Clam),Small Box,Telangana,Nizamabad,South,India,2013-02-19,2013-02-20,91.9149,13,133.21
Critical,0.02,6.24,5.22,Regular Air,Restaurant Chain,Preserved Food,Marmalade,Small Box,Rajasthan,Jaipur,West,India,2013-02-24,2013-02-26,-106.36,11,74.02
High,0.0001,205.99,5.0,Regular Air,Hotels / Hospitals,Canned Foods,Quail Eggs,Small Box,Karnataka,Bagalkot,South,India,2013-02-24,2013-02-26,-76.874,11,1964.53
High,0.08,387.99,19.99,Regular Air,Hotels / Hospitals,Processed Meat,Bacon,Small Box,Uttar Pradesh,Baghpat,North,India,2013-02-26,2013-03-01,2844.7182,11,4122.78
High,0.05,9.31,3.98,Regular Air,Personel Usage,Processed Meat,Pacific Squid,Small Pack,Tamil Nadu,Tiruchchirappalli,South,India,2013-02-26,2013-03-04,-17.58,9,83.01
High,0.01,10.98,3.99,Regular Air,Hotels / Hospitals,Processed Meat,Jelly Fish,Small Box,Telangana,Nalgonda,South,India,2013-02-26,2013-03-01,113.568,5,56.55
Low,0.07,125.99,8.8,Express Air,Hotels / Hospitals,Canned Foods,Quail Eggs,Small Box,Madhya Pradesh,Rewa,West,India,2013-02-27,2013-03-01,21.024,16,1685.94
Low,0.05,90.97,14.0,Delivery Truck,Stand Alone Restaurants,Canned Foods,Sliced Pineapple,Jumbo Drum,Uttar Pradesh,Ghaziabad,North,India,2013-02-27,2013-03-05,1101.9,33,3008.5
High,0.06,179.29,29.21,Delivery Truck,Personel Usage,Preserved Food,Jams,Jumbo Box,Uttar Pradesh,Ghaziabad,North,India,2013-02-27,2013-03-01,-433.2901430000001,46,8246.86
High,0.1,48.04,5.09,Regular Air,Personel Usage,Processed Meat,Smoked Salmon,Small Box,Gujarat,Jamnagar,West,India,2013-02-27,2013-03-02,18.762,8,356.27
Low,0.07,125.99,8.8,Express Air,Hotels / Hospitals,Canned Foods,Quail Eggs,Small Box,Tamil Nadu,Chidambaram,South,India,2013-02-27,2013-03-01,21.024,4,421.49
High,0.08,20.89,1.99,Regular Air,Stand Alone Restaurants,Canned Foods,Assorted Fruits,Small Pack,Andhra Pradesh,Rajampet,South,India,2013-02-27,2013-03-01,157.8927,11,228.83
Critical,0.08,65.99,8.99,Regular Air,Restaurant Chain,Canned Foods,Quail Eggs,Small Box,Uttar Pradesh,Sitapur,North,India,2013-02-27,2013-03-01,248.58,9,480.28
Critical,0.02,376.13,85.63,Delivery Truck,Personel Usage,Preserved Food,Jams,Jumbo Box,Maharashtra,Kalyan,West,India,2013-02-27,2013-03-01,483.95,11,4319.87
Not Specified,0.0001,5.89,5.57,Regular Air,Personel Usage,Preserved Food,Marmalade,Small Box,Tamil Nadu,Arakkonam,South,India,2013-03-01,2013-03-03,-8.06,1,11.7
High,0.1,31.74,12.62,Regular Air,Restaurant Chain,Processed Meat,Bacon,Small Box,Orissa,Puri,East,India,2013-03-01,2013-03-02,-9.314999999999994,2,62.57
High,0.09,37.94,5.08,Regular Air,Restaurant Chain,Processed Meat,Smoked Salmon,Wrap Bag,Orissa,Puri,East,India,2013-03-01,2013-03-02,39.23,2,71.88
High,0.04,5.8,5.59,Regular Air,Restaurant Chain,Processed Meat,Bacon,Small Box,Uttar Pradesh,Firozabad,North,India,2013-03-01,2013-03-02,-22.288,6,36.42
Low,0.02,146.05,80.2,Delivery Truck,Hotels / Hospitals,Preserved Food,Jams,Jumbo Box,Assam,Dibrugarh,East,India,2013-03-02,2013-03-09,-1820.84,13,1993.17
Low,0.01,25.38,8.99,Regular Air,Restaurant Chain,Preserved Food,Marmalade,Small Pack,Orissa,Dhenkanal,East,India,2013-03-02,2013-03-04,5534.46,4,105.77
High,0.05,48.04,5.79,Regular Air,Restaurant Chain,Processed Meat,Smoked Salmon,Small Box,Orissa,Dhenkanal,East,India,2013-03-02,2013-03-06,624.3719999999998,8,388.41
Not Specified,0.03,92.23,39.61,Regular Air,Stand Alone Restaurants,Preserved Food,Marmalade,Medium Box,Uttar Pradesh,Aligarh,North,India,2013-03-02,2013-03-04,-10.6582,5,461.69
Critical,0.05,22.72,8.99,Regular Air,Hotels / Hospitals,Preserved Food,Marmalade,Small Pack,West Bengal,Asansol,East,India,2013-03-03,2013-03-04,21.96,5,113.66
Critical,0.07,65.99,8.99,Express Air,Hotels / Hospitals,Canned Foods,Quail Eggs,Small Box,West Bengal,Asansol,East,India,2013-03-03,2013-03-05,451.4946,12,654.34
High,0.06,40.98,7.47,Regular Air,Hotels / Hospitals,Processed Meat,Bacon,Small Box,Karnataka,Hassan,South,India,2013-03-03,2013-03-04,280.347,10,406.3
Critical,0.04,110.98,13.99,Regular Air,Hotels / Hospitals,Preserved Food,Marmalade,Medium Box,Orissa,Koraput,East,India,2013-03-03,2013-03-05,820.94,11,1269.37
High,0.0001,4.98,7.54,Regular Air,Hotels / Hospitals,Processed Meat,Smoked Salmon,Small Box,Orissa,Koraput,East,India,2013-03-03,2013-03-05,-24.43,1,6.54
High,0.09,1.81,1.56,Regular Air,Hotels / Hospitals,Processed Meat,Tuna,Wrap Bag,Orissa,Koraput,East,India,2013-03-03,2013-03-03,-18.57,6,10.6
High,0.04,4.98,8.33,Express Air,Restaurant Chain,Processed Meat,Smoked Salmon,Small Box,Madhya Pradesh,Rewa,West,India,2013-03-04,2013-03-05,-123.28,24,132.02
High,0.09,25.98,4.08,Regular Air,Personel Usage,Processed Meat,Foie Gras,Small Pack,Madhya Pradesh,Rewa,West,India,2013-03-04,2013-03-13,129.81,34,823.98
High,0.05,2.94,0.7,Regular Air,Personel Usage,Processed Meat,Foie Gras,Wrap Bag,Maharashtra,Kalyan,West,India,2013-03-04,2013-03-05,1.82,4,11.82
Not Specified,0.01,10.64,5.16,Regular Air,Personel Usage,Preserved Food,Marmalade,Small Box,Bihar,Siwan,North,India,2013-03-05,2013-03-06,-73.87800000000001,4,43.77
High,0.06,28.15,6.17,Regular Air,Personel Usage,Processed Meat,Foie Gras,Small Pack,Bihar,Siwan,North,India,2013-03-05,2013-03-06,-1131.046,1,28.49
Low,0.05,8.5,1.99,Regular Air,Personel Usage,Canned Foods,Assorted Fruits,Small Pack,Uttarakhand,Almora,North,India,2013-03-05,2013-03-07,51.08,11,91.1
Medium,0.05,110.99,2.5,Regular Air,Hotels / Hospitals,Canned Foods,Quail Eggs,Small Box,Rajasthan,Ajmer,West,India,2013-03-07,2013-03-08,-117.612,3,271.56
Medium,0.01,20.24,8.99,Regular Air,Hotels / Hospitals,Preserved Food,Marmalade,Small Pack,Rajasthan,Bhilwara,West,India,2013-03-07,2013-03-10,115.872,10,202.57
High,0.0001,27.75,19.99,Regular Air,Hotels / Hospitals,Processed Meat,Fresh Water Eel,Small Box,Rajasthan,Bhilwara,West,India,2013-03-07,2013-03-08,-105.434,1,39.97
Low,0.1,6.48,2.74,Regular Air,Restaurant Chain,Canned Foods,Assorted Fruits,Small Pack,Madhya Pradesh,Rewa,West,India,2013-03-08,2013-03-10,-44.86,17,105.85
High,0.0001,8.74,8.29,Regular Air,Restaurant Chain,Processed Meat,Caviar,Small Box,Madhya Pradesh,Rewa,West,India,2013-03-08,2013-03-13,-58.76,19,179.33
High,0.07,7.28,11.15,Regular Air,Personel Usage,Processed Meat,Smoked Salmon,Small Box,Jammu And Kashmir,Udhampur,North,India,2013-03-09,2013-03-11,-168.67200000000003,3,23.35
High,0.03,3.25,49.0,Regular Air,Hotels / Hospitals,Processed Meat,Jelly Fish,Large Box,Madhya Pradesh,Khargone,West,India,2013-03-09,2013-03-11,-948.71,5,28.22
Not Specified,0.04,35.99,3.3,Express Air,Hotels / Hospitals,Canned Foods,Quail Eggs,Small Pack,Uttar Pradesh,Jhansi,North,India,2013-03-09,2013-03-11,74.99519999999998,8,239.35
High,0.05,22.84,16.92,Regular Air,Hotels / Hospitals,Processed Meat,Smoked Salmon,Small Box,Uttar Pradesh,Jaunpur,North,India,2013-03-11,2013-03-13,-122.12,10,238.68
High,0.1,367.99,19.99,Regular Air,Hotels / Hospitals,Processed Meat,Bacon,Small Box,Meghalaya,Shillong,East,India,2013-03-12,2013-03-14,2159.5344,9,3129.76
High,0.1,4.24,5.41,Regular Air,Hotels / Hospitals,Processed Meat,Bacon,Small Box,Meghalaya,Shillong,East,India,2013-03-12,2013-03-14,-67.459,5,21.27
Not Specified,0.09,240.98,60.2,Delivery Truck,Hotels / Hospitals,Preserved Food,Pickle,Jumbo Box,Maharashtra,Sangli,West,India,2013-03-13,2013-03-15,341.98,7,1564.92
Not Specified,0.02,125.99,8.08,Regular Air,Hotels / Hospitals,Canned Foods,Quail Eggs,Small Box,Maharashtra,Sangli,West,India,2013-03-13,2013-03-15,29.556000000000004,3,333.74
Not Specified,0.04,85.99,0.99,Regular Air,Stand Alone Restaurants,Canned Foods,Quail Eggs,Wrap Bag,Maharashtra,Raver,West,India,2013-03-14,2013-03-16,27.221999999999998,5,375.4
High,0.06,30.56,2.99,Regular Air,Restaurant Chain,Processed Meat,Bacon,Small Box,Bihar,Samastipur,North,India,2013-03-14,2013-03-18,492.564,11,341.27
Low,0.07,137.48,32.18,Delivery Truck,Restaurant Chain,Preserved Food,Pickle,Jumbo Box,Bihar,Samastipur,North,India,2013-03-14,2013-03-16,-34.202,13,1703.74
High,0.03,3.36,6.27,Regular Air,Personel Usage,Processed Meat,Bacon,Small Box,Madhya Pradesh,Rewa,West,India,2013-03-15,2013-03-15,-35.512,8,33.39
High,0.1,3.08,0.99,Regular Air,Hotels / Hospitals,Processed Meat,Oysters (Clam),Small Box,Rajasthan,Rajsamand,West,India,2013-03-15,2013-03-17,10.88,6,17.22
High,0.0001,1.26,0.7,Regular Air,Hotels / Hospitals,Processed Meat,Tuna,Wrap Bag,Rajasthan,Rajsamand,West,India,2013-03-15,2013-03-16,-5.92,3,4.24
High,0.1,8.95,2.01,Regular Air,Restaurant Chain,Processed Meat,Smoked Salmon,Wrap Bag,Madhya Pradesh,Rewa,West,India,2013-03-18,2013-03-18,-4.22,1,10.23
Not Specified,0.0001,15.23,27.75,Delivery Truck,Hotels / Hospitals,Preserved Food,Jams,Jumbo Box,Uttar Pradesh,Muzaffarnagar,North,India,2013-03-18,2013-03-19,-409.79,5,88.78
Critical,0.02,179.99,13.99,Regular Air,Stand Alone Restaurants,Canned Foods,Quail Eggs,Medium Box,Uttar Pradesh,Varanasi ,North,India,2013-03-19,2013-03-21,43.998,6,929.43
High,0.04,3.69,2.5,Regular Air,Personel Usage,Processed Meat,Caviar,Small Box,Uttar Pradesh,Rae Bareli,North,India,2013-03-19,2013-03-20,-124.18,12,45.71
Medium,0.08,205.99,8.99,Regular Air,Personel Usage,Canned Foods,Quail Eggs,Small Box,Maharashtra,Akola,West,India,2013-03-21,2013-03-21,775.464,10,1659.17
Low,0.05,43.22,4.0,Express Air,Restaurant Chain,Canned Foods,Assorted Fruits,Small Box,Kerala,Trivandrum,South,India,2013-03-21,2013-03-25,-149.51999999999998,6,262.76
Low,0.0001,205.99,5.26,Express Air,Restaurant Chain,Canned Foods,Quail Eggs,Small Box,Kerala,Trivandrum,South,India,2013-03-21,2013-03-30,-3.122,6,1053.61
Low,0.05,1500.97,29.7,Delivery Truck,Personel Usage,Canned Foods,Sliced Pineapple,Jumbo Drum,Madhya Pradesh,Rewa,West,India,2013-03-22,2013-03-22,-2561.3235,5,7486.09
High,0.03,4.28,1.6,Regular Air,Personel Usage,Processed Meat,Foie Gras,Wrap Bag,Madhya Pradesh,Rewa,West,India,2013-03-22,2013-03-29,-6.2,5,22.77
Medium,0.01,17.48,1.99,Regular Air,Personel Usage,Canned Foods,Assorted Fruits,Small Pack,Rajasthan,Bhilwara,West,India,2013-03-22,2013-03-24,374.4738,2,37.6
High,0.02,9.11,2.15,Regular Air,Personel Usage,Processed Meat,Smoked Salmon,Wrap Bag,Karnataka,Bellary,South,India,2013-03-22,2013-03-24,-2.82,1,9.65
Critical,0.01,30.98,6.5,Express Air,Hotels / Hospitals,Canned Foods,Assorted Fruits,Small Box,Tamil Nadu,Dindigul,South,India,2013-03-23,2013-03-24,-84.12,3,96.68
High,0.09,4.13,1.17,Regular Air,Hotels / Hospitals,Processed Meat,Foie Gras,Wrap Bag,Tamil Nadu,Dindigul,South,India,2013-03-23,2013-03-25,5.98,9,35.49
Not Specified,0.06,599.99,24.49,Regular Air,Hotels / Hospitals,Canned Foods,Wild Berry,Large Box,Maharashtra,Solapur,West,India,2013-03-23,2013-03-24,55.936800000000005,1,586.55
High,0.01,420.98,19.99,Express Air,Hotels / Hospitals,Processed Meat,Bacon,Small Box,Uttar Pradesh,Baghpat,North,India,2013-03-23,2013-03-25,2326.2452999999996,8,3371.37
High,0.05,140.98,36.09,Delivery Truck,Hotels / Hospitals,Preserved Food,Pickle,Jumbo Box,Uttar Pradesh,Baghpat,North,India,2013-03-23,2013-03-25,-427.99,9,1263.15
High,0.05,3502.14,8.73,Delivery Truck,Hotels / Hospitals,Canned Foods,Sliced Pineapple,Jumbo Box,Uttar Pradesh,Baghpat,North,India,2013-03-23,2013-03-24,-7961.430899999999,1,3360.3
High,0.07,35.99,5.99,Regular Air,Hotels / Hospitals,Canned Foods,Quail Eggs,Wrap Bag,Uttar Pradesh,Baghpat,North,India,2013-03-23,2013-03-26,-17.413,3,92.0
High,0.1,8.34,4.82,Regular Air,Stand Alone Restaurants,Processed Meat,Smoked Salmon,Small Box,Chhattisgarh,Durg,North,India,2013-03-24,2013-03-27,-13.78,2,17.14
High,0.1,5.68,3.6,Regular Air,Personel Usage,Processed Meat,Pacific Squid,Small Pack,Madhya Pradesh,Shahdol,West,India,2013-03-24,2013-03-25,-45.65,6,32.46
High,0.1,10.98,3.37,Regular Air,Personel Usage,Processed Meat,Pacific Squid,Small Pack,Uttar Pradesh,Unnao,North,India,2013-03-24,2013-03-26,-12.61,2,21.6
High,0.09,3.58,5.47,Regular Air,Restaurant Chain,Processed Meat,Bacon,Small Box,Chhattisgarh,Korba,North,India,2013-03-24,2013-03-25,157.242,2,8.08
High,0.03,7.38,11.51,Regular Air,Restaurant Chain,Processed Meat,Bacon,Small Box,Chhattisgarh,Korba,North,India,2013-03-24,2013-03-24,1639.8239999999998,2,19.3
High,0.06,12.22,2.85,Regular Air,Restaurant Chain,Preserved Food,Marmalade,Small Pack,Chhattisgarh,Korba,North,India,2013-03-24,2013-03-26,-167.10399999999998,12,146.86
High,0.04,19.98,5.97,Regular Air,Restaurant Chain,Processed Meat,Smoked Salmon,Small Box,Andhra Pradesh,Srikakulam,South,India,2013-03-25,2013-03-26,126.12509999999999,9,182.79
Not Specified,0.04,150.98,13.99,Regular Air,Hotels / Hospitals,Canned Foods,Sliced Pineapple,Medium Box,Uttar Pradesh,Mirzapur,North,India,2013-03-25,2013-03-27,225.91199999999998,3,439.17
Low,0.08,55.99,3.3,Regular Air,Restaurant Chain,Canned Foods,Quail Eggs,Small Pack,Madhya Pradesh,Rewa,West,India,2013-03-26,2013-03-28,-225.302,4,187.4
Medium,0.07,28.48,1.99,Regular Air,Restaurant Chain,Canned Foods,Assorted Fruits,Small Pack,Maharashtra,Palghar,West,India,2013-03-26,2013-03-28,2314.4579999999996,10,264.86
High,0.05,20.98,45.0,Delivery Truck,Restaurant Chain,Processed Meat,Fresh Water Eel,Jumbo Drum,Maharashtra,Palghar,West,India,2013-03-26,2013-03-27,1.0379999999999998,3,74.96
High,0.05,68.81,60.0,Delivery Truck,Restaurant Chain,Processed Meat,Jelly Fish,Jumbo Drum,Karnataka,Belgaum,South,India,2013-03-26,2013-03-28,-96.978,2,155.73
High,0.01,6.68,1.5,Regular Air,Hotels / Hospitals,Processed Meat,Foie Gras,Wrap Bag,Uttar Pradesh,Ghaziabad,North,India,2013-03-27,2013-03-28,-7.51,2,15.26
Medium,0.01,150.98,66.27,Delivery Truck,Personel Usage,Preserved Food,Pickle,Jumbo Box,Kerala,Kottayam,South,India,2013-03-27,2013-03-28,-567.14,9,1415.16
High,0.08,29.18,8.55,Regular Air,Restaurant Chain,Preserved Food,Marmalade,Small Box,Uttar Pradesh,Baghpat,North,India,2013-03-27,2013-03-28,61.0719,3,88.51
High,0.0001,18.94,1.49,Regular Air,Personel Usage,Processed Meat,Bacon,Small Box,Assam,Barpeta,East,India,2013-03-28,2013-03-30,138.52439999999999,10,200.76
Not Specified,0.02,17.98,4.0,Regular Air,Personel Usage,Canned Foods,Assorted Fruits,Small Box,Assam,Barpeta,East,India,2013-03-28,2013-03-30,-48.44,8,151.9
High,0.09,2.89,0.5,Regular Air,Personel Usage,Processed Meat,Oysters (Clam),Small Box,Assam,Barpeta,East,India,2013-03-28,2013-03-29,13.427399999999999,7,19.46
Not Specified,0.01,4.48,7.24,Express Air,Personel Usage,Preserved Food,Marmalade,Small Box,Assam,Barpeta,East,India,2013-03-28,2013-03-30,-205.75,12,58.73
Low,0.07,180.98,30.0,Delivery Truck,Hotels / Hospitals,Preserved Food,Sundried Tomatoes,Jumbo Drum,West Bengal,Asansol,East,India,2013-03-28,2013-04-04,241.06,8,1394.63
High,0.02,10.31,1.79,Regular Air,Hotels / Hospitals,Processed Meat,Smoked Salmon,Wrap Bag,West Bengal,Asansol,East,India,2013-03-28,2013-04-04,74.20949999999999,10,107.55
Not Specified,0.1,349.45,60.0,Delivery Truck,Personel Usage,Preserved Food,Jams,Jumbo Drum,Uttarakhand,Almora,North,India,2013-03-28,2013-03-30,7.550000000000011,1,280.18
Not Specified,0.04,355.98,58.92,Delivery Truck,Stand Alone Restaurants,Preserved Food,Sundried Tomatoes,Jumbo Drum,Jharkhand,Kodarma,North,India,2013-03-28,2013-03-29,-1581.944,8,2776.98
Not Specified,0.06,19.99,11.17,Regular Air,Stand Alone Restaurants,Preserved Food,Marmalade,Large Box,Jharkhand,Kodarma,North,India,2013-03-28,2013-03-31,-1124.9279999999999,1,23.83
High,0.02,4.28,5.17,Express Air,Restaurant Chain,Processed Meat,Smoked Salmon,Small Box,Himachal Pradesh,Shimla,North,India,2013-03-28,2013-03-30,-93.324,3,16.71
Not Specified,0.0001,35.99,3.3,Regular Air,Restaurant Chain,Canned Foods,Quail Eggs,Small Pack,Himachal Pradesh,Shimla,North,India,2013-03-28,2013-03-30,-158.648,11,360.06
Low,0.03,90.97,14.0,Delivery Truck,Restaurant Chain,Canned Foods,Sliced Pineapple,Jumbo Drum,Uttar Pradesh,Ghazipur,North,India,2013-03-28,2013-03-28,7.655099999999999,3,287.45
High,0.0001,68.81,60.0,Delivery Truck,Stand Alone Restaurants,Processed Meat,Jelly Fish,Jumbo Drum,Gujarat,Rajkot,West,India,2013-03-29,2013-03-30,-520.55,7,525.05
Medium,0.1,80.97,30.06,Delivery Truck,Stand Alone Restaurants,Canned Foods,Sliced Pineapple,Jumbo Box,Bihar,Jhanjharpur,North,India,2013-03-30,2013-03-31,169.35590000000002,46,3449.26
High,0.0001,4.91,5.68,Regular Air,Restaurant Chain,Processed Meat,Bacon,Small Box,Madhya Pradesh,Rewa,West,India,2013-03-30,2013-03-31,-95.0475,35,187.84
High,0.1,21.98,8.32,Regular Air,Stand Alone Restaurants,Processed Meat,Smoked Salmon,Wrap Bag,Uttar Pradesh,Ghaziabad,North,India,2013-03-30,2013-04-02,24.2,14,304.65
High,0.1,71.37,69.0,Regular Air,Stand Alone Restaurants,Preserved Food,Jams,Large Box,Chhattisgarh,Raipur,North,India,2013-03-30,2013-04-01,-1916.71,9,601.62
Low,0.1,699.99,24.49,Regular Air,Hotels / Hospitals,Canned Foods,Wild Berry,Large Box,Gujarat,Porbandar,West,India,2013-03-30,2013-04-01,-80.024,8,5140.73
High,0.09,1.14,0.7,Regular Air,Hotels / Hospitals,Processed Meat,Tuna,Wrap Bag,Bihar,Buxar,North,India,2013-03-30,2013-03-30,-2.66,5,5.57
Medium,0.1,7.28,7.98,Regular Air,Hotels / Hospitals,Preserved Food,Marmalade,Wrap Bag,West Bengal,Ghatal,East,India,2013-04-04,2013-04-06,-197.25,12,80.58
High,0.04,3.14,1.92,Regular Air,Hotels / Hospitals,Processed Meat,Pacific Squid,Wrap Bag,West Bengal,Ghatal,East,India,2013-04-04,2013-04-06,-13.44,2,6.73
Critical,0.06,39.48,1.99,Regular Air,Hotels / Hospitals,Canned Foods,Assorted Fruits,Small Pack,Uttar Pradesh,Baghpat,North,India,2013-04-04,2013-04-06,-69.84,2,74.96
Not Specified,0.08,155.99,8.99,Regular Air,Restaurant Chain,Canned Foods,Quail Eggs,Small Box,Uttar Pradesh,Allahabad,North,India,2013-04-04,2013-04-06,142.551,5,622.12
Not Specified,0.05,150.98,66.27,Delivery Truck,Personel Usage,Preserved Food,Pickle,Jumbo Box,Maharashtra,Bhiwandi,West,India,2013-04-06,2013-04-06,-6.104000000000001,12,1755.67
High,0.02,4.71,0.7,Regular Air,Restaurant Chain,Processed Meat,Tuna,Wrap Bag,Uttar Pradesh,Farrukhabad,North,India,2013-04-07,2013-04-08,-7.97,1,5.2
High,0.08,4.55,1.49,Regular Air,Restaurant Chain,Processed Meat,Bacon,Small Box,Uttar Pradesh,Ghaziabad,North,India,2013-04-08,2013-04-09,32.189499999999995,37,161.02
High,0.08,60.98,30.0,Delivery Truck,Stand Alone Restaurants,Preserved Food,Sundried Tomatoes,Jumbo Drum,Maharashtra,Raver,West,India,2013-04-08,2013-04-10,-378.0,8,483.24
High,0.1,10.64,5.16,Regular Air,Stand Alone Restaurants,Preserved Food,Marmalade,Small Box,Maharashtra,Solapur,West,India,2013-04-08,2013-04-10,4.085999999999999,12,124.3
High,0.03,3.48,49.0,Regular Air,Stand Alone Restaurants,Processed Meat,Jelly Fish,Large Box,Punjab,Bathinda,West,India,2013-04-08,2013-04-09,-1045.25,6,33.64
High,0.06,6.3,0.5,Express Air,Hotels / Hospitals,Processed Meat,Oysters (Clam),Small Box,Uttar Pradesh,Lalganj,North,India,2013-04-08,2013-04-17,1265.2800000000002,1,10.92
High,0.07,1.76,0.7,Regular Air,Restaurant Chain,Processed Meat,Foie Gras,Wrap Bag,Uttar Pradesh,Ghaziabad,North,India,2013-04-09,2013-04-16,-3.36,11,18.7
High,0.01,20.99,0.99,Regular Air,Personel Usage,Canned Foods,Quail Eggs,Wrap Bag,Tamil Nadu,Dharmapuri,South,India,2013-04-09,2013-04-12,40.788,4,72.77
High,0.03,7.64,1.39,Regular Air,Hotels / Hospitals,Processed Meat,Caviar,Small Box,Bihar,Araria,North,India,2013-04-09,2013-04-10,65.2878,12,94.62
High,0.07,1.76,0.7,Regular Air,Restaurant Chain,Processed Meat,Foie Gras,Wrap Bag,Maharashtra,Hingoli,West,India,2013-04-09,2013-04-16,-3.36,3,5.1
High,0.0001,6.68,5.66,Regular Air,Hotels / Hospitals,Processed Meat,Smoked Salmon,Small Box,Tamil Nadu,Chidambaram,South,India,2013-04-10,2013-04-12,-18.24,2,15.04
Medium,0.01,400.98,42.52,Delivery Truck,Restaurant Chain,Preserved Food,Jams,Jumbo Box,Uttar Pradesh,Farrukhabad,North,India,2013-04-10,2013-04-12,1112.4594,5,1612.26
Medium,0.03,499.99,24.49,Express Air,Personel Usage,Canned Foods,Wild Berry,Large Box,Jharkhand,Giridih,North,India,2013-04-11,2013-04-12,212.97599999999997,1,520.09
Critical,0.01,110.99,8.99,Regular Air,Hotels / Hospitals,Canned Foods,Quail Eggs,Small Box,Karnataka,Belgaum,South,India,2013-04-11,2013-04-13,3109.824,9,893.04
High,0.09,207.48,0.99,Regular Air,Hotels / Hospitals,Processed Meat,Jelly Fish,Small Box,Madhya Pradesh,Rewa,West,India,2013-04-12,2013-04-12,2164.64,35,6608.24
High,0.0001,4.13,5.34,Regular Air,Stand Alone Restaurants,Processed Meat,Bacon,Small Box,Gujarat,Vadodara,West,India,2013-04-12,2013-04-14,-68.1375,6,28.16
High,0.08,2550.14,29.7,Delivery Truck,Personel Usage,Canned Foods,Sliced Pineapple,Jumbo Drum,Tamil Nadu,Theni,South,India,2013-04-12,2013-04-14,-7373.1282,1,2346.13
High,0.08,387.99,19.99,Regular Air,Personel Usage,Processed Meat,Bacon,Small Box,Gujarat,Junagadh,West,India,2013-04-13,2013-04-15,19.464,11,4162.05
High,0.05,18.99,5.23,Regular Air,Personel Usage,Processed Meat,Bacon,Small Box,Gujarat,Junagadh,West,India,2013-04-13,2013-04-15,2.5326000000000066,12,228.68
High,0.04,124.49,51.94,Delivery Truck,Personel Usage,Preserved Food,Jams,Jumbo Box,Gujarat,Junagadh,West,India,2013-04-13,2013-04-15,-633.1773000000001,10,1219.72
Medium,0.05,18.84,3.62,Regular Air,Hotels / Hospitals,Preserved Food,Marmalade,Wrap Bag,West Bengal,Balurghat,East,India,2013-04-15,2013-04-17,170.8233,13,247.57
High,0.06,7.7,3.68,Regular Air,Hotels / Hospitals,Preserved Food,Marmalade,Wrap Bag,Madhya Pradesh,Khajuraho,West,India,2013-04-16,2013-04-18,16.490999999999996,3,23.9
High,0.03,30.98,8.74,Regular Air,Stand Alone Restaurants,Processed Meat,Smoked Salmon,Small Box,Uttar Pradesh,Gorakhpur,North,India,2013-04-16,2013-04-17,26.2089,3,96.68
Not Specified,0.1,2550.14,29.7,Delivery Truck,Personel Usage,Canned Foods,Sliced Pineapple,Jumbo Drum,Tamil Nadu,Tenkasi,South,India,2013-04-16,2013-04-18,-3798.0110999999997,2,4911.57
High,0.04,83.93,19.99,Regular Air,Stand Alone Restaurants,Processed Meat,Caviar,Small Box,Chhattisgarh,Raipur,North,India,2013-04-17,2013-04-18,27.8,1,91.02
High,0.05,4.82,1.49,Regular Air,Stand Alone Restaurants,Processed Meat,Bacon,Small Box,Andhra Pradesh,Rajahmundry,South,India,2013-04-17,2013-04-18,-142.8231,11,52.27
High,0.05,7.64,5.83,Regular Air,Stand Alone Restaurants,Processed Meat,Smoked Salmon,Wrap Bag,Andhra Pradesh,Rajahmundry,South,India,2013-04-17,2013-04-19,4.6614,3,24.18
Critical,0.02,155.99,8.99,Regular Air,Stand Alone Restaurants,Canned Foods,Quail Eggs,Small Box,Andhra Pradesh,Rajahmundry,South,India,2013-04-17,2013-04-18,238.80419999999998,8,1039.52
High,0.03,18.94,1.49,Regular Air,Personel Usage,Processed Meat,Bacon,Small Box,Assam,Abhayapuri,East,India,2013-04-17,2013-04-19,149.2056,11,216.24
High,0.07,21.78,5.94,Regular Air,Restaurant Chain,Processed Meat,Jelly Fish,Medium Box,Bihar,Jhanjharpur,North,India,2013-04-18,2013-04-18,137.0686,48,1055.98
Medium,0.06,155.99,3.9,Regular Air,Hotels / Hospitals,Canned Foods,Quail Eggs,Small Box,Uttar Pradesh,Ghaziabad,North,India,2013-04-18,2013-04-19,1380.3210000000001,36,4711.24
High,0.02,6.48,5.9,Regular Air,Hotels / Hospitals,Processed Meat,Smoked Salmon,Small Box,Karnataka,Haveri,South,India,2013-04-18,2013-04-22,-17.58,2,15.27
Critical,0.0001,1938.02,13.99,Regular Air,Restaurant Chain,Canned Foods,Sliced Pineapple,Medium Box,Uttar Pradesh,Nagina,North,India,2013-04-18,2013-04-20,-3974.4558,1,1996.16
High,0.02,17.67,8.99,Regular Air,Restaurant Chain,Preserved Food,Marmalade,Small Pack,Bihar,Samastipur,North,India,2013-04-19,2013-04-19,-27.048000000000002,10,187.54
High,0.1,64.98,6.88,Regular Air,Restaurant Chain,Processed Meat,Fresh Water Eel,Small Box,Uttar Pradesh,Amroha,North,India,2013-04-20,2013-04-24,-110.07,1,64.26
Low,0.0001,348.21,40.19,Delivery Truck,Restaurant Chain,Preserved Food,Jams,Jumbo Box,Uttar Pradesh,Amroha,North,India,2013-04-20,2013-04-20,1158.8205,6,1679.45
High,0.02,34.76,8.22,Regular Air,Personel Usage,Processed Meat,Fresh Water Eel,Small Box,Andhra Pradesh,Vijayawada,South,India,2013-04-20,2013-04-21,175.32,8,285.48
High,0.03,14.97,7.51,Regular Air,Stand Alone Restaurants,Processed Meat,Fresh Water Eel,Small Box,Madhya Pradesh,Rewa,West,India,2013-04-21,2013-04-23,-8.4,1,22.61
Critical,0.06,7.59,4.0,Express Air,Hotels / Hospitals,Preserved Food,Marmalade,Wrap Bag,Karnataka,Koppal,South,India,2013-04-21,2013-04-21,-5.1520000000000294,5,37.22
Low,0.09,217.85,29.1,Delivery Truck,Personel Usage,Preserved Food,Jams,Jumbo Box,Madhya Pradesh,Rewa,West,India,2013-04-22,2013-04-27,-526.478095,35,5740.62
High,0.07,11.48,5.43,Regular Air,Personel Usage,Processed Meat,Smoked Salmon,Small Box,Madhya Pradesh,Rewa,West,India,2013-04-22,2013-04-24,78.89,49,570.43
High,0.08,2.08,2.56,Regular Air,Personel Usage,Processed Meat,Pacific Squid,Small Pack,Madhya Pradesh,Rewa,West,India,2013-04-22,2013-04-24,-85.58,49,100.08
Medium,0.09,238.4,24.49,Regular Air,Personel Usage,Preserved Food,Sundried Tomatoes,Large Box,Karnataka,Raichur,South,India,2013-04-23,2013-04-24,41.83,3,658.18
Medium,0.0001,85.99,1.25,Express Air,Personel Usage,Canned Foods,Quail Eggs,Small Pack,Karnataka,Raichur,South,India,2013-04-23,2013-04-25,128.952,3,221.59
Medium,0.06,155.99,3.9,Regular Air,Personel Usage,Canned Foods,Quail Eggs,Small Box,Karnataka,Shimoga,South,India,2013-04-23,2013-04-26,781.7286,9,1132.94
Low,0.07,96.45,13.99,Regular Air,Restaurant Chain,Canned Foods,Sliced Pineapple,Medium Box,Uttar Pradesh,Ghaziabad,North,India,2013-04-24,2013-04-29,147.6,13,1191.73
High,0.02,6.48,7.37,Regular Air,Stand Alone Restaurants,Processed Meat,Smoked Salmon,Small Box,Maharashtra,Shirdi,West,India,2013-04-24,2013-04-27,-25.95,2,15.82
Not Specified,0.07,28.48,1.99,Regular Air,Hotels / Hospitals,Canned Foods,Assorted Fruits,Small Pack,Maharashtra,Nashik,West,India,2013-04-25,2013-04-26,-1954.708,6,158.92
High,0.09,363.25,19.99,Regular Air,Personel Usage,Processed Meat,Jelly Fish,Small Box,Karnataka,Shimoga,South,India,2013-04-25,2013-04-25,294.39,2,680.95
Critical,0.02,19.98,10.49,Regular Air,Personel Usage,Preserved Food,Marmalade,Small Box,Karnataka,Shimoga,South,India,2013-04-25,2013-04-27,-10.4,6,129.74
Critical,0.09,8.34,0.96,Regular Air,Personel Usage,Preserved Food,Marmalade,Wrap Bag,Karnataka,Shimoga,South,India,2013-04-25,2013-04-26,22.7976,4,33.04
High,0.08,8.17,1.69,Regular Air,Stand Alone Restaurants,Processed Meat,Smoked Salmon,Wrap Bag,Uttar Pradesh,Shahjahanpur,North,India,2013-04-25,2013-04-26,56.3109,10,81.61
High,0.06,7.08,2.35,Regular Air,Stand Alone Restaurants,Processed Meat,Foie Gras,Wrap Bag,West Bengal,Jangipur,East,India,2013-04-25,2013-04-27,53.15,11,78.91
High,0.0001,22.84,8.18,Regular Air,Restaurant Chain,Processed Meat,Smoked Salmon,Small Box,Karnataka,Haveri,South,India,2013-04-25,2013-04-27,-4.17,1,25.39
High,0.03,15.31,8.78,Regular Air,Restaurant Chain,Processed Meat,Fresh Water Eel,Small Box,Assam,Abhayapuri,East,India,2013-04-26,2013-04-27,-90.72,9,142.54
High,0.03,4.13,5.04,Express Air,Stand Alone Restaurants,Processed Meat,Bacon,Small Box,Madhya Pradesh,Betul,West,India,2013-04-28,2013-04-29,-95.059,9,40.89
High,0.08,82.99,5.5,Regular Air,Stand Alone Restaurants,Canned Foods,Assorted Fruits,Small Box,Madhya Pradesh,Betul,West,India,2013-04-28,2013-04-30,425.6678999999999,8,616.91
Critical,0.06,7.59,4.0,Express Air,Personel Usage,Preserved Food,Marmalade,Wrap Bag,Haryana,Hisar,North,India,2013-04-28,2013-04-29,-328.706,2,16.38
High,0.04,65.99,2.5,Regular Air,Personel Usage,Canned Foods,Quail Eggs,Small Box,Madhya Pradesh,Rewa,West,India,2013-04-29,2013-05-01,655.911,41,2251.91
High,0.09,16.91,6.25,Regular Air,Hotels / Hospitals,Processed Meat,Fresh Water Eel,Small Box,Gujarat,Rajkot,West,India,2013-04-29,2013-04-29,-230.426,9,151.18
Low,0.04,376.13,85.63,Delivery Truck,Hotels / Hospitals,Preserved Food,Jams,Jumbo Box,Gujarat,Rajkot,West,India,2013-04-29,2013-05-06,53.279999999999994,2,620.42
Critical,0.03,110.99,8.99,Regular Air,Personel Usage,Canned Foods,Quail Eggs,Small Box,Madhya Pradesh,Rewa,West,India,2013-05-01,2013-05-02,601.335,38,3696.09
Medium,0.05,29.89,1.99,Regular Air,Stand Alone Restaurants,Canned Foods,Assorted Fruits,Small Pack,Andhra Pradesh,Nellore,South,India,2013-05-02,2013-05-03,277.0419,14,401.51
High,0.06,6.68,5.2,Regular Air,Stand Alone Restaurants,Processed Meat,Smoked Salmon,Small Box,Rajasthan,Sikar,West,India,2013-05-02,2013-05-02,-38.57,8,52.97
High,0.08,2.84,0.93,Regular Air,Hotels / Hospitals,Processed Meat,Foie Gras,Wrap Bag,Orissa,Cuttack,East,India,2013-05-03,2013-05-04,-1.76,3,8.7
High,0.03,3.36,6.27,Regular Air,Hotels / Hospitals,Processed Meat,Bacon,Small Box,Meghalaya,Tura,East,India,2013-05-03,2013-05-07,53.2602,7,25.01
High,0.09,120.98,3.99,Express Air,Hotels / Hospitals,Processed Meat,Jelly Fish,Small Box,Bihar,Nawada,North,India,2013-05-03,2013-05-05,12.408,5,588.48
Low,0.08,100.98,35.84,Delivery Truck,Restaurant Chain,Preserved Food,Pickle,Jumbo Box,Maharashtra,Nandurbar,West,India,2013-05-03,2013-05-08,-335.77,15,1433.08
Medium,0.02,1938.02,13.99,Regular Air,Personel Usage,Canned Foods,Sliced Pineapple,Medium Box,Tamil Nadu,Vellore,South,India,2013-05-04,2013-05-06,-397.51865999999995,4,8052.86
High,0.08,12.28,6.47,Regular Air,Restaurant Chain,Processed Meat,Smoked Salmon,Small Box,Maharashtra,Parbhani,West,India,2013-05-05,2013-05-05,25.58,13,160.67
Medium,0.03,25.38,8.99,Regular Air,Restaurant Chain,Preserved Food,Marmalade,Small Pack,Jharkhand,Lohardaga,North,India,2013-05-06,2013-05-08,45.006,2,51.81
High,0.01,9.11,2.15,Regular Air,Restaurant Chain,Processed Meat,Smoked Salmon,Wrap Bag,Orissa,Cuttack,East,India,2013-05-06,2013-05-07,100.36049999999999,15,145.45
Critical,0.02,299.99,11.64,Regular Air,Hotels / Hospitals,Canned Foods,Wild Berry,Large Box,Maharashtra,Solapur,West,India,2013-05-06,2013-05-06,334.95,16,4892.0
High,0.05,162.93,19.99,Express Air,Hotels / Hospitals,Processed Meat,Caviar,Small Box,Meghalaya,Tura,East,India,2013-05-06,2013-05-07,121.57799999999999,12,1862.4
Critical,0.03,8.34,0.96,Express Air,Hotels / Hospitals,Preserved Food,Marmalade,Wrap Bag,Meghalaya,Tura,East,India,2013-05-06,2013-05-08,-1667.582,16,131.07
High,0.05,150.98,13.99,Express Air,Hotels / Hospitals,Canned Foods,Sliced Pineapple,Medium Box,Bihar,Nawada,North,India,2013-05-07,2013-05-09,-183.51200000000003,1,153.96
High,0.02,18.97,9.03,Regular Air,Hotels / Hospitals,Processed Meat,Smoked Salmon,Small Box,Bihar,Nawada,North,India,2013-05-07,2013-05-08,697.656,9,178.48
High,0.05,9.71,9.45,Regular Air,Hotels / Hospitals,Processed Meat,Fresh Water Eel,Small Box,Bihar,Nawada,North,India,2013-05-07,2013-05-10,1555.8839999999998,7,71.97
High,0.06,27.48,4.0,Regular Air,Stand Alone Restaurants,Canned Foods,Assorted Fruits,Small Box,West Bengal,Diamond Harbour,East,India,2013-05-07,2013-05-09,-101.41,1,28.87
High,0.08,56.96,13.22,Regular Air,Stand Alone Restaurants,Processed Meat,Jelly Fish,Small Box,Orissa,Jajapur,East,India,2013-05-09,2013-05-11,-311.038,2,114.45
Critical,0.09,55.99,1.25,Regular Air,Stand Alone Restaurants,Canned Foods,Quail Eggs,Small Pack,Orissa,Jajapur,East,India,2013-05-09,2013-05-11,-1356.6677124000003,2,88.35
High,0.06,6.68,5.41,Regular Air,Hotels / Hospitals,Processed Meat,Smoked Salmon,Small Box,Andhra Pradesh,Narasaraopet,South,India,2013-05-09,2013-05-10,57.804,14,91.39
High,0.03,6.48,5.94,Regular Air,Hotels / Hospitals,Processed Meat,Smoked Salmon,Small Box,Karnataka,Mandya,South,India,2013-05-10,2013-05-11,485.8413,7,48.53
High,0.05,4.98,4.7,Regular Air,Hotels / Hospitals,Processed Meat,Smoked Salmon,Small Box,Karnataka,Mandya,South,India,2013-05-10,2013-05-12,-50.05,5,25.57
High,0.1,55.99,5.0,Regular Air,Hotels / Hospitals,Canned Foods,Quail Eggs,Small Pack,Karnataka,Mandya,South,India,2013-05-10,2013-05-13,-170.96800000000002,12,551.35
Not Specified,0.08,599.99,24.49,Regular Air,Hotels / Hospitals,Canned Foods,Wild Berry,Large Box,Uttar Pradesh,Baghpat,North,India,2013-05-11,2013-05-12,-1352.68,2,1126.06
Not Specified,0.08,65.99,8.99,Regular Air,Hotels / Hospitals,Canned Foods,Quail Eggs,Small Box,Uttar Pradesh,Baghpat,North,India,2013-05-11,2013-05-13,156.114,8,444.08
High,0.08,6.48,6.74,Regular Air,Personel Usage,Processed Meat,Smoked Salmon,Small Box,Rajasthan,Nagaur,West,India,2013-05-12,2013-05-14,-31.63,3,20.41
High,0.1,2.78,1.34,Express Air,Personel Usage,Processed Meat,Foie Gras,Wrap Bag,Rajasthan,Nagaur,West,India,2013-05-12,2013-05-12,-2.4,15,39.87
High,0.05,2.62,0.8,Regular Air,Personel Usage,Processed Meat,Tuna,Wrap Bag,Rajasthan,Nagaur,West,India,2013-05-12,2013-05-15,18.043499999999998,10,26.15
High,0.02,193.17,19.99,Regular Air,Personel Usage,Processed Meat,Fresh Water Eel,Small Box,Rajasthan,Barmer,West,India,2013-05-12,2013-05-17,-239.274,9,1710.18
High,0.08,6.98,1.6,Regular Air,Hotels / Hospitals,Processed Meat,Smoked Salmon,Wrap Bag,Rajasthan,Bharatpur,West,India,2013-05-12,2013-05-13,103.572,7,45.46
High,0.05,7.1,6.05,Regular Air,Hotels / Hospitals,Processed Meat,Bacon,Small Box,Rajasthan,Churu,West,India,2013-05-12,2013-05-14,-97.06,12,83.66
High,0.03,4.13,5.04,Regular Air,Personel Usage,Processed Meat,Bacon,Small Box,Tamil Nadu,Dharmapuri,South,India,2013-05-13,2013-05-15,-6.09,5,22.11
Medium,0.0001,55.5,52.2,Regular Air,Restaurant Chain,Preserved Food,Marmalade,Medium Box,Uttar Pradesh,Sitapur,North,India,2013-05-13,2013-05-16,-1413.18,14,794.0
Low,0.04,113.98,30.0,Delivery Truck,Hotels / Hospitals,Preserved Food,Sundried Tomatoes,Jumbo Drum,Maharashtra,Thane,West,India,2013-05-17,2013-05-24,240.642,10,1191.74
Not Specified,0.05,25.98,14.36,Delivery Truck,Restaurant Chain,Preserved Food,Sundried Tomatoes,Jumbo Drum,Uttar Pradesh,Faizabad,North,India,2013-05-18,2013-05-19,4.644,14,377.85
High,0.09,2.98,1.58,Regular Air,Hotels / Hospitals,Processed Meat,Tuna,Wrap Bag,Bihar,Siwan,North,India,2013-05-18,2013-05-19,-31.248,1,3.37
High,0.02,20.98,45.0,Delivery Truck,Personel Usage,Processed Meat,Fresh Water Eel,Jumbo Drum,Uttar Pradesh,Kannauj,North,India,2013-05-19,2013-05-19,-1637.52,15,344.36
High,0.02,5.78,7.96,Regular Air,Stand Alone Restaurants,Processed Meat,Smoked Salmon,Small Box,Tamil Nadu,Cuddalore,South,India,2013-05-20,2013-05-23,-138.92,11,69.25
High,0.07,22.99,8.99,Regular Air,Restaurant Chain,Processed Meat,Foie Gras,Small Pack,Haryana,Hisar,North,India,2013-05-20,2013-05-21,132.546,2,46.61
High,0.09,3.74,4.69,Regular Air,Restaurant Chain,Processed Meat,Bacon,Small Box,Madhya Pradesh,Ratlam,West,India,2013-05-21,2013-05-22,-60.9615,7,26.82
High,0.02,5.18,2.04,Express Air,Stand Alone Restaurants,Processed Meat,Smoked Salmon,Wrap Bag,West Bengal,Bishnupur,East,India,2013-05-21,2013-05-26,-4.09,1,10.17
High,0.02,7.3,7.72,Regular Air,Restaurant Chain,Processed Meat,Bacon,Small Box,Tamil Nadu,Tiruvallur,South,India,2013-05-21,2013-05-22,-171.166,16,124.95
Critical,0.0001,30.42,8.65,Regular Air,Hotels / Hospitals,Canned Foods,Assorted Fruits,Small Box,Maharashtra,Wardha,West,India,2013-05-21,2013-05-22,-60.98,16,518.81
High,0.08,4.91,0.5,Regular Air,Hotels / Hospitals,Processed Meat,Oysters (Clam),Small Box,Orissa,Sundargarh,East,India,2013-05-21,2013-05-23,28.897199999999998,9,41.88
Low,0.08,19.98,4.0,Regular Air,Stand Alone Restaurants,Canned Foods,Assorted Fruits,Small Box,Madhya Pradesh,Bhind,West,India,2013-05-22,2013-05-26,-53.82,6,113.76
High,0.0001,1.26,0.7,Regular Air,Hotels / Hospitals,Processed Meat,Tuna,Wrap Bag,Madhya Pradesh,Chhindwara,West,India,2013-05-22,2013-05-23,-98.434,15,20.26
High,0.07,64.65,35.0,Regular Air,Restaurant Chain,Processed Meat,Fresh Water Eel,Large Box,Bihar,Muzaffarpur,North,India,2013-05-22,2013-05-22,-9.828,15,949.61
Not Specified,0.09,22.72,8.99,Regular Air,Hotels / Hospitals,Preserved Food,Marmalade,Small Pack,Bihar,Katihar,North,India,2013-05-23,2013-05-24,-1646.792,8,171.59
Not Specified,0.03,296.18,54.12,Delivery Truck,Hotels / Hospitals,Preserved Food,Jams,Jumbo Box,Bihar,Katihar,North,India,2013-05-23,2013-05-26,-31.948,6,1476.19
Medium,0.08,40.98,1.99,Regular Air,Hotels / Hospitals,Canned Foods,Assorted Fruits,Small Pack,Jharkhand,Chatra,North,India,2013-05-23,2013-05-25,-47.308800000000005,9,342.71
High,0.0001,3.08,0.5,Regular Air,Restaurant Chain,Processed Meat,Oysters (Clam),Small Box,Madhya Pradesh,Rewa,West,India,2013-05-25,2013-05-28,28.47,27,88.79
High,0.08,1.81,0.75,Regular Air,Restaurant Chain,Processed Meat,Tuna,Wrap Bag,Madhya Pradesh,Rewa,West,India,2013-05-25,2013-05-27,-4.17,65,109.21
High,0.02,16.06,8.34,Express Air,Restaurant Chain,Processed Meat,Fresh Water Eel,Small Box,Madhya Pradesh,Rewa,West,India,2013-05-25,2013-05-27,-44.92,44,767.31
High,0.09,6.48,9.54,Regular Air,Personel Usage,Processed Meat,Smoked Salmon,Small Box,Jammu And Kashmir,Jammu,North,India,2013-05-25,2013-05-25,-44.730000000000004,1,15.73
High,0.1,30.98,17.08,Regular Air,Personel Usage,Processed Meat,Smoked Salmon,Small Box,Jammu And Kashmir,Jammu,North,India,2013-05-25,2013-05-27,1710.876,11,327.4
Critical,0.06,200.99,8.08,Regular Air,Personel Usage,Canned Foods,Quail Eggs,Small Box,Jammu And Kashmir,Jammu,North,India,2013-05-25,2013-05-27,-195.65,8,1323.27
Not Specified,0.0001,125.99,2.5,Regular Air,Hotels / Hospitals,Canned Foods,Quail Eggs,Small Box,Uttar Pradesh,Muzaffarnagar,North,India,2013-05-25,2013-05-27,913.3185,12,1323.65
High,0.06,41.71,4.5,Regular Air,Restaurant Chain,Processed Meat,Jelly Fish,Small Box,Tamil Nadu,Nagapattinam,South,India,2013-05-26,2013-05-28,0.516,16,635.06
High,0.1,5.34,2.99,Regular Air,Restaurant Chain,Processed Meat,Bacon,Small Box,Tamil Nadu,Nagapattinam,South,India,2013-05-26,2013-05-27,274.686,4,20.61
Low,0.07,65.99,3.99,Regular Air,Stand Alone Restaurants,Canned Foods,Quail Eggs,Small Box,Haryana,Karnal,North,India,2013-05-28,2013-06-02,165.50099999999998,7,394.37
High,0.1,6.48,6.22,Express Air,Stand Alone Restaurants,Processed Meat,Smoked Salmon,Small Box,Uttar Pradesh,Hathras,North,India,2013-05-28,2013-05-30,7.565999999999999,13,81.45
Medium,0.09,17.48,1.99,Regular Air,Stand Alone Restaurants,Canned Foods,Assorted Fruits,Small Pack,Tamil Nadu,Theni,South,India,2013-05-28,2013-05-29,142.70579999999998,12,206.82
High,0.02,4.91,4.97,Regular Air,Hotels / Hospitals,Processed Meat,Bacon,Small Box,Bihar,Muzaffarpur,North,India,2013-05-29,2013-06-05,-56.602000000000004,15,78.85
Low,0.04,92.23,39.61,Express Air,Restaurant Chain,Preserved Food,Marmalade,Medium Box,Tamil Nadu,Tiruchchirappalli,South,India,2013-05-29,2013-05-29,80.8,6,575.69
High,0.04,2.88,0.7,Regular Air,Restaurant Chain,Processed Meat,Foie Gras,Wrap Bag,Tamil Nadu,Tiruchchirappalli,South,India,2013-05-29,2013-05-29,8.13,8,22.78
Low,0.02,205.99,8.99,Regular Air,Restaurant Chain,Canned Foods,Quail Eggs,Small Box,Tamil Nadu,Tiruvannamalai,South,India,2013-05-29,2013-05-31,-54.362,4,693.22
High,0.09,1.68,1.0,Regular Air,Restaurant Chain,Processed Meat,Foie Gras,Wrap Bag,West Bengal,Asansol,East,India,2013-05-29,2013-05-30,-4.56,16,25.02
High,0.07,100.98,35.84,Delivery Truck,Restaurant Chain,Preserved Food,Pickle,Jumbo Box,Madhya Pradesh,Rewa,West,India,2013-05-30,2013-06-01,-277.63,40,3840.27
High,0.1,65.99,8.99,Regular Air,Restaurant Chain,Canned Foods,Quail Eggs,Small Box,Madhya Pradesh,Rewa,West,India,2013-05-30,2013-06-01,134.73,48,2457.3
High,0.04,135.99,28.63,Delivery Truck,Stand Alone Restaurants,Preserved Food,Sundried Tomatoes,Jumbo Drum,Madhya Pradesh,Rewa,West,India,2013-05-30,2013-05-31,-246.21,3,434.6
High,0.07,100.98,35.84,Delivery Truck,Restaurant Chain,Preserved Food,Pickle,Jumbo Box,Tamil Nadu,Perambalur,South,India,2013-05-30,2013-06-01,-277.63,10,960.07
High,0.1,65.99,8.99,Regular Air,Restaurant Chain,Canned Foods,Quail Eggs,Small Box,Tamil Nadu,Perambalur,South,India,2013-05-30,2013-06-01,134.73,12,614.32
Medium,0.08,10.64,5.16,Regular Air,Hotels / Hospitals,Preserved Food,Marmalade,Small Box,Kerala,Pathanamthitta,South,India,2013-05-30,2013-05-31,-14.27,14,145.57
High,0.08,6.48,7.91,Regular Air,Hotels / Hospitals,Processed Meat,Smoked Salmon,Small Box,Orissa,Sundargarh,East,India,2013-05-31,2013-06-07,-179.11,14,90.21
High,0.08,6.48,6.22,Express Air,Personel Usage,Processed Meat,Smoked Salmon,Small Box,Tamil Nadu,Dharmapuri,South,India,2013-05-31,2013-05-31,-10.85,6,43.21
Critical,0.1,122.99,70.2,Delivery Truck,Restaurant Chain,Preserved Food,Sundried Tomatoes,Jumbo Drum,Uttar Pradesh,Nagina,North,India,2013-06-01,2013-06-02,-840.616,8,983.11
Critical,0.03,50.98,6.5,Regular Air,Restaurant Chain,Canned Foods,Assorted Fruits,Small Box,Uttar Pradesh,Nagina,North,India,2013-06-01,2013-06-02,-63.239999999999995,7,352.01
High,0.0001,35.44,7.5,Regular Air,Restaurant Chain,Processed Meat,Smoked Salmon,Small Box,Uttar Pradesh,Nagina,North,India,2013-06-01,2013-06-02,-10.016,1,40.42
High,0.08,4.49,1.49,Regular Air,Hotels / Hospitals,Processed Meat,Bacon,Small Box,Gujarat,Porbandar,West,India,2013-06-01,2013-06-01,-1137.15,4,17.73
Medium,0.04,70.98,46.74,Delivery Truck,Restaurant Chain,Preserved Food,Pickle,Jumbo Box,Chhattisgarh,Durg,North,India,2013-06-02,2013-06-04,-303.28000000000003,7,518.06
Not Specified,0.05,20.99,3.3,Regular Air,Personel Usage,Canned Foods,Quail Eggs,Small Pack,Madhya Pradesh,Khargone,West,India,2013-06-02,2013-06-04,-76.78,12,212.55
Low,0.0001,2.08,5.33,Regular Air,Hotels / Hospitals,Preserved Food,Marmalade,Small Box,Bihar,Ara,North,India,2013-06-02,2013-06-07,-120.92,15,35.02
High,0.09,6.48,9.68,Express Air,Personel Usage,Processed Meat,Smoked Salmon,Small Box,Andhra Pradesh,Hindupur,South,India,2013-06-03,2013-06-10,-68.232,6,43.14
High,0.09,20.98,45.0,Delivery Truck,Personel Usage,Processed Meat,Fresh Water Eel,Jumbo Drum,Andhra Pradesh,Hindupur,South,India,2013-06-03,2013-06-03,-356.616,5,117.54
Low,0.04,65.99,8.99,Regular Air,Personel Usage,Canned Foods,Quail Eggs,Small Box,Andhra Pradesh,Hindupur,South,India,2013-06-03,2013-06-05,-164.9208,3,167.64
High,0.07,5.98,1.49,Regular Air,Stand Alone Restaurants,Processed Meat,Bacon,Small Box,Punjab,Sangrur,West,India,2013-06-03,2013-06-04,31.995299999999997,8,46.37
Medium,0.08,60.65,12.23,Regular Air,Stand Alone Restaurants,Preserved Food,Marmalade,Medium Box,Punjab,Sangrur,West,India,2013-06-03,2013-06-05,406.692,13,744.42
High,0.1,12.97,1.49,Regular Air,Restaurant Chain,Processed Meat,Bacon,Small Box,Uttar Pradesh,Machhlishahr,North,India,2013-06-04,2013-06-06,-571.5555999999999,3,37.12
High,0.07,363.25,19.99,Regular Air,Restaurant Chain,Processed Meat,Jelly Fish,Small Box,Chhattisgarh,Kanker,North,India,2013-06-05,2013-06-07,251.16,5,1756.68
High,0.09,363.25,19.99,Regular Air,Personel Usage,Processed Meat,Jelly Fish,Small Box,Tamil Nadu,Vellore,South,India,2013-06-07,2013-06-10,223.44119999999998,1,343.78
Not Specified,0.03,22.98,7.58,Regular Air,Personel Usage,Preserved Food,Marmalade,Small Box,Tamil Nadu,Vellore,South,India,2013-06-07,2013-06-09,231.48,13,315.86
High,0.07,4.06,6.89,Regular Air,Restaurant Chain,Processed Meat,Jelly Fish,Small Box,Uttar Pradesh,Mathura,North,India,2013-06-07,2013-06-09,-92.16799999999999,8,32.71
High,0.1,1.26,0.7,Regular Air,Restaurant Chain,Processed Meat,Tuna,Wrap Bag,Uttar Pradesh,Mathura,North,India,2013-06-07,2013-06-08,-5.424,4,5.18
High,0.06,328.14,91.05,Delivery Truck,Restaurant Chain,Processed Meat,Jelly Fish,Jumbo Drum,Madhya Pradesh,Rewa,West,India,2013-06-08,2013-06-09,-473.66,3,1108.2
Not Specified,0.0001,65.99,5.26,Regular Air,Restaurant Chain,Canned Foods,Quail Eggs,Small Box,Madhya Pradesh,Rewa,West,India,2013-06-08,2013-06-09,791.901,72,4126.07
High,0.02,4.84,0.71,Regular Air,Personel Usage,Processed Meat,Foie Gras,Wrap Bag,Assam,Abhayapuri,East,India,2013-06-08,2013-06-08,-4.5200000000000005,1,5.24
High,0.1,1.6,1.29,Regular Air,Hotels / Hospitals,Processed Meat,Foie Gras,Wrap Bag,Rajasthan,Ganganagar,West,India,2013-06-08,2013-06-09,-14.224,15,23.82
Not Specified,0.09,19.98,10.49,Regular Air,Restaurant Chain,Preserved Food,Marmalade,Small Box,Uttar Pradesh,Bahraich,North,India,2013-06-09,2013-06-10,31.524,9,177.39
High,0.01,9.78,5.76,Regular Air,Personel Usage,Processed Meat,Caviar,Small Box,Kerala,Alleppey,South,India,2013-06-10,2013-06-11,661.1400000000001,1,11.89
High,0.04,21.38,8.99,Regular Air,Personel Usage,Processed Meat,Foie Gras,Small Pack,Kerala,Alleppey,South,India,2013-06-10,2013-06-12,-606.6062002000001,4,85.37
Medium,0.01,145.98,51.92,Delivery Truck,Personel Usage,Preserved Food,Jams,Jumbo Box,Kerala,Alleppey,South,India,2013-06-10,2013-06-12,176.52599999999998,1,166.16
High,0.09,46.89,5.1,Regular Air,Restaurant Chain,Processed Meat,Jelly Fish,Medium Box,Maharashtra,Aurangabad,West,India,2013-06-12,2013-06-14,446.46449999999993,14,647.05
Critical,0.05,6.64,4.95,Regular Air,Restaurant Chain,Preserved Food,Marmalade,Small Pack,Maharashtra,Aurangabad,West,India,2013-06-12,2013-06-13,-30.432,19,131.32
High,0.07,16.51,2.99,Regular Air,Restaurant Chain,Processed Meat,Bacon,Small Box,Orissa,Puri,East,India,2013-06-13,2013-06-14,164.46149999999997,15,238.35
High,0.01,55.48,6.79,Regular Air,Restaurant Chain,Processed Meat,Smoked Salmon,Small Box,Orissa,Puri,East,India,2013-06-13,2013-06-14,313.98449999999997,8,455.05
High,0.03,78.8,35.0,Regular Air,Restaurant Chain,Processed Meat,Fresh Water Eel,Large Box,Orissa,Puri,East,India,2013-06-13,2013-06-14,-878.376,17,1351.62
High,0.01,2.08,1.49,Express Air,Hotels / Hospitals,Processed Meat,Bacon,Small Box,Gujarat,Valsad,West,India,2013-06-13,2013-06-14,-130.56119999999999,4,13.69
Not Specified,0.02,320.98,58.95,Delivery Truck,Personel Usage,Preserved Food,Sundried Tomatoes,Jumbo Drum,Bihar,Jhanjharpur,North,India,2013-06-15,2013-06-17,-243.5097,2,759.6
High,0.06,2.21,1.0,Regular Air,Personel Usage,Processed Meat,Foie Gras,Wrap Bag,Bihar,Jhanjharpur,North,India,2013-06-15,2013-06-17,10.029900000000001,72,161.55
Critical,0.05,0.99,2.96,Regular Air,Personel Usage,Canned Foods,Assorted Fruits,Small Pack,Gujarat,Bardoli,West,India,2013-06-18,2013-06-19,-361.30752,6,7.11
High,0.05,22.38,15.1,Regular Air,Restaurant Chain,Processed Meat,Bacon,Small Box,Madhya Pradesh,Rewa,West,India,2013-06-19,2013-06-21,-56.212,27,631.14
Medium,0.1,60.98,30.0,Delivery Truck,Restaurant Chain,Preserved Food,Sundried Tomatoes,Jumbo Drum,Madhya Pradesh,Rewa,West,India,2013-06-19,2013-06-20,-626.08,45,2514.69
High,0.02,2.88,0.7,Regular Air,Restaurant Chain,Processed Meat,Foie Gras,Wrap Bag,Madhya Pradesh,Rewa,West,India,2013-06-19,2013-06-21,28.89,72,218.49
High,0.05,22.38,15.1,Regular Air,Restaurant Chain,Processed Meat,Bacon,Small Box,Chhattisgarh,Raigarh,North,India,2013-06-19,2013-06-21,-44.9696,7,163.63
Medium,0.1,60.98,30.0,Delivery Truck,Restaurant Chain,Preserved Food,Sundried Tomatoes,Jumbo Drum,Chhattisgarh,Raigarh,North,India,2013-06-19,2013-06-20,-500.86400000000003,11,614.7
High,0.02,2.88,0.7,Regular Air,Restaurant Chain,Processed Meat,Foie Gras,Wrap Bag,Chhattisgarh,Raigarh,North,India,2013-06-19,2013-06-21,34.668,18,54.62
Medium,0.03,13.99,7.51,Regular Air,Personel Usage,Canned Foods,Sliced Pineapple,Medium Box,Bihar,Madhubani,North,India,2013-06-20,2013-06-22,-30.067200000000003,2,30.19
High,0.01,37.74,2.9,Regular Air,Personel Usage,Processed Meat,Foie Gras,Small Pack,Bihar,Madhubani,North,India,2013-06-20,2013-06-21,429.7458,16,622.82
Medium,0.01,227.55,32.48,Delivery Truck,Personel Usage,Preserved Food,Jams,Jumbo Box,Bihar,Madhubani,North,India,2013-06-20,2013-06-23,2204.172,18,4229.32
High,0.08,5.78,4.96,Regular Air,Personel Usage,Processed Meat,Smoked Salmon,Small Box,Madhya Pradesh,Damoh,West,India,2013-06-22,2013-06-23,-57.160000000000004,18,104.28
High,0.04,65.99,4.99,Regular Air,Hotels / Hospitals,Canned Foods,Quail Eggs,Small Box,Haryana,Ambala,North,India,2013-06-23,2013-06-24,712.68,8,430.78
Critical,0.04,36.65,22.6,Regular Air,Stand Alone Restaurants,Preserved Food,Marmalade,Large Box,Punjab,Sangrur,West,India,2013-06-24,2013-06-26,-366.664,18,641.97
High,0.05,4.28,6.18,Express Air,Hotels / Hospitals,Processed Meat,Smoked Salmon,Small Box,Madhya Pradesh,Rewa,West,India,2013-06-25,2013-06-27,-22.56,12,73.71
High,0.03,15.16,15.09,Regular Air,Restaurant Chain,Processed Meat,Bacon,Small Box,Maharashtra,Latur,West,India,2013-06-27,2013-06-28,219.97799999999998,6,94.44
High,0.05,223.98,15.01,Express Air,Restaurant Chain,Processed Meat,Bacon,Small Box,Jharkhand,Godda,North,India,2013-06-28,2013-06-30,-18.032000000000004,12,2584.53
Medium,0.05,122.99,70.2,Delivery Truck,Restaurant Chain,Preserved Food,Sundried Tomatoes,Jumbo Drum,Bihar,Purnia,North,India,2013-06-28,2013-06-29,-93.43599999999999,13,1636.9
Not Specified,0.08,205.99,5.0,Regular Air,Hotels / Hospitals,Canned Foods,Quail Eggs,Small Box,West Bengal,Jhargram,East,India,2013-06-29,2013-06-30,2021.7827999999997,17,2930.12
High,0.03,83.93,19.99,Regular Air,Personel Usage,Processed Meat,Caviar,Small Box,Bihar,Munger,North,India,2013-06-29,2013-06-30,838.8467999999999,14,1215.72
High,0.06,22.84,5.47,Regular Air,Personel Usage,Processed Meat,Smoked Salmon,Small Box,Bihar,Munger,North,India,2013-06-29,2013-06-30,72.432,5,112.67
High,0.03,2.61,0.5,Regular Air,Hotels / Hospitals,Processed Meat,Oysters (Clam),Small Box,Orissa,Sambalpur,East,India,2013-06-30,2013-06-30,17.130900000000004,17,44.52
Not Specified,0.0001,179.29,29.21,Delivery Truck,Restaurant Chain,Preserved Food,Jams,Jumbo Box,Rajasthan,Jodhpur,West,India,2013-07-01,2013-07-03,-2209.5640000000003,16,2440.91
Medium,0.09,60.98,30.0,Delivery Truck,Personel Usage,Preserved Food,Sundried Tomatoes,Jumbo Drum,Uttar Pradesh,Ghosi,North,India,2013-07-02,2013-07-03,25.704,4,240.63
High,0.04,165.2,19.99,Express Air,Stand Alone Restaurants,Processed Meat,Fresh Water Eel,Small Box,Tamil Nadu,Thanjavur,South,India,2013-07-04,2013-07-06,1497.3345,13,2170.05
Not Specified,0.09,8.75,8.54,Regular Air,Personel Usage,Preserved Food,Marmalade,Small Pack,Madhya Pradesh,Shahdol,West,India,2013-07-06,2013-07-07,-120.04656,14,120.04
Critical,0.07,115.99,5.92,Regular Air,Restaurant Chain,Canned Foods,Quail Eggs,Small Box,Madhya Pradesh,Satna,West,India,2013-07-07,2013-07-07,1024.9122,15,1485.38
High,0.08,200.97,15.59,Delivery Truck,Restaurant Chain,Canned Foods,Sliced Pineapple,Jumbo Drum,Uttar Pradesh,Robertsganj,North,India,2013-07-08,2013-07-10,1067.6025,10,1547.25
High,0.04,4.48,49.0,Regular Air,Restaurant Chain,Processed Meat,Jelly Fish,Large Box,Uttar Pradesh,Saharanpur,North,India,2013-07-08,2013-07-10,-1637.71488,14,79.01
High,0.0001,22.84,11.54,Regular Air,Restaurant Chain,Processed Meat,Smoked Salmon,Small Box,Uttar Pradesh,Saharanpur,North,India,2013-07-08,2013-07-09,187.81056,17,423.35
High,0.04,225.02,28.66,Delivery Truck,Restaurant Chain,Processed Meat,Fresh Water Eel,Jumbo Drum,Uttar Pradesh,Saharanpur,North,India,2013-07-08,2013-07-10,603.3503999999999,9,2050.93
High,0.02,30.98,5.09,Regular Air,Hotels / Hospitals,Processed Meat,Smoked Salmon,Small Box,Bihar,Siwan,North,India,2013-07-08,2013-07-10,2418.9719999999998,2,67.28
High,0.0001,320.98,58.95,Delivery Truck,Personel Usage,Preserved Food,Sundried Tomatoes,Jumbo Drum,Uttar Pradesh,Ghaziabad,North,India,2013-07-09,2013-07-11,2245.24,38,13255.99
High,0.02,4.76,0.88,Regular Air,Personel Usage,Processed Meat,Smoked Salmon,Wrap Bag,Uttar Pradesh,Ghaziabad,North,India,2013-07-09,2013-07-10,-1.82,1,5.68
High,0.08,4.28,0.94,Regular Air,Personel Usage,Processed Meat,Foie Gras,Wrap Bag,Uttar Pradesh,Ghaziabad,North,India,2013-07-09,2013-07-09,25.88,59,245.26
High,0.1,125.99,3.0,Regular Air,Personel Usage,Canned Foods,Quail Eggs,Small Box,Uttar Pradesh,Ghaziabad,North,India,2013-07-09,2013-07-10,-161.117,18,1752.23
High,0.04,21.98,8.32,Regular Air,Personel Usage,Processed Meat,Smoked Salmon,Wrap Bag,Madhya Pradesh,Rewa,West,India,2013-07-09,2013-07-10,40.11,25,539.07
High,0.04,3.81,5.44,Regular Air,Hotels / Hospitals,Processed Meat,Bacon,Small Box,Punjab,Hoshiarpur,West,India,2013-07-09,2013-07-11,-341.044704,2,9.64
Critical,0.06,179.99,13.99,Express Air,Stand Alone Restaurants,Canned Foods,Quail Eggs,Medium Box,Himachal Pradesh,Shimla,North,India,2013-07-09,2013-07-11,-23.407999999999998,16,2469.01
High,0.09,5.78,4.96,Regular Air,Stand Alone Restaurants,Processed Meat,Smoked Salmon,Small Box,Gujarat,Surendranagar,West,India,2013-07-09,2013-07-12,-61.04016000000001,13,71.54
High,0.05,16.91,6.25,Express Air,Hotels / Hospitals,Processed Meat,Fresh Water Eel,Small Box,Kerala,Trivandrum,South,India,2013-07-10,2013-07-12,-204.918,17,291.95
High,0.0001,60.98,19.99,Regular Air,Stand Alone Restaurants,Processed Meat,Caviar,Small Box,Madhya Pradesh,Balaghat,West,India,2013-07-11,2013-07-12,142.4844,2,138.49
High,0.09,6.68,1.5,Regular Air,Stand Alone Restaurants,Processed Meat,Foie Gras,Wrap Bag,Uttar Pradesh,Jalaun,North,India,2013-07-12,2013-07-14,170.274,2,13.36
Not Specified,0.0001,205.99,8.99,Regular Air,Stand Alone Restaurants,Canned Foods,Quail Eggs,Small Box,Andhra Pradesh,Eluru,South,India,2013-07-13,2013-07-15,1280.6192999999998,10,1855.97
High,0.06,19.84,4.1,Regular Air,Hotels / Hospitals,Processed Meat,Foie Gras,Wrap Bag,West Bengal,Howrah,East,India,2013-07-15,2013-07-17,207.858,8,155.16
High,0.02,3.29,1.35,Regular Air,Stand Alone Restaurants,Processed Meat,Tuna,Wrap Bag,Madhya Pradesh,Mandsaur,West,India,2013-07-15,2013-07-17,-100.8826,18,62.0
High,0.01,2.78,1.34,Regular Air,Stand Alone Restaurants,Processed Meat,Foie Gras,Wrap Bag,Telangana,Nizamabad,South,India,2013-07-16,2013-07-16,0.8268800000000007,8,22.93
High,0.06,15.42,10.68,Regular Air,Stand Alone Restaurants,Processed Meat,Fresh Water Eel,Small Box,Telangana,Nizamabad,South,India,2013-07-16,2013-07-17,-33.38832,1,18.18
High,0.1,24.92,12.98,Regular Air,Hotels / Hospitals,Processed Meat,Bacon,Small Box,West Bengal,Medinipur,East,India,2013-07-16,2013-07-17,-40.361999999999995,9,212.23
Low,0.09,306.14,26.53,Delivery Truck,Personel Usage,Canned Foods,Sliced Pineapple,Jumbo Drum,Andhra Pradesh,Vizianagaram,South,India,2013-07-16,2013-07-18,-177.24,11,3196.77
High,0.05,4.98,5.49,Regular Air,Personel Usage,Processed Meat,Smoked Salmon,Small Box,Andhra Pradesh,Vizianagaram,South,India,2013-07-16,2013-07-25,-8.288,9,47.04
High,0.0001,16.74,5.08,Regular Air,Hotels / Hospitals,Processed Meat,Bacon,Small Box,Gujarat,Surat,West,India,2013-07-17,2013-07-18,24.312,16,274.93
High,0.0001,59.78,10.29,Regular Air,Hotels / Hospitals,Processed Meat,Bacon,Small Box,Gujarat,Surat,West,India,2013-07-17,2013-07-19,39.882,4,252.43
High,0.03,11.66,7.95,Express Air,Personel Usage,Processed Meat,Foie Gras,Small Pack,Kerala,Kannur,South,India,2013-07-17,2013-07-19,-19.2878,16,189.79
High,0.08,3.14,1.92,Regular Air,Stand Alone Restaurants,Processed Meat,Pacific Squid,Wrap Bag,Gujarat,Patan,West,India,2013-07-18,2013-07-20,-48.11712,12,37.79
High,0.01,4.98,4.95,Regular Air,Restaurant Chain,Processed Meat,Bacon,Small Box,Uttar Pradesh,Ghaziabad,North,India,2013-07-20,2013-07-20,-54.0845,36,193.21
Not Specified,0.08,7.59,4.0,Regular Air,Restaurant Chain,Preserved Food,Marmalade,Wrap Bag,Uttar Pradesh,Ghaziabad,North,India,2013-07-20,2013-07-22,13.44,39,277.9
High,0.04,2.18,0.78,Regular Air,Restaurant Chain,Processed Meat,Tuna,Wrap Bag,Uttar Pradesh,Ghaziabad,North,India,2013-07-20,2013-07-21,6.67,55,120.8
High,0.01,4.13,0.5,Regular Air,Stand Alone Restaurants,Processed Meat,Oysters (Clam),Small Box,Uttar Pradesh,Banda,North,India,2013-07-20,2013-07-27,21.452099999999998,7,31.09
Low,0.04,209.84,21.21,Regular Air,Stand Alone Restaurants,Preserved Food,Marmalade,Large Box,Uttar Pradesh,Banda,North,India,2013-07-20,2013-07-29,600.231,4,869.9
Not Specified,0.04,270.98,50.0,Delivery Truck,Restaurant Chain,Preserved Food,Sundried Tomatoes,Jumbo Drum,West Bengal,Asansol,East,India,2013-07-21,2013-07-22,-414.7776,1,280.45
Medium,0.02,55.5,52.2,Regular Air,Stand Alone Restaurants,Preserved Food,Marmalade,Medium Box,Chhattisgarh,Durg,North,India,2013-07-21,2013-07-22,-165.86544,4,251.49
High,0.01,15.51,5.8,Express Air,Stand Alone Restaurants,Processed Meat,Fresh Water Eel,Small Box,Chhattisgarh,Durg,North,India,2013-07-21,2013-07-22,7.9967999999999995,8,134.19
Not Specified,0.03,80.97,30.06,Delivery Truck,Hotels / Hospitals,Canned Foods,Sliced Pineapple,Jumbo Box,Andhra Pradesh,Kadapa,South,India,2013-07-21,2013-07-23,469.9616,15,1200.38
High,0.05,5.28,5.66,Regular Air,Hotels / Hospitals,Processed Meat,Smoked Salmon,Small Box,Andhra Pradesh,Kadapa,South,India,2013-07-21,2013-07-22,-87.81648000000001,13,71.71
High,0.0001,15.01,8.4,Express Air,Stand Alone Restaurants,Processed Meat,Bacon,Small Box,Uttar Pradesh,Ghaziabad,North,India,2013-07-22,2013-07-23,-8.590499999999999,14,231.13
High,0.06,11.97,4.98,Regular Air,Restaurant Chain,Processed Meat,Jelly Fish,Small Box,Bihar,Samastipur,North,India,2013-07-22,2013-07-24,8.466,15,172.16
High,0.02,15.04,1.97,Regular Air,Personel Usage,Processed Meat,Smoked Salmon,Wrap Bag,Andhra Pradesh,Kakinada,South,India,2013-07-22,2013-07-27,41.334,11,169.31
Critical,0.09,13.99,7.51,Regular Air,Personel Usage,Canned Foods,Sliced Pineapple,Medium Box,Madhya Pradesh,Rewa,West,India,2013-07-23,2013-07-24,-37.9407,46,613.65
Critical,0.07,23.99,15.68,Delivery Truck,Personel Usage,Preserved Food,Marmalade,Jumbo Drum,Tamil Nadu,Dharmapuri,South,India,2013-07-23,2013-07-24,-115.68199999999999,7,163.23
Not Specified,0.08,65.99,8.99,Regular Air,Hotels / Hospitals,Canned Foods,Quail Eggs,Small Box,Jharkhand,Godda,North,India,2013-07-25,2013-07-27,136.554,11,615.77
Critical,0.1,200.97,15.59,Delivery Truck,Restaurant Chain,Canned Foods,Sliced Pineapple,Jumbo Drum,Jharkhand,Godda,North,India,2013-07-27,2013-07-27,1225.5479999999998,11,2009.5
Low,0.02,105.34,24.49,Express Air,Personel Usage,Preserved Food,Marmalade,Large Box,Telangana,Mahbubnagar,South,India,2013-07-27,2013-08-05,-2549.176,4,439.45
Low,0.08,39.89,3.04,Regular Air,Personel Usage,Preserved Food,Marmalade,Wrap Bag,Uttar Pradesh,Ghaziabad,North,India,2013-07-27,2013-08-01,391.22999999999996,15,567.0
High,0.03,4.91,0.5,Regular Air,Restaurant Chain,Processed Meat,Oysters (Clam),Small Box,Uttar Pradesh,Chandauli,North,India,2013-07-27,2013-07-29,1.4144,1,5.05
Low,0.08,70.71,37.58,Regular Air,Hotels / Hospitals,Preserved Food,Marmalade,Wrap Bag,Gujarat,Surendranagar,West,India,2013-07-28,2013-07-28,-751.8801599999999,14,951.56
High,0.05,15.67,1.39,Regular Air,Hotels / Hospitals,Processed Meat,Caviar,Small Box,Andhra Pradesh,Vizianagaram,South,India,2013-07-29,2013-07-31,5.507999999999999,2,30.96
High,0.09,5.98,5.14,Regular Air,Hotels / Hospitals,Processed Meat,Smoked Salmon,Small Box,Andhra Pradesh,Vizianagaram,South,India,2013-07-29,2013-07-30,10.62,7,41.51
Medium,0.02,6.6,4.07,Regular Air,Restaurant Chain,Canned Foods,Assorted Fruits,Small Pack,Jharkhand,Rajmahal,North,India,2013-07-29,2013-07-31,30.113999999999997,14,95.6
Medium,0.02,155.99,8.08,Express Air,Restaurant Chain,Canned Foods,Quail Eggs,Small Box,Jharkhand,Rajmahal,North,India,2013-07-29,2013-07-31,72.006,8,1127.31
Critical,0.08,6.28,5.29,Regular Air,Hotels / Hospitals,Preserved Food,Marmalade,Small Box,Punjab,Patiala,West,India,2013-07-29,2013-07-30,4.5300000000000065,14,89.26
High,0.06,20.98,53.03,Delivery Truck,Hotels / Hospitals,Processed Meat,Fresh Water Eel,Jumbo Drum,Haryana,Faridabad,North,India,2013-07-29,2013-07-31,-189.14280000000002,1,37.6
Not Specified,0.06,150.98,39.25,Delivery Truck,Hotels / Hospitals,Preserved Food,Jams,Jumbo Box,Madhya Pradesh,Rewa,West,India,2013-07-31,2013-08-01,25.20675,1,148.34
Critical,0.02,2.12,1.99,Regular Air,Personel Usage,Canned Foods,Assorted Fruits,Small Pack,Punjab,Jalandhar,West,India,2013-07-31,2013-08-03,-29.21136,10,23.15
High,0.08,11.34,11.25,Regular Air,Personel Usage,Processed Meat,Smoked Salmon,Small Box,Punjab,Jalandhar,West,India,2013-07-31,2013-08-02,-33.80784,2,25.87
High,0.04,48.91,5.81,Express Air,Personel Usage,Processed Meat,Smoked Salmon,Small Box,Punjab,Jalandhar,West,India,2013-07-31,2013-08-01,199.98269999999997,6,289.83
High,0.03,24.92,12.98,Regular Air,Personel Usage,Processed Meat,Bacon,Small Box,West Bengal,Murshidabad,East,India,2013-07-31,2013-08-04,-22.056264,2,56.92
High,0.03,10.98,3.37,Regular Air,Personel Usage,Processed Meat,Pacific Squid,Small Pack,West Bengal,Murshidabad,East,India,2013-07-31,2013-08-04,55.67296,15,170.55
Not Specified,0.06,3502.14,8.73,Delivery Truck,Stand Alone Restaurants,Canned Foods,Sliced Pineapple,Jumbo Box,West Bengal,Barasat,East,India,2013-08-01,2013-08-03,-1808.821524,3,10567.36
Not Specified,0.01,4.95,5.32,Regular Air,Restaurant Chain,Preserved Food,Marmalade,Small Box,Maharashtra,Osmanabad,West,India,2013-08-01,2013-08-02,28.59,17,90.14
High,0.0001,14.98,7.69,Regular Air,Restaurant Chain,Processed Meat,Fresh Water Eel,Small Box,Maharashtra,Osmanabad,West,India,2013-08-01,2013-08-02,-60.928000000000004,20,321.52
Low,0.07,100.98,35.84,Delivery Truck,Stand Alone Restaurants,Preserved Food,Pickle,Jumbo Box,Uttar Pradesh,Baghpat,North,India,2013-08-02,2013-08-07,-83.55344000000001,9,888.48
Low,0.01,70.98,26.74,Delivery Truck,Stand Alone Restaurants,Preserved Food,Pickle,Jumbo Box,Uttar Pradesh,Baghpat,North,India,2013-08-02,2013-08-07,162.50135999999998,25,1858.23
Low,0.05,182.55,69.0,Regular Air,Stand Alone Restaurants,Preserved Food,Jams,Large Box,Uttar Pradesh,Baghpat,North,India,2013-08-02,2013-08-04,-249.98192000000006,8,1491.25
High,0.01,46.89,5.1,Regular Air,Hotels / Hospitals,Processed Meat,Jelly Fish,Medium Box,Bihar,Araria,North,India,2013-08-02,2013-08-04,193.94519999999997,6,281.08
High,0.08,3.98,5.26,Regular Air,Hotels / Hospitals,Processed Meat,Bacon,Small Box,Maharashtra,Thane,West,India,2013-08-03,2013-08-04,-42.35,3,13.95
High,0.1,6.48,6.22,Regular Air,Stand Alone Restaurants,Processed Meat,Smoked Salmon,Small Box,Chhattisgarh,Raipur,North,India,2013-08-04,2013-08-06,-6.987520000000002,2,15.48
Critical,0.06,35.99,1.25,Regular Air,Stand Alone Restaurants,Canned Foods,Quail Eggs,Small Pack,Chhattisgarh,Raipur,North,India,2013-08-04,2013-08-06,500.00849999999997,24,724.65
High,0.01,3.95,2.0,Regular Air,Hotels / Hospitals,Processed Meat,Tuna,Wrap Bag,Telangana,Adilabad,South,India,2013-08-04,2013-08-05,-20.253800000000002,12,47.97
High,0.06,64.98,6.88,Regular Air,Hotels / Hospitals,Processed Meat,Fresh Water Eel,Small Box,Telangana,Adilabad,South,India,2013-08-04,2013-08-06,20.91,3,188.52
Critical,0.02,10.64,5.16,Regular Air,Stand Alone Restaurants,Preserved Food,Marmalade,Small Box,Punjab,Sangrur,West,India,2013-08-04,2013-08-05,-16.578400000000002,20,215.36
High,0.03,535.64,14.7,Delivery Truck,Stand Alone Restaurants,Canned Foods,Sliced Pineapple,Jumbo Drum,Tamil Nadu,Krishnagiri,South,India,2013-08-07,2013-08-08,8202.5682,22,11887.78
High,0.06,1.98,0.7,Regular Air,Personel Usage,Processed Meat,Tuna,Wrap Bag,Maharashtra,Kalyan,West,India,2013-08-07,2013-08-07,-5.87664,11,20.83
High,0.09,9.71,9.45,Regular Air,Hotels / Hospitals,Processed Meat,Fresh Water Eel,Small Box,Andhra Pradesh,Vizianagaram,South,India,2013-08-08,2013-08-08,6.3342,1,13.92
Critical,0.09,400.97,48.26,Delivery Truck,Hotels / Hospitals,Canned Foods,Sliced Pineapple,Jumbo Box,Tamil Nadu,Krishnagiri,South,India,2013-08-09,2013-08-10,3793.1852999999996,15,5497.37
High,0.05,11.66,7.95,Regular Air,Hotels / Hospitals,Processed Meat,Foie Gras,Small Pack,Uttar Pradesh,Ghaziabad,North,India,2013-08-10,2013-08-11,-162.24,92,1075.74
High,0.03,8.6,6.19,Regular Air,Stand Alone Restaurants,Processed Meat,Bacon,Small Box,Uttar Pradesh,Machhlishahr,North,India,2013-08-10,2013-08-12,18.912,1,11.77
High,0.08,165.2,19.99,Regular Air,Stand Alone Restaurants,Processed Meat,Fresh Water Eel,Small Box,Uttar Pradesh,Machhlishahr,North,India,2013-08-10,2013-08-11,8004.156,5,769.92
High,0.06,6.48,6.22,Regular Air,Restaurant Chain,Processed Meat,Smoked Salmon,Small Box,Bihar,Hajipur,North,India,2013-08-10,2013-08-14,-14.640720000000002,6,39.94
High,0.02,11.97,5.81,Regular Air,Stand Alone Restaurants,Processed Meat,Foie Gras,Small Pack,Bihar,Jhanjharpur,North,India,2013-08-12,2013-08-12,-81.9413,76,912.06
Low,0.03,159.31,60.0,Delivery Truck,Stand Alone Restaurants,Preserved Food,Jams,Jumbo Drum,Bihar,Jhanjharpur,North,India,2013-08-12,2013-08-16,11.034899999999999,34,5689.28
Medium,0.1,4.77,2.39,Regular Air,Hotels / Hospitals,Canned Foods,Assorted Fruits,Small Pack,Uttar Pradesh,Misrikh,North,India,2013-08-12,2013-08-13,-12.91928,5,22.79
High,0.07,40.99,19.99,Regular Air,Hotels / Hospitals,Processed Meat,Smoked Salmon,Small Box,Uttar Pradesh,Basti,North,India,2013-08-12,2013-08-14,6.48,25,1020.2
High,0.07,4.24,5.41,Express Air,Hotels / Hospitals,Processed Meat,Bacon,Small Box,Uttar Pradesh,Varanasi,North,India,2013-08-12,2013-08-12,-6.090124000000001,4,25.29
Medium,0.0001,12.58,5.16,Regular Air,Hotels / Hospitals,Preserved Food,Marmalade,Small Box,Maharashtra,Aurangabad,West,India,2013-08-12,2013-08-12,222.48391999999996,25,323.42
High,0.0001,4.13,0.99,Regular Air,Hotels / Hospitals,Processed Meat,Oysters (Clam),Small Box,Telangana,Nalgonda,South,India,2013-08-12,2013-08-17,32.574,18,80.78
High,0.08,3.89,7.01,Regular Air,Hotels / Hospitals,Processed Meat,Bacon,Small Box,Haryana,Rohtak,North,India,2013-08-13,2013-08-13,-111.835936,25,96.56
High,0.04,85.99,0.99,Regular Air,Stand Alone Restaurants,Canned Foods,Quail Eggs,Wrap Bag,Uttar Pradesh,Ghaziabad,North,India,2013-08-14,2013-08-16,897.867,76,5546.06
High,0.04,3.36,6.27,Regular Air,Stand Alone Restaurants,Processed Meat,Bacon,Small Box,Uttar Pradesh,Banda,North,India,2013-08-14,2013-08-16,-10.839348000000001,3,13.54
Critical,0.04,70.98,26.85,Delivery Truck,Hotels / Hospitals,Preserved Food,Pickle,Jumbo Box,Orissa,Koraput,East,India,2013-08-14,2013-08-16,377.02648,23,1706.04
High,0.03,40.99,17.48,Regular Air,Hotels / Hospitals,Processed Meat,Smoked Salmon,Small Box,Orissa,Koraput,East,India,2013-08-14,2013-08-15,363.06312,16,677.0
High,0.02,24.95,2.99,Regular Air,Stand Alone Restaurants,Processed Meat,Bacon,Small Box,Andhra Pradesh,Amalapuram,South,India,2013-08-14,2013-08-16,-106.554,5,133.53
High,0.09,4.0,1.3,Regular Air,Stand Alone Restaurants,Processed Meat,Smoked Salmon,Wrap Bag,Andhra Pradesh,Amalapuram,South,India,2013-08-14,2013-08-15,-680.568,11,41.49
High,0.06,41.71,4.5,Regular Air,Personel Usage,Processed Meat,Jelly Fish,Small Box,Bihar,Khagaria,North,India,2013-08-14,2013-08-14,200.1189,14,567.62
High,0.08,178.47,19.99,Regular Air,Restaurant Chain,Processed Meat,Fresh Water Eel,Small Box,Maharashtra,Aurangabad,West,India,2013-08-15,2013-08-16,1825.2500999999997,15,2645.29
High,0.02,3.28,5.0,Regular Air,Restaurant Chain,Processed Meat,Foie Gras,Wrap Bag,Uttar Pradesh,Ghaziabad,North,India,2013-08-16,2013-08-18,-89.06,52,190.52
High,0.1,6.48,5.74,Regular Air,Stand Alone Restaurants,Processed Meat,Smoked Salmon,Small Box,Uttar Pradesh,Jalaun,North,India,2013-08-16,2013-08-18,-146.944,10,65.86
Critical,0.05,65.99,5.99,Regular Air,Stand Alone Restaurants,Canned Foods,Quail Eggs,Small Box,Telangana,Nizamabad,South,India,2013-08-16,2013-08-18,202.97303999999997,12,661.28
Critical,0.05,70.98,30.0,Delivery Truck,Hotels / Hospitals,Preserved Food,Sundried Tomatoes,Jumbo Drum,Haryana,Karnal,North,India,2013-08-16,2013-08-18,-162.15032000000002,9,640.97
High,0.05,4.98,4.7,Regular Air,Hotels / Hospitals,Processed Meat,Smoked Salmon,Small Box,Haryana,Karnal,North,India,2013-08-16,2013-08-18,-14.992640000000002,9,46.63
High,0.1,15.14,4.53,Express Air,Hotels / Hospitals,Processed Meat,Fresh Water Eel,Small Box,Chhattisgarh,Rajnandgaon,North,India,2013-08-17,2013-08-19,46.47,20,280.21
High,0.03,4.71,0.7,Regular Air,Restaurant Chain,Processed Meat,Tuna,Wrap Bag,Bihar,Sheohar,North,India,2013-08-17,2013-08-24,14.01064,24,116.58
Low,0.09,7.99,5.03,Express Air,Personel Usage,Canned Foods,Quail Eggs,Medium Box,Bihar,Jhanjharpur,North,India,2013-08-18,2013-08-25,-111.90486999999999,48,338.71
High,0.07,22.38,15.1,Regular Air,Stand Alone Restaurants,Processed Meat,Bacon,Small Box,Uttar Pradesh,Shahjahanpur,North,India,2013-08-18,2013-08-20,-57.283248000000015,17,364.92
Medium,0.03,29.99,5.5,Express Air,Stand Alone Restaurants,Canned Foods,Assorted Fruits,Small Box,Uttar Pradesh,Shahjahanpur,North,India,2013-08-18,2013-08-19,338.22536,18,541.6
High,0.07,55.98,13.88,Regular Air,Restaurant Chain,Processed Meat,Smoked Salmon,Small Box,Jharkhand,Godda,North,India,2013-08-18,2013-08-23,-338.282,1,62.13
High,0.08,89.83,35.0,Regular Air,Personel Usage,Processed Meat,Fresh Water Eel,Large Box,Tamil Nadu,Ramanathapuram,South,India,2013-08-18,2013-08-20,-437.6231200000001,21,1874.5
High,0.05,6.48,7.37,Express Air,Hotels / Hospitals,Processed Meat,Smoked Salmon,Small Box,Gujarat,Surendranagar,West,India,2013-08-18,2013-08-19,-20.212080000000004,7,51.02
High,0.07,39.98,9.2,Regular Air,Personel Usage,Preserved Food,Marmalade,Wrap Bag,Madhya Pradesh,Rewa,West,India,2013-08-19,2013-08-20,215.11,92,3507.5
Low,0.03,179.29,29.21,Delivery Truck,Personel Usage,Preserved Food,Jams,Jumbo Box,Andhra Pradesh,Vijayawada,South,India,2013-08-19,2013-08-24,144.31431999999998,18,3145.43
High,0.04,6.84,8.37,Regular Air,Personel Usage,Processed Meat,Pacific Squid,Small Pack,Tamil Nadu,Sivaganga,South,India,2013-08-19,2013-08-20,-117.25296000000003,24,161.87
Not Specified,0.07,125.99,7.69,Regular Air,Personel Usage,Canned Foods,Quail Eggs,Small Box,Tamil Nadu,Sivaganga,South,India,2013-08-19,2013-08-20,139.258512,10,995.95
High,0.09,7.31,0.49,Regular Air,Stand Alone Restaurants,Processed Meat,Oysters (Clam),Small Box,Gujarat,Patan,West,India,2013-08-19,2013-08-19,-1.2168800000000002,2,14.37
High,0.03,7.28,1.77,Regular Air,Stand Alone Restaurants,Processed Meat,Smoked Salmon,Wrap Bag,Gujarat,Patan,West,India,2013-08-19,2013-08-21,91.8252,18,133.08
High,0.08,42.76,6.22,Regular Air,Personel Usage,Processed Meat,Fresh Water Eel,Small Box,Uttar Pradesh,Muzaffarnagar,North,India,2013-08-20,2013-08-21,449.41216000000003,21,845.76
High,0.04,9.78,5.76,Regular Air,Personel Usage,Processed Meat,Caviar,Small Box,Uttar Pradesh,Saharanpur,North,India,2013-08-20,2013-08-23,-2.8959200000000003,6,61.47
Critical,0.0001,9.48,7.29,Regular Air,Personel Usage,Preserved Food,Marmalade,Small Pack,Uttar Pradesh,Saharanpur,North,India,2013-08-20,2013-08-21,-7.343680000000001,2,23.93
Critical,0.05,110.99,8.99,Regular Air,Personel Usage,Canned Foods,Quail Eggs,Small Box,Uttar Pradesh,Saharanpur,North,India,2013-08-20,2013-08-22,1236.3625439999998,20,1850.18
High,0.09,140.98,53.48,Delivery Truck,Hotels / Hospitals,Preserved Food,Pickle,Jumbo Box,Madhya Pradesh,Guna,West,India,2013-08-20,2013-08-21,-115.01424,2,297.37
High,0.0001,1.14,0.7,Regular Air,Stand Alone Restaurants,Processed Meat,Tuna,Wrap Bag,Uttar Pradesh,Shahjahanpur,North,India,2013-08-21,2013-08-21,-0.37736000000000003,4,5.23
High,0.01,48.91,35.0,Regular Air,Stand Alone Restaurants,Processed Meat,Fresh Water Eel,Large Box,Jharkhand,Ranchi,North,India,2013-08-21,2013-08-23,-477.94128,22,1136.43
Low,0.08,31.76,45.51,Delivery Truck,Hotels / Hospitals,Preserved Food,Jams,Jumbo Box,Chhattisgarh,Mahasamund,North,India,2013-08-21,2013-08-28,-466.17104000000006,16,491.0
High,0.03,6.48,7.49,Regular Air,Hotels / Hospitals,Processed Meat,Smoked Salmon,Small Box,Chhattisgarh,Mahasamund,North,India,2013-08-22,2013-08-24,-65.6988,22,144.88
High,0.05,376.13,85.63,Delivery Truck,Restaurant Chain,Preserved Food,Jams,Jumbo Box,Tamil Nadu,Arani,South,India,2013-08-24,2013-08-26,654.2586,2,807.49
Critical,0.06,205.99,5.26,Regular Air,Hotels / Hospitals,Canned Foods,Quail Eggs,Small Box,Rajasthan,Bhilwara,West,India,2013-08-26,2013-08-28,-2469.2467800000004,11,1900.97
High,0.05,55.99,5.0,Regular Air,Hotels / Hospitals,Canned Foods,Quail Eggs,Small Pack,Uttar Pradesh,Aligarh,North,India,2013-08-26,2013-08-28,-218.97609999999997,23,1062.84
High,0.08,110.98,35.0,Regular Air,Hotels / Hospitals,Processed Meat,Fresh Water Eel,Large Box,Karnataka,Tumkur,South,India,2013-08-26,2013-08-28,-154.89568000000003,5,550.37
Medium,0.06,155.99,8.99,Regular Air,Hotels / Hospitals,Canned Foods,Quail Eggs,Small Box,Assam,Kokrajhar,East,India,2013-08-27,2013-08-29,97.96888799999999,7,924.8
Not Specified,0.05,9.65,6.22,Regular Air,Hotels / Hospitals,Preserved Food,Marmalade,Small Box,Madhya Pradesh,Rewa,West,India,2013-08-28,2013-08-29,-28.16,66,665.9
Medium,0.07,218.75,69.64,Delivery Truck,Restaurant Chain,Preserved Food,Jams,Jumbo Box,West Bengal,Asansol,East,India,2013-08-28,2013-08-30,-293.11544000000004,10,1705.65
Medium,0.08,209.37,69.0,Regular Air,Restaurant Chain,Preserved Food,Jams,Large Box,West Bengal,Asansol,East,India,2013-08-28,2013-08-30,-687.4651200000001,25,4111.71
High,0.04,22.98,1.99,Regular Air,Hotels / Hospitals,Canned Foods,Assorted Fruits,Small Pack,Rajasthan,Churu,West,India,2013-08-28,2013-08-30,116.9392,8,183.55
High,0.02,5.68,1.39,Regular Air,Hotels / Hospitals,Processed Meat,Caviar,Small Box,Rajasthan,Churu,West,India,2013-08-28,2013-08-30,50.2803,12,72.87
High,0.01,19.98,5.86,Regular Air,Restaurant Chain,Processed Meat,Smoked Salmon,Small Box,Madhya Pradesh,Dhar,West,India,2013-08-28,2013-08-30,-2299.71,23,489.72
High,0.09,6.48,8.19,Express Air,Stand Alone Restaurants,Processed Meat,Smoked Salmon,Small Box,Uttar Pradesh,Jalaun,North,India,2013-08-29,2013-09-01,2.527200000000003,8,56.59
Low,0.05,30.73,4.0,Regular Air,Restaurant Chain,Canned Foods,Assorted Fruits,Small Box,Uttar Pradesh,Amroha,North,India,2013-08-29,2013-09-07,-42.13712,6,189.42
High,0.09,54.96,10.75,Regular Air,Hotels / Hospitals,Processed Meat,Smoked Salmon,Small Box,Tamil Nadu,Namakkal,South,India,2013-08-30,2013-08-31,511.1381999999999,14,740.78
High,0.02,4.13,1.17,Regular Air,Restaurant Chain,Processed Meat,Foie Gras,Wrap Bag,Jharkhand,Jamshedpur,North,India,2013-08-30,2013-09-01,34.561679999999996,23,96.48
High,0.03,5.28,8.16,Regular Air,Stand Alone Restaurants,Processed Meat,Smoked Salmon,Small Box,Uttar Pradesh,Mainpuri,North,India,2013-08-30,2013-08-31,-326.1874,23,125.5
Critical,0.06,95.98,58.2,Delivery Truck,Personel Usage,Preserved Food,Sundried Tomatoes,Jumbo Drum,Tamil Nadu,Tiruchchirappalli,South,India,2013-08-30,2013-09-01,-336.38464000000005,15,1396.96
Low,0.06,19.23,6.15,Regular Air,Hotels / Hospitals,Preserved Food,Marmalade,Small Pack,Assam,Jorhat,East,India,2013-08-31,2013-08-31,16.152,1,21.15
Not Specified,0.03,7.99,5.03,Regular Air,Hotels / Hospitals,Canned Foods,Quail Eggs,Medium Box,West Bengal,Baharampur,East,India,2013-09-01,2013-09-03,320.57399999999996,22,148.67
High,0.0001,2.89,0.5,Express Air,Hotels / Hospitals,Processed Meat,Oysters (Clam),Small Box,Kerala,Palghat,South,India,2013-09-02,2013-09-03,19.409699999999997,7,28.13
High,0.02,90.48,19.99,Regular Air,Restaurant Chain,Processed Meat,Caviar,Small Box,West Bengal,Asansol,East,India,2013-09-03,2013-09-05,799.1028,13,1209.22
High,0.08,3.8,1.49,Regular Air,Restaurant Chain,Processed Meat,Bacon,Small Box,Uttar Pradesh,Nagina,North,India,2013-09-03,2013-09-03,-2.44398,3,11.45
High,0.03,15.57,1.39,Regular Air,Restaurant Chain,Processed Meat,Caviar,Small Box,Uttar Pradesh,Nagina,North,India,2013-09-03,2013-09-10,93.79169999999999,9,135.93
Medium,0.0001,376.13,85.63,Delivery Truck,Hotels / Hospitals,Preserved Food,Jams,Jumbo Box,Uttar Pradesh,Kairana,North,India,2013-09-04,2013-09-05,426.0816,20,7867.42
Not Specified,0.07,286.85,61.76,Delivery Truck,Hotels / Hospitals,Preserved Food,Jams,Jumbo Box,Andhra Pradesh,Bapatla,South,India,2013-09-04,2013-09-06,-32.48,23,5082.26
Not Specified,0.0001,442.14,14.7,Delivery Truck,Hotels / Hospitals,Canned Foods,Sliced Pineapple,Jumbo Drum,Uttar Pradesh,Ghaziabad,North,India,2013-09-05,2013-09-05,501.51,23,10779.37
Medium,0.03,218.75,69.64,Delivery Truck,Stand Alone Restaurants,Preserved Food,Jams,Jumbo Box,Uttar Pradesh,Hardoi,North,India,2013-09-05,2013-09-07,25.002,4,765.16
Not Specified,0.0001,99.99,19.99,Regular Air,Hotels / Hospitals,Canned Foods,Sliced Pineapple,Small Box,Uttar Pradesh,Sambhal,North,India,2013-09-06,2013-09-08,-51.617999999999995,26,2792.12
Low,0.06,270.97,28.06,Delivery Truck,Stand Alone Restaurants,Canned Foods,Sliced Pineapple,Jumbo Drum,West Bengal,Tamluk,East,India,2013-09-06,2013-09-08,910.2564000000001,12,2641.14
High,0.05,2.6,2.4,Regular Air,Stand Alone Restaurants,Processed Meat,Foie Gras,Wrap Bag,Madhya Pradesh,Rewa,West,India,2013-09-07,2013-09-09,-17.69,25,71.69
Medium,0.0001,30.42,8.65,Regular Air,Hotels / Hospitals,Canned Foods,Assorted Fruits,Small Box,Madhya Pradesh,Rewa,West,India,2013-09-09,2013-09-11,-82.13,2,80.58
High,0.07,39.98,9.83,Regular Air,Hotels / Hospitals,Processed Meat,Caviar,Small Box,Madhya Pradesh,Rewa,West,India,2013-09-09,2013-09-09,179.37,42,1629.12
High,0.0001,6.48,7.37,Regular Air,Personel Usage,Processed Meat,Smoked Salmon,Small Box,Rajasthan,Pali,West,India,2013-09-09,2013-09-10,50.717999999999996,6,43.35
High,0.02,3.98,5.26,Regular Air,Hotels / Hospitals,Processed Meat,Bacon,Small Box,Karnataka,Gulbarga,South,India,2013-09-09,2013-09-11,-40.012,11,49.23
High,0.02,28.15,6.17,Regular Air,Hotels / Hospitals,Processed Meat,Foie Gras,Small Pack,Orissa,Cuttack,East,India,2013-09-10,2013-09-12,359.1216,25,748.13
High,0.09,12.98,3.14,Regular Air,Hotels / Hospitals,Processed Meat,Pacific Squid,Small Pack,Orissa,Cuttack,East,India,2013-09-10,2013-09-12,28.3824,26,311.85
High,0.0001,20.89,11.52,Regular Air,Personel Usage,Processed Meat,Fresh Water Eel,Small Box,Telangana,Mahbubnagar,South,India,2013-09-10,2013-09-11,82.482,1,26.65
Critical,0.01,500.98,28.14,Delivery Truck,Hotels / Hospitals,Canned Foods,Sliced Pineapple,Jumbo Drum,Maharashtra,Thane,West,India,2013-09-11,2013-09-12,-610.722,5,2579.05
Low,0.04,13.79,8.78,Regular Air,Hotels / Hospitals,Preserved Food,Marmalade,Small Box,Telangana,Khammam,South,India,2013-09-12,2013-09-12,-105.35,8,118.77
High,0.08,48.91,5.81,Regular Air,Hotels / Hospitals,Processed Meat,Smoked Salmon,Small Box,Telangana,Khammam,South,India,2013-09-12,2013-09-12,-16.5186,2,95.67
Not Specified,0.05,204.1,13.99,Regular Air,Hotels / Hospitals,Canned Foods,Sliced Pineapple,Medium Box,Telangana,Karimnagar,South,India,2013-09-12,2013-09-13,177.36,22,4393.66
High,0.0001,85.99,0.99,Regular Air,Personel Usage,Canned Foods,Quail Eggs,Wrap Bag,Madhya Pradesh,Shahdol,West,India,2013-09-13,2013-09-14,871.4838,16,1263.02
High,0.05,60.22,3.5,Regular Air,Personel Usage,Processed Meat,Jelly Fish,Small Box,West Bengal,Ghatal,East,India,2013-09-13,2013-09-14,424.1808,13,758.59
Critical,0.0001,20.99,4.81,Regular Air,Personel Usage,Canned Foods,Quail Eggs,Medium Box,Madhya Pradesh,Rewa,West,India,2013-09-14,2013-09-16,-7.766,36,695.92
Critical,0.0001,20.99,4.81,Regular Air,Personel Usage,Canned Foods,Quail Eggs,Medium Box,Chhattisgarh,Raigarh,North,India,2013-09-14,2013-09-16,-7.1447199999999995,9,173.98
High,0.01,2.88,1.49,Regular Air,Personel Usage,Processed Meat,Bacon,Small Box,Gujarat,Bhavnagar,West,India,2013-09-14,2013-09-16,7.27974,17,50.23
High,0.1,8.69,2.99,Regular Air,Personel Usage,Processed Meat,Bacon,Small Box,Bihar,Munger,North,India,2013-09-14,2013-09-16,-6.8135200000000005,2,18.23
High,0.01,41.94,2.99,Regular Air,Hotels / Hospitals,Processed Meat,Bacon,Small Box,Haryana,Ambala,North,India,2013-09-14,2013-09-15,-21.123199999999997,21,898.09
High,0.05,6.48,8.73,Regular Air,Personel Usage,Processed Meat,Smoked Salmon,Small Box,Madhya Pradesh,Vidisha,West,India,2013-09-16,2013-09-16,-151.69879999999998,18,119.86
High,0.03,7.64,1.39,Regular Air,Hotels / Hospitals,Processed Meat,Caviar,Small Box,Uttar Pradesh,Jaunpur,North,India,2013-09-16,2013-09-17,17.0964,4,32.12
High,0.06,33.29,8.74,Regular Air,Stand Alone Restaurants,Processed Meat,Fresh Water Eel,Small Box,Tamil Nadu,Cuddalore,South,India,2013-09-17,2013-09-19,71.6904,15,506.93
High,0.07,15.01,8.4,Regular Air,Restaurant Chain,Processed Meat,Bacon,Small Box,Assam,Abhayapuri,East,India,2013-09-18,2013-09-20,17.89182,26,396.34
High,0.06,8.56,5.16,Regular Air,Restaurant Chain,Processed Meat,Smoked Salmon,Wrap Bag,Assam,Abhayapuri,East,India,2013-09-18,2013-09-20,-8.1144,14,122.09
Medium,0.01,4.98,4.62,Regular Air,Stand Alone Restaurants,Canned Foods,Assorted Fruits,Small Pack,Andhra Pradesh,Rajampet,South,India,2013-09-18,2013-09-20,-52.072,8,44.12
High,0.03,4.82,5.24,Express Air,Restaurant Chain,Processed Meat,Bacon,Small Box,Tamil Nadu,Nagapattinam,South,India,2013-09-18,2013-09-19,-101.12200000000001,7,41.13
Medium,0.05,100.97,7.18,Regular Air,Restaurant Chain,Canned Foods,Assorted Fruits,Small Box,Tamil Nadu,Nagapattinam,South,India,2013-09-18,2013-09-19,77.59800000000001,15,1525.15
High,0.09,3.98,2.97,Regular Air,Restaurant Chain,Processed Meat,Smoked Salmon,Wrap Bag,Tamil Nadu,Nagapattinam,South,India,2013-09-18,2013-09-18,42.288,2,9.17
Low,0.03,205.99,8.99,Regular Air,Stand Alone Restaurants,Canned Foods,Quail Eggs,Small Box,Uttar Pradesh,Ghaziabad,North,India,2013-09-19,2013-09-21,-522.995,15,2700.43
High,0.08,10.89,4.5,Express Air,Restaurant Chain,Processed Meat,Jelly Fish,Small Box,Madhya Pradesh,Rewa,West,India,2013-09-19,2013-09-28,-30.97,63,668.98
High,0.07,279.48,35.0,Regular Air,Stand Alone Restaurants,Processed Meat,Fresh Water Eel,Large Box,Gujarat,Bantva,West,India,2013-09-19,2013-09-20,-263.6536,14,3766.84
Medium,0.02,16.98,12.39,Regular Air,Personel Usage,Preserved Food,Marmalade,Large Box,Andhra Pradesh,Nellore,South,India,2013-09-20,2013-09-22,-28.621199999999998,4,74.76
High,0.08,21.38,8.99,Regular Air,Personel Usage,Processed Meat,Foie Gras,Small Pack,Maharashtra,Akola,West,India,2013-09-21,2013-09-25,868.995,8,168.15
High,0.05,6.48,7.37,Regular Air,Personel Usage,Processed Meat,Smoked Salmon,Small Box,Madhya Pradesh,Shahdol,West,India,2013-09-22,2013-09-27,-78.3012,13,89.46
High,0.06,37.7,2.99,Regular Air,Personel Usage,Processed Meat,Bacon,Small Box,Uttar Pradesh,Rae Bareli,North,India,2013-09-23,2013-10-02,1131.8481,11,413.21
High,0.07,8.56,5.16,Regular Air,Personel Usage,Processed Meat,Smoked Salmon,Wrap Bag,Uttar Pradesh,Rae Bareli,North,India,2013-09-23,2013-09-30,720.1229999999999,23,195.01
Critical,0.03,152.48,6.5,Regular Air,Hotels / Hospitals,Canned Foods,Assorted Fruits,Small Box,Jammu And Kashmir,Udhampur,North,India,2013-09-24,2013-09-25,-9.744,23,3537.9
High,0.1,2.61,0.5,Regular Air,Hotels / Hospitals,Processed Meat,Oysters (Clam),Small Box,Jammu And Kashmir,Udhampur,North,India,2013-09-24,2013-09-25,163.44,2,5.33
High,0.1,2.88,1.01,Regular Air,Restaurant Chain,Processed Meat,Foie Gras,Wrap Bag,Orissa,Cuttack,East,India,2013-09-24,2013-09-28,0.5292,22,60.42
Low,0.02,125.99,8.99,Regular Air,Restaurant Chain,Canned Foods,Quail Eggs,Small Box,Jharkhand,Godda,North,India,2013-09-24,2013-09-26,-26.740000000000002,17,1891.19
High,0.09,14.48,6.46,Regular Air,Personel Usage,Processed Meat,Bacon,Small Box,Telangana,Nizamabad,South,India,2013-09-25,2013-09-27,20.91204,14,195.33
Not Specified,0.01,218.08,18.06,Regular Air,Stand Alone Restaurants,Preserved Food,Sundried Tomatoes,Large Box,Madhya Pradesh,Tikamgarh,West,India,2013-09-25,2013-09-26,3282.5196,22,4996.96
Critical,0.07,40.89,18.98,Regular Air,Hotels / Hospitals,Preserved Food,Marmalade,Small Box,Gujarat,Bharuch,West,India,2013-09-26,2013-09-28,-49.476000000000006,3,123.58
High,0.07,5.74,5.01,Regular Air,Stand Alone Restaurants,Processed Meat,Bacon,Small Box,Madhya Pradesh,Mandla,West,India,2013-09-27,2013-10-04,-15.817099999999998,3,19.66
Low,0.01,43.98,1.99,Express Air,Stand Alone Restaurants,Canned Foods,Assorted Fruits,Small Pack,Madhya Pradesh,Mandla,West,India,2013-09-27,2013-10-04,602.8943999999999,19,873.76
High,0.02,4.71,0.7,Regular Air,Restaurant Chain,Processed Meat,Tuna,Wrap Bag,Karnataka,Bellary,South,India,2013-09-28,2013-09-29,-2.9716,15,73.75
High,0.05,1.82,1.0,Regular Air,Restaurant Chain,Processed Meat,Foie Gras,Wrap Bag,Madhya Pradesh,Rewa,West,India,2013-09-30,2013-10-02,0.86,84,154.6
High,0.0001,29.74,6.64,Regular Air,Personel Usage,Processed Meat,Fresh Water Eel,Small Box,Tamil Nadu,Arani,South,India,2013-09-30,2013-10-05,36.036,16,484.03
High,0.06,4.98,0.8,Regular Air,Stand Alone Restaurants,Processed Meat,Smoked Salmon,Wrap Bag,Jharkhand,Ranchi,North,India,2013-10-01,2013-10-02,69.41399999999999,20,100.6
Medium,0.1,110.99,8.99,Regular Air,Stand Alone Restaurants,Canned Foods,Quail Eggs,Small Box,Assam,Silchar,East,India,2013-10-01,2013-10-04,67.779,8,717.04
Not Specified,0.09,35.41,1.99,Regular Air,Personel Usage,Canned Foods,Assorted Fruits,Small Pack,Haryana,Rohtak,North,India,2013-10-02,2013-10-04,138.1,11,354.46
Not Specified,0.05,3499.99,24.49,Regular Air,Personel Usage,Canned Foods,Wild Berry,Large Box,Haryana,Rohtak,North,India,2013-10-02,2013-10-03,-9078.94,2,6849.48
High,0.1,1.88,0.79,Regular Air,Restaurant Chain,Processed Meat,Tuna,Wrap Bag,Chhattisgarh,Korba,North,India,2013-10-03,2013-10-04,-20.6563,19,33.53
High,0.06,7.1,6.05,Regular Air,Stand Alone Restaurants,Processed Meat,Bacon,Small Box,Himachal Pradesh,Mandi,North,India,2013-10-04,2013-10-04,-51.3015,9,63.27
Not Specified,0.05,17.78,5.03,Regular Air,Stand Alone Restaurants,Preserved Food,Marmalade,Small Box,Himachal Pradesh,Mandi,North,India,2013-10-04,2013-10-05,89.95,10,174.94
High,0.04,6.48,9.17,Express Air,Restaurant Chain,Processed Meat,Smoked Salmon,Small Box,Karnataka,Haveri,South,India,2013-10-04,2013-10-09,-249.27,25,163.49
High,0.09,6.48,6.6,Regular Air,Restaurant Chain,Processed Meat,Smoked Salmon,Small Box,Uttar Pradesh,Ghazipur,North,India,2013-10-04,2013-10-06,-33.11,13,82.53
High,0.02,15.99,13.18,Regular Air,Stand Alone Restaurants,Processed Meat,Bacon,Small Box,Maharashtra,Chandrapur,West,India,2013-10-05,2013-10-05,-30.7395,2,41.69
Critical,0.0001,125.99,7.69,Regular Air,Stand Alone Restaurants,Canned Foods,Quail Eggs,Small Box,Maharashtra,Chandrapur,West,India,2013-10-05,2013-10-06,600.417,13,1489.64
High,0.06,3.15,0.49,Regular Air,Stand Alone Restaurants,Processed Meat,Oysters (Clam),Small Box,Orissa,Jajapur,East,India,2013-10-05,2013-10-07,60.684,22,66.06
Not Specified,0.1,160.98,30.0,Delivery Truck,Personel Usage,Preserved Food,Sundried Tomatoes,Jumbo Drum,Uttar Pradesh,Ghaziabad,North,India,2013-10-06,2013-10-07,290.66,63,9464.39
High,0.01,7.64,5.83,Regular Air,Personel Usage,Processed Meat,Smoked Salmon,Wrap Bag,Madhya Pradesh,Rewa,West,India,2013-10-06,2013-10-08,-56.51,105,814.36
Medium,0.1,205.99,8.99,Regular Air,Stand Alone Restaurants,Canned Foods,Quail Eggs,Small Box,Uttar Pradesh,Mainpuri,North,India,2013-10-06,2013-10-08,-187.17999999999998,18,2921.58
High,0.0001,48.92,4.5,Regular Air,Restaurant Chain,Processed Meat,Jelly Fish,Small Box,Madhya Pradesh,Rewa,West,India,2013-10-07,2013-10-08,286.98,48,2404.51
Not Specified,0.07,7.38,5.21,Regular Air,Restaurant Chain,Preserved Food,Marmalade,Small Box,Madhya Pradesh,Rewa,West,India,2013-10-07,2013-10-09,15.97,4,39.8
High,0.01,115.99,5.26,Regular Air,Restaurant Chain,Canned Foods,Quail Eggs,Small Box,Jharkhand,Dhanbad,North,India,2013-10-07,2013-10-09,1426.257,23,2357.17
High,0.04,55.5,52.2,Regular Air,Stand Alone Restaurants,Preserved Food,Marmalade,Medium Box,Maharashtra,Sangli,West,India,2013-10-07,2013-10-08,49.76,2,143.49
High,0.09,10.89,4.5,Regular Air,Personel Usage,Processed Meat,Jelly Fish,Small Box,Gujarat,Junagadh,West,India,2013-10-08,2013-10-13,-23.226,4,42.68
High,0.05,11.29,5.03,Regular Air,Hotels / Hospitals,Processed Meat,Fresh Water Eel,Small Box,Haryana,Ambala,North,India,2013-10-08,2013-10-10,273.222,6,69.44
High,0.1,37.94,5.08,Express Air,Restaurant Chain,Processed Meat,Smoked Salmon,Wrap Bag,West Bengal,Baharampur,East,India,2013-10-09,2013-10-11,5.267999999999999,13,468.69
High,0.08,6.48,8.19,Regular Air,Hotels / Hospitals,Processed Meat,Smoked Salmon,Small Box,Andhra Pradesh,Amalapuram,South,India,2013-10-09,2013-10-10,52.5606,19,118.61
High,0.09,16.98,12.39,Regular Air,Hotels / Hospitals,Processed Meat,Caviar,Small Box,Andhra Pradesh,Kakinada,South,India,2013-10-09,2013-10-11,-231.87779999999998,24,377.31
High,0.0001,5.68,1.46,Regular Air,Restaurant Chain,Processed Meat,Smoked Salmon,Wrap Bag,Uttar Pradesh,Chandauli,North,India,2013-10-09,2013-10-09,74.83,21,122.43
High,0.02,10.14,2.27,Regular Air,Restaurant Chain,Processed Meat,Smoked Salmon,Wrap Bag,Uttar Pradesh,Chandauli,North,India,2013-10-09,2013-10-11,83.16,13,133.0
High,0.1,4.98,4.7,Regular Air,Restaurant Chain,Processed Meat,Smoked Salmon,Small Box,Maharashtra,Solapur,West,India,2013-10-09,2013-10-11,174.384,15,69.66
High,0.07,6.48,7.07,Regular Air,Restaurant Chain,Processed Meat,Smoked Salmon,Small Box,Karnataka,Bijapur,South,India,2013-10-09,2013-10-11,-146.986,15,101.29
High,0.1,67.28,19.99,Regular Air,Restaurant Chain,Processed Meat,Bacon,Small Box,Madhya Pradesh,Sidhi,West,India,2013-10-10,2013-10-11,-397.684,6,384.21
Not Specified,0.08,145.98,46.2,Delivery Truck,Restaurant Chain,Preserved Food,Jams,Jumbo Box,Madhya Pradesh,Sidhi,West,India,2013-10-10,2013-10-12,-257.684,25,2786.27
Critical,0.05,89.99,42.0,Delivery Truck,Stand Alone Restaurants,Preserved Food,Sundried Tomatoes,Jumbo Drum,Gujarat,Surendranagar,West,India,2013-10-11,2013-10-13,-699.72,24,2156.25
Critical,0.1,30.42,8.65,Regular Air,Restaurant Chain,Canned Foods,Assorted Fruits,Small Box,Maharashtra,Shirdi,West,India,2013-10-12,2013-10-14,-141.02,8,238.97
High,0.06,1.95,1.63,Regular Air,Restaurant Chain,Processed Meat,Foie Gras,Wrap Bag,Maharashtra,Shirdi,West,India,2013-10-12,2013-10-13,-16.15,11,21.06
Low,0.03,32.48,7.09,Regular Air,Stand Alone Restaurants,Preserved Food,Marmalade,Small Box,Gujarat,Surat,West,India,2013-10-13,2013-10-13,-14.462,19,608.33
High,0.1,1.89,0.76,Regular Air,Stand Alone Restaurants,Processed Meat,Tuna,Wrap Bag,Gujarat,Surat,West,India,2013-10-13,2013-10-15,-324.24,2,3.78
High,0.07,65.99,8.99,Regular Air,Personel Usage,Canned Foods,Quail Eggs,Small Box,Uttar Pradesh,Ghaziabad,North,India,2013-10-14,2013-10-17,239.4,84,4485.54
Not Specified,0.06,73.98,14.52,Regular Air,Stand Alone Restaurants,Canned Foods,Assorted Fruits,Small Box,Maharashtra,Sangli,West,India,2013-10-14,2013-10-16,175.24,25,1815.79
Not Specified,0.02,85.99,0.99,Regular Air,Stand Alone Restaurants,Canned Foods,Quail Eggs,Wrap Bag,Maharashtra,Sangli,West,India,2013-10-14,2013-10-15,192.06,20,1547.2
High,0.09,5.68,1.39,Regular Air,Hotels / Hospitals,Processed Meat,Caviar,Small Box,Tamil Nadu,Krishnagiri,South,India,2013-10-14,2013-10-19,8.82,5,27.83
High,0.03,47.9,5.86,Regular Air,Restaurant Chain,Processed Meat,Smoked Salmon,Small Box,Haryana,Gurgaon,North,India,2013-10-15,2013-10-18,-723.912,23,1135.9
High,0.08,22.01,5.53,Regular Air,Hotels / Hospitals,Processed Meat,Foie Gras,Small Pack,Andhra Pradesh,Kadapa,South,India,2013-10-16,2013-10-16,4.75,9,192.46
High,0.03,6.68,7.3,Express Air,Hotels / Hospitals,Processed Meat,Smoked Salmon,Small Box,Andhra Pradesh,Ongole,South,India,2013-10-16,2013-10-21,121.944,17,117.88
High,0.09,832.81,24.49,Regular Air,Personel Usage,Processed Meat,Pacific Squid,Medium Box,Uttar Pradesh,Allahabad,North,India,2013-10-16,2013-10-20,1094.74,15,12163.61
High,0.02,5.98,5.35,Regular Air,Personel Usage,Processed Meat,Smoked Salmon,Small Box,Tamil Nadu,Salem,South,India,2013-10-18,2013-10-21,-70.85,20,124.64
Low,0.01,60.65,12.23,Regular Air,Hotels / Hospitals,Preserved Food,Marmalade,Medium Box,Uttar Pradesh,Nagina,North,India,2013-10-18,2013-10-25,331.48,12,727.19
Medium,0.06,808.49,55.3,Delivery Truck,Restaurant Chain,Canned Foods,Sliced Pineapple,Jumbo Drum,Haryana,Sirsa,North,India,2013-10-18,2013-10-20,203.346,7,4585.86
High,0.06,2.88,0.99,Regular Air,Restaurant Chain,Processed Meat,Oysters (Clam),Small Box,Haryana,Sonipat,North,India,2013-10-18,2013-10-20,224.1144,3,9.03
Medium,0.0001,65.99,8.99,Regular Air,Restaurant Chain,Canned Foods,Quail Eggs,Small Box,Haryana,Sonipat,North,India,2013-10-18,2013-10-20,-197.77800000000002,26,1506.11
High,0.06,11.58,5.72,Regular Air,Stand Alone Restaurants,Processed Meat,Caviar,Small Box,West Bengal,Jalpaiguri,East,India,2013-10-18,2013-10-20,51.91,19,224.24
Low,0.0001,58.14,36.61,Delivery Truck,Stand Alone Restaurants,Preserved Food,Pickle,Jumbo Box,Maharashtra,Sangli,West,India,2013-10-19,2013-10-23,-212.01,6,384.59
Low,0.09,449.99,49.0,Delivery Truck,Stand Alone Restaurants,Canned Foods,Wild Berry,Jumbo Drum,Maharashtra,Sangli,West,India,2013-10-19,2013-10-19,999.865,9,3685.42
High,0.05,4.48,49.0,Regular Air,Hotels / Hospitals,Processed Meat,Jelly Fish,Large Box,Karnataka,Belgaum,South,India,2013-10-19,2013-10-23,292.302,2,33.61
High,0.1,19.98,8.68,Regular Air,Stand Alone Restaurants,Processed Meat,Smoked Salmon,Small Box,Gujarat,Jamnagar,West,India,2013-10-19,2013-10-21,11.617799999999999,15,293.1
High,0.1,5.28,6.26,Regular Air,Hotels / Hospitals,Processed Meat,Smoked Salmon,Small Box,West Bengal,Bankura,East,India,2013-10-20,2013-10-22,-113.20400000000001,26,136.69
Medium,0.01,65.99,2.5,Regular Air,Hotels / Hospitals,Canned Foods,Quail Eggs,Small Box,West Bengal,Bankura,East,India,2013-10-20,2013-10-22,-37.4969,23,1353.84
Critical,0.05,43.98,1.99,Regular Air,Stand Alone Restaurants,Canned Foods,Assorted Fruits,Small Pack,Jharkhand,Ranchi,North,India,2013-10-20,2013-10-21,593.8761,20,860.69
Medium,0.04,599.99,24.49,Regular Air,Personel Usage,Canned Foods,Wild Berry,Large Box,Telangana,Mahbubnagar,South,India,2013-10-20,2013-10-22,16.338,22,13685.53
High,0.08,21.38,8.99,Regular Air,Personel Usage,Processed Meat,Foie Gras,Small Pack,Kerala,Kottayam,South,India,2013-10-22,2013-10-24,-57.75,23,488.88
High,0.04,4.73,1.52,Regular Air,Hotels / Hospitals,Processed Meat,Smoked Salmon,Wrap Bag,West Bengal,Medinipur,East,India,2013-10-23,2013-10-23,11.046,16,75.62
High,0.03,15.67,1.39,Regular Air,Hotels / Hospitals,Processed Meat,Caviar,Small Box,Uttar Pradesh,Baghpat,North,India,2013-10-23,2013-10-24,12.5,3,48.34
High,0.01,11.66,8.99,Regular Air,Stand Alone Restaurants,Processed Meat,Foie Gras,Small Pack,Madhya Pradesh,Rewa,West,India,2013-10-24,2013-10-26,-44.33,17,225.14
High,0.02,3.29,1.35,Regular Air,Stand Alone Restaurants,Processed Meat,Tuna,Wrap Bag,Madhya Pradesh,Rewa,West,India,2013-10-24,2013-10-26,11.23,44,154.63
Critical,0.01,6.24,5.22,Express Air,Hotels / Hospitals,Preserved Food,Marmalade,Small Box,Telangana,Mahbubnagar,South,India,2013-10-24,2013-10-26,23.513999999999996,3,27.14
High,0.02,14.45,7.17,Regular Air,Personel Usage,Processed Meat,Bacon,Small Box,Chhattisgarh,Durg,North,India,2013-10-24,2013-10-25,28.458,13,197.03
High,0.08,5.28,5.66,Regular Air,Personel Usage,Processed Meat,Smoked Salmon,Small Box,Tamil Nadu,Tenkasi,South,India,2013-10-25,2013-10-26,-107.2,20,105.88
High,0.0001,9.11,2.15,Express Air,Personel Usage,Processed Meat,Smoked Salmon,Wrap Bag,Bihar,Khagaria,North,India,2013-10-26,2013-10-26,-3.234,12,114.11
High,0.08,5.28,5.85,Regular Air,Personel Usage,Processed Meat,Smoked Salmon,Small Box,Bihar,Khagaria,North,India,2013-10-26,2013-10-27,68.97,10,54.57
High,0.06,19.98,4.0,Regular Air,Restaurant Chain,Canned Foods,Assorted Fruits,Small Box,Karnataka,Bijapur,South,India,2013-10-26,2013-10-27,190.52069999999998,15,297.87
High,0.05,5.78,7.96,Regular Air,Restaurant Chain,Processed Meat,Smoked Salmon,Small Box,Karnataka,Bijapur,South,India,2013-10-26,2013-10-26,-19.991999999999997,23,139.39
High,0.07,21.38,2.99,Regular Air,Stand Alone Restaurants,Processed Meat,Bacon,Small Box,West Bengal,Barasat,East,India,2013-10-27,2013-10-28,169.439,14,279.98
Critical,0.03,113.64,35.0,Regular Air,Restaurant Chain,Preserved Food,Marmalade,Small Box,Andhra Pradesh,Nellore,South,India,2013-10-27,2013-10-28,-530.68,11,1268.16
High,0.0001,14.45,7.17,Regular Air,Personel Usage,Processed Meat,Bacon,Small Box,Uttar Pradesh,Kannauj,North,India,2013-10-28,2013-10-28,53.312,20,301.44
High,0.1,100.97,14.0,Delivery Truck,Stand Alone Restaurants,Canned Foods,Sliced Pineapple,Jumbo Drum,Jharkhand,Ranchi,North,India,2013-10-28,2013-10-31,1667.8887,26,2417.23
High,0.02,18.97,9.54,Regular Air,Restaurant Chain,Processed Meat,Smoked Salmon,Small Box,Tamil Nadu,Nagapattinam,South,India,2013-10-28,2013-10-30,80.832,23,458.34
Low,0.04,100.98,35.84,Delivery Truck,Personel Usage,Preserved Food,Pickle,Jumbo Box,Uttar Pradesh,Ghaziabad,North,India,2013-10-29,2013-10-31,-159.21,34,3438.06
Not Specified,0.05,320.64,43.57,Delivery Truck,Personel Usage,Preserved Food,Jams,Jumbo Box,Rajasthan,Rajsamand,West,India,2013-10-29,2013-10-29,1881.76,22,6724.2
High,0.07,3.29,1.35,Regular Air,Stand Alone Restaurants,Processed Meat,Tuna,Wrap Bag,Kerala,Kannur,South,India,2013-10-30,2013-10-30,-969.9480000000001,2,7.08
High,0.0001,15.73,7.42,Express Air,Stand Alone Restaurants,Processed Meat,Pacific Squid,Small Pack,Kerala,Kannur,South,India,2013-10-30,2013-10-31,213.888,20,341.74
High,0.06,34.76,8.22,Regular Air,Stand Alone Restaurants,Processed Meat,Fresh Water Eel,Small Box,Kerala,Kannur,South,India,2013-10-30,2013-11-01,-847.5236,5,175.65
High,0.08,8.74,8.29,Regular Air,Restaurant Chain,Processed Meat,Caviar,Small Box,Chhattisgarh,Kanker,North,India,2013-10-31,2013-10-31,5.052,26,219.73
Medium,0.07,1.74,4.08,Regular Air,Hotels / Hospitals,Preserved Food,Marmalade,Small Pack,Uttar Pradesh,Varanasi,North,India,2013-10-31,2013-10-31,-113.86,20,36.45
High,0.02,6.48,10.05,Regular Air,Restaurant Chain,Processed Meat,Smoked Salmon,Small Box,Rajasthan,Bharatpur,West,India,2013-10-31,2013-11-01,-42.028,13,88.61
Critical,0.0001,22.98,7.58,Regular Air,Hotels / Hospitals,Preserved Food,Marmalade,Small Box,Gujarat,Surendranagar,West,India,2013-11-01,2013-11-02,466.38592000000006,41,1005.62
High,0.04,3.75,7.5,Regular Air,Personel Usage,Processed Meat,Oysters (Clam),Small Box,Andhra Pradesh,Rajampet,South,India,2013-11-02,2013-11-03,91.31520000000006,36,142.83
Not Specified,0.01,65.99,8.99,Regular Air,Hotels / Hospitals,Canned Foods,Quail Eggs,Small Box,Kerala,Trichur,South,India,2013-11-02,2013-11-04,847.943712,29,1730.04
High,0.0001,20.99,0.99,Express Air,Personel Usage,Canned Foods,Quail Eggs,Wrap Bag,Madhya Pradesh,Rewa,West,India,2013-11-03,2013-11-04,435.95099999999996,151,2924.85
High,0.07,810.98,16.06,Delivery Truck,Restaurant Chain,Canned Foods,Sliced Pineapple,Jumbo Drum,Uttar Pradesh,Robertsganj,North,India,2013-11-04,2013-11-05,901.6313904000006,3,2421.02
Medium,0.06,17.48,1.99,Regular Air,Hotels / Hospitals,Canned Foods,Assorted Fruits,Small Pack,Jammu And Kashmir,Udhampur,North,India,2013-11-05,2013-11-07,-1654.394,7,120.21
Medium,0.01,12.99,14.37,Regular Air,Stand Alone Restaurants,Preserved Food,Marmalade,Large Box,Punjab,Sangrur,West,India,2013-11-05,2013-11-05,46.81296000000002,12,169.13
High,0.02,5.28,5.66,Regular Air,Hotels / Hospitals,Processed Meat,Smoked Salmon,Small Box,Madhya Pradesh,Rewa,West,India,2013-11-07,2013-11-08,-93.78,137,764.75
High,0.02,5.28,5.66,Regular Air,Hotels / Hospitals,Processed Meat,Smoked Salmon,Small Box,Chhattisgarh,Bilaspur,North,India,2013-11-07,2013-11-08,228.7008,34,189.79
High,0.08,17.52,8.17,Regular Air,Hotels / Hospitals,Processed Meat,Jelly Fish,Medium Box,Uttar Pradesh,Kanpur,North,India,2013-11-08,2013-11-08,-20.1089,23,400.19
Medium,0.0001,20.95,4.0,Regular Air,Hotels / Hospitals,Canned Foods,Assorted Fruits,Small Box,Uttar Pradesh,Kanpur,North,India,2013-11-08,2013-11-09,42.48,5,117.13
High,0.05,10.23,4.68,Regular Air,Restaurant Chain,Processed Meat,Pacific Squid,Small Pack,West Bengal,Jangipur,East,India,2013-11-09,2013-11-10,10.973600000000005,17,179.31
High,0.07,8.69,2.99,Express Air,Stand Alone Restaurants,Processed Meat,Bacon,Small Box,Gujarat,Surendranagar,West,India,2013-11-11,2013-11-20,162.022784,37,321.52
Medium,0.09,26.31,5.89,Regular Air,Stand Alone Restaurants,Canned Foods,Assorted Fruits,Small Box,Gujarat,Jamnagar,West,India,2013-11-12,2013-11-13,42.233999999999995,9,229.4
High,0.07,2.08,2.56,Regular Air,Restaurant Chain,Processed Meat,Pacific Squid,Small Pack,Karnataka,Tumkur,South,India,2013-11-12,2013-11-13,38.34032000000002,44,92.52
High,0.01,140.99,13.99,Regular Air,Restaurant Chain,Canned Foods,Sliced Pineapple,Medium Box,Andhra Pradesh,Nellore,South,India,2013-11-14,2013-11-14,4472.649,43,6482.1
High,0.0001,3.89,7.01,Regular Air,Restaurant Chain,Processed Meat,Bacon,Small Box,Bihar,Aurangabad,North,India,2013-11-15,2013-11-16,7.587792000000004,3,18.91
High,0.01,88.84,20.79,Regular Air,Restaurant Chain,Preserved Food,Marmalade,Large Box,Bihar,Aurangabad,North,India,2013-11-15,2013-11-16,405.5406,6,587.74
High,0.02,115.99,5.99,Regular Air,Restaurant Chain,Canned Foods,Quail Eggs,Small Box,Bihar,Aurangabad,North,India,2013-11-15,2013-11-16,49.044336000000015,9,921.75
High,0.09,19.98,5.97,Regular Air,Personel Usage,Processed Meat,Smoked Salmon,Small Box,Bihar,Begusarai,North,India,2013-11-15,2013-11-15,370.53632000000005,33,617.32
Low,0.09,20.99,0.99,Regular Air,Restaurant Chain,Canned Foods,Quail Eggs,Wrap Bag,Maharashtra,Latur,West,India,2013-11-16,2013-11-16,-344.694,18,306.86
Medium,0.04,70.89,89.3,Delivery Truck,Hotels / Hospitals,Preserved Food,Jams,Jumbo Box,Tamil Nadu,Krishnagiri,South,India,2013-11-16,2013-11-17,85.45024000000004,3,246.2
High,0.02,2.88,0.7,Regular Air,Stand Alone Restaurants,Processed Meat,Foie Gras,Wrap Bag,Rajasthan,Sikar,West,India,2013-11-16,2013-11-19,76.31008,44,134.75
Not Specified,0.05,280.98,57.0,Delivery Truck,Hotels / Hospitals,Preserved Food,Sundried Tomatoes,Jumbo Drum,Madhya Pradesh,Hoshangabad,West,India,2013-11-17,2013-11-19,207.98800000000006,5,1475.58
High,0.09,14.03,9.37,Regular Air,Hotels / Hospitals,Processed Meat,Fresh Water Eel,Small Box,Madhya Pradesh,Hoshangabad,West,India,2013-11-17,2013-11-18,105.15168000000006,43,562.88
High,0.06,3.08,0.5,Express Air,Personel Usage,Processed Meat,Oysters (Clam),Small Box,Uttar Pradesh,Lucknow,North,India,2013-11-17,2013-11-18,77.12819999999999,33,111.78
Low,0.1,146.05,80.2,Delivery Truck,Hotels / Hospitals,Preserved Food,Jams,Jumbo Box,Kerala,Kottayam,South,India,2013-11-18,2013-11-25,353.7721600000002,11,1591.71
High,0.04,500.98,28.14,Delivery Truck,Restaurant Chain,Canned Foods,Sliced Pineapple,Jumbo Drum,Jharkhand,Lohardaga,North,India,2013-11-19,2013-11-21,366.85799999999995,39,19882.09
High,0.07,4.13,5.04,Regular Air,Hotels / Hospitals,Processed Meat,Bacon,Small Box,Telangana,Mahbubnagar,South,India,2013-11-20,2013-11-20,-2115.2397,39,166.35
Critical,0.05,262.11,62.74,Delivery Truck,Restaurant Chain,Preserved Food,Jams,Jumbo Box,Tamil Nadu,Tiruchchirappalli,South,India,2013-11-21,2013-11-23,343.3924800000001,24,6031.88
High,0.07,10.06,2.06,Regular Air,Hotels / Hospitals,Processed Meat,Smoked Salmon,Wrap Bag,Uttar Pradesh,Baghpat,North,India,2013-11-22,2013-11-22,78.05,97,933.07
Low,0.0001,205.99,8.99,Express Air,Restaurant Chain,Canned Foods,Quail Eggs,Small Box,Uttar Pradesh,Bulandshahr,North,India,2013-11-22,2013-11-29,195.991488,11,2033.98
High,0.02,35.48,35.0,Regular Air,Restaurant Chain,Processed Meat,Fresh Water Eel,Large Box,West Bengal,Ranaghat,East,India,2013-11-23,2013-11-24,142.13248000000004,8,312.05
Low,0.07,5.47,5.26,Regular Air,Stand Alone Restaurants,Preserved Food,Marmalade,Small Pack,Madhya Pradesh,Gwalior,West,India,2013-11-24,2013-11-26,4894.62,32,175.73
High,0.09,4.06,6.89,Express Air,Personel Usage,Processed Meat,Jelly Fish,Small Box,Haryana,Hisar,North,India,2013-11-24,2013-11-29,583.74,6,36.57
High,0.01,35.44,5.09,Regular Air,Personel Usage,Processed Meat,Smoked Salmon,Small Box,Haryana,Hisar,North,India,2013-11-24,2013-11-28,-37.408,16,582.74
Low,0.01,113.98,30.0,Delivery Truck,Personel Usage,Preserved Food,Sundried Tomatoes,Jumbo Drum,Jharkhand,Giridih,North,India,2013-11-24,2013-11-29,-17.332,11,1343.22
Not Specified,0.04,152.48,4.0,Regular Air,Restaurant Chain,Canned Foods,Assorted Fruits,Small Box,Uttar Pradesh,Azamgarh,North,India,2013-11-25,2013-11-26,606.144,41,6001.62
High,0.06,31.98,6.72,Regular Air,Personel Usage,Processed Meat,Fresh Water Eel,Small Box,Maharashtra,Akola,West,India,2013-11-26,2013-11-27,-216.23,14,426.74
High,0.01,2.88,0.99,Regular Air,Personel Usage,Processed Meat,Oysters (Clam),Small Box,Tamil Nadu,Madurai,South,India,2013-11-26,2013-11-27,-146.2538,23,69.08
High,0.04,10.14,2.27,Regular Air,Personel Usage,Processed Meat,Smoked Salmon,Wrap Bag,Tamil Nadu,Madurai,South,India,2013-11-26,2013-11-27,-78.1242,4,42.77
Not Specified,0.07,8.09,7.96,Regular Air,Personel Usage,Preserved Food,Marmalade,Small Box,Tamil Nadu,Sivaganga,South,India,2013-11-26,2013-11-29,63.48448000000002,36,291.56
Not Specified,0.03,20.99,1.25,Regular Air,Personel Usage,Canned Foods,Quail Eggs,Small Pack,Tamil Nadu,Sivaganga,South,India,2013-11-26,2013-11-27,43.27171200000002,9,158.27
High,0.06,7.98,1.25,Regular Air,Personel Usage,Processed Meat,Smoked Salmon,Wrap Bag,Bihar,Jamui,North,India,2013-11-26,2013-11-27,5.069999999999999,14,112.49
Medium,0.02,65.99,5.26,Regular Air,Personel Usage,Canned Foods,Quail Eggs,Small Box,Gujarat,Jamnagar,West,India,2013-11-27,2013-11-29,2.646,41,2370.52
Medium,0.07,160.98,30.0,Delivery Truck,Personel Usage,Preserved Food,Sundried Tomatoes,Jumbo Drum,Kerala,Kasaragod,South,India,2013-11-28,2013-11-30,747.55296,23,3538.77
Medium,0.0001,120.97,7.11,Express Air,Personel Usage,Canned Foods,Sliced Pineapple,Medium Box,Kerala,Kasaragod,South,India,2013-11-28,2013-11-30,2049.0101999999997,23,2969.58
High,0.1,6.48,9.54,Regular Air,Hotels / Hospitals,Processed Meat,Smoked Salmon,Small Box,West Bengal,Bankura,East,India,2013-11-28,2013-11-30,20.652,4,34.27
High,0.02,2.21,1.0,Regular Air,Restaurant Chain,Processed Meat,Foie Gras,Wrap Bag,Uttar Pradesh,Varanasi ,North,India,2013-11-28,2013-11-30,-62.062,32,72.97
Not Specified,0.04,33.94,19.19,Delivery Truck,Stand Alone Restaurants,Preserved Food,Sundried Tomatoes,Jumbo Drum,Jharkhand,Khunti,North,India,2013-11-29,2013-11-30,144.69,14,504.88
High,0.0001,70.97,3.5,Regular Air,Hotels / Hospitals,Processed Meat,Jelly Fish,Small Box,Kerala,Pathanamthitta,South,India,2013-11-30,2013-12-02,30.22960000000002,3,212.91
High,0.08,37.94,5.08,Regular Air,Hotels / Hospitals,Processed Meat,Smoked Salmon,Wrap Bag,Kerala,Pathanamthitta,South,India,2013-11-30,2013-12-01,804.7262999999999,32,1166.27
Not Specified,0.06,2036.48,14.7,Delivery Truck,Hotels / Hospitals,Canned Foods,Sliced Pineapple,Jumbo Drum,Maharashtra,Hingoli,West,India,2013-11-30,2013-12-02,2251.573641600001,3,5972.59
Critical,0.06,596.98,14.7,Delivery Truck,Hotels / Hospitals,Canned Foods,Sliced Pineapple,Jumbo Drum,Rajasthan,Jodhpur,West,India,2013-12-02,2013-12-04,-28.35,16,9158.15
Not Specified,0.04,8.34,0.96,Regular Air,Hotels / Hospitals,Preserved Food,Marmalade,Wrap Bag,Maharashtra,Ramtek,West,India,2013-12-02,2013-12-03,-2.9568000000000003,1,8.49
Not Specified,0.04,110.99,8.99,Regular Air,Hotels / Hospitals,Canned Foods,Quail Eggs,Small Box,Maharashtra,Ramtek,West,India,2013-12-02,2013-12-02,1406.8272,21,2038.88
High,0.08,3.81,5.44,Regular Air,Hotels / Hospitals,Processed Meat,Bacon,Small Box,Telangana,Nizamabad,South,India,2013-12-04,2013-12-06,-45.560424,18,65.89
Critical,0.03,6.24,5.22,Regular Air,Hotels / Hospitals,Preserved Food,Marmalade,Small Box,Telangana,Nizamabad,South,India,2013-12-04,2013-12-04,-21.745919999999998,13,86.12
Critical,0.01,4.86,7.1,Regular Air,Hotels / Hospitals,Preserved Food,Marmalade,Small Box,Telangana,Nizamabad,South,India,2013-12-04,2013-12-06,-55.581119999999984,21,109.73
High,0.05,4.98,4.7,Regular Air,Hotels / Hospitals,Processed Meat,Smoked Salmon,Small Box,Telangana,Nizamabad,South,India,2013-12-04,2013-12-05,-22.19616,21,109.71
Low,0.0001,170.98,13.99,Regular Air,Restaurant Chain,Preserved Food,Marmalade,Medium Box,Bihar,Jhanjharpur,North,India,2013-12-05,2013-12-12,647.7627,30,5516.44
Low,0.06,55.5,52.2,Regular Air,Hotels / Hospitals,Preserved Food,Marmalade,Medium Box,Andhra Pradesh,Nandyal,South,India,2013-12-05,2013-12-05,-93.78431999999998,6,357.9
Low,0.0001,227.55,32.48,Delivery Truck,Hotels / Hospitals,Preserved Food,Jams,Jumbo Box,Andhra Pradesh,Nandyal,South,India,2013-12-05,2013-12-09,2807.2844800000003,24,5587.01
Medium,0.03,1938.02,13.99,Express Air,Restaurant Chain,Canned Foods,Sliced Pineapple,Medium Box,Bihar,Purnia,North,India,2013-12-05,2013-12-06,899.964,3,5822.62
High,0.05,6.48,5.84,Regular Air,Restaurant Chain,Processed Meat,Smoked Salmon,Small Box,Bihar,Purnia,North,India,2013-12-05,2013-12-06,-30.654400000000003,16,109.39
High,0.09,5.4,7.78,Express Air,Personel Usage,Processed Meat,Bacon,Small Box,Madhya Pradesh,Rewa,West,India,2013-12-06,2013-12-08,-69.529,28,174.46
High,0.04,11.34,5.01,Regular Air,Stand Alone Restaurants,Processed Meat,Smoked Salmon,Small Box,Uttar Pradesh,Unnao,North,India,2013-12-06,2013-12-11,90.33856,14,167.2
Critical,0.03,259.71,66.67,Delivery Truck,Restaurant Chain,Preserved Food,Jams,Jumbo Box,Uttar Pradesh,Robertsganj,North,India,2013-12-07,2013-12-10,843.16544,13,3439.28
Medium,0.05,535.64,14.7,Delivery Truck,Restaurant Chain,Canned Foods,Sliced Pineapple,Jumbo Drum,Jharkhand,Khunti,North,India,2013-12-07,2013-12-09,226.686,1,534.3
High,0.05,122.99,19.99,Express Air,Hotels / Hospitals,Processed Meat,Bacon,Small Box,Madhya Pradesh,Rewa,West,India,2013-12-08,2013-12-11,1169.7105000000001,54,6781.02
Not Specified,0.06,8.33,1.99,Regular Air,Restaurant Chain,Canned Foods,Assorted Fruits,Small Pack,Jharkhand,Rajmahal,North,India,2013-12-08,2013-12-09,-124.5335,4,32.77
High,0.01,34.99,7.73,Regular Air,Restaurant Chain,Processed Meat,Foie Gras,Small Box,Jharkhand,Rajmahal,North,India,2013-12-08,2013-12-10,-53.2994,5,185.73
High,0.08,7.28,11.15,Regular Air,Hotels / Hospitals,Processed Meat,Smoked Salmon,Small Box,Madhya Pradesh,Guna,West,India,2013-12-09,2013-12-10,-93.03168,20,142.35
Critical,0.08,424.21,110.2,Delivery Truck,Hotels / Hospitals,Preserved Food,Jams,Jumbo Box,Madhya Pradesh,Guna,West,India,2013-12-09,2013-12-10,-233.29487999999998,6,2443.57
Critical,0.09,200.99,8.08,Express Air,Hotels / Hospitals,Canned Foods,Quail Eggs,Small Box,Madhya Pradesh,Guna,West,India,2013-12-09,2013-12-10,2482.3647,22,3597.63
Medium,0.06,1500.97,29.7,Delivery Truck,Stand Alone Restaurants,Canned Foods,Sliced Pineapple,Jumbo Drum,Uttar Pradesh,Hathras,North,India,2013-12-09,2013-12-11,17.256,2,3047.57
Medium,0.06,80.97,30.06,Delivery Truck,Stand Alone Restaurants,Canned Foods,Sliced Pineapple,Jumbo Box,Uttar Pradesh,Hathras,North,India,2013-12-09,2013-12-12,-45.682,23,1888.14
Medium,0.09,65.99,8.99,Regular Air,Stand Alone Restaurants,Canned Foods,Quail Eggs,Small Box,Uttar Pradesh,Hathras,North,India,2013-12-09,2013-12-11,-51.856,15,769.6
High,0.02,18.94,1.49,Regular Air,Restaurant Chain,Processed Meat,Bacon,Small Box,Maharashtra,Kolhapur,West,India,2013-12-10,2013-12-11,192.1098,15,278.42
High,0.05,122.99,19.99,Regular Air,Restaurant Chain,Processed Meat,Bacon,Small Box,Maharashtra,Kolhapur,West,India,2013-12-10,2013-12-12,1264.5699,15,1832.71
High,0.0001,1.14,0.7,Express Air,Restaurant Chain,Processed Meat,Tuna,Wrap Bag,Maharashtra,Kolhapur,West,India,2013-12-10,2013-12-12,4.67584,7,10.48
High,0.09,3.69,0.5,Regular Air,Hotels / Hospitals,Processed Meat,Oysters (Clam),Small Box,Kerala,Palghat,South,India,2013-12-11,2013-12-12,37.3704,15,54.16
High,0.06,65.99,8.99,Regular Air,Hotels / Hospitals,Canned Foods,Quail Eggs,Small Box,Kerala,Palghat,South,India,2013-12-11,2013-12-12,-85.606752,3,170.67
High,0.04,30.98,19.51,Express Air,Stand Alone Restaurants,Processed Meat,Caviar,Small Box,Tamil Nadu,Pollachi,South,India,2013-12-11,2013-12-18,-28.482719999999993,21,632.23
High,0.09,11.5,7.19,Regular Air,Restaurant Chain,Processed Meat,Bacon,Small Box,Madhya Pradesh,Rewa,West,India,2013-12-12,2013-12-14,-50.208999999999996,94,1066.94
High,0.09,2.98,2.03,Express Air,Restaurant Chain,Processed Meat,Foie Gras,Wrap Bag,Madhya Pradesh,Rewa,West,India,2013-12-12,2013-12-14,-22.32,42,123.88
Critical,0.1,150.98,30.0,Delivery Truck,Personel Usage,Preserved Food,Sundried Tomatoes,Jumbo Drum,Uttar Pradesh,Faizabad,North,India,2013-12-12,2013-12-14,89.69879999999999,21,2983.03
Critical,0.04,31.76,45.51,Delivery Truck,Personel Usage,Preserved Food,Jams,Jumbo Box,Madhya Pradesh,Rewa,West,India,2013-12-13,2013-12-15,-126.47,8,271.86
High,0.06,4.48,1.22,Regular Air,Hotels / Hospitals,Processed Meat,Smoked Salmon,Wrap Bag,Uttar Pradesh,Kanpur,North,India,2013-12-15,2013-12-16,-202.5541,2,9.83
High,0.09,2.88,0.7,Express Air,Hotels / Hospitals,Processed Meat,Foie Gras,Wrap Bag,Uttar Pradesh,Kanpur,North,India,2013-12-15,2013-12-17,137.86739999999998,22,60.21
High,0.04,3.85,0.7,Regular Air,Hotels / Hospitals,Processed Meat,Foie Gras,Wrap Bag,Uttar Pradesh,Varanasi,North,India,2013-12-15,2013-12-17,24.570899999999998,9,35.61
Not Specified,0.0001,205.99,8.99,Regular Air,Restaurant Chain,Canned Foods,Quail Eggs,Small Box,Punjab,Ludhiana,West,India,2013-12-15,2013-12-16,112.42439999999999,3,556.79
High,0.06,43.41,2.99,Regular Air,Restaurant Chain,Processed Meat,Bacon,Small Box,Uttar Pradesh,Meerut,North,India,2013-12-16,2013-12-17,13.895999999999999,3,129.76
Critical,0.0001,140.98,36.09,Delivery Truck,Personel Usage,Preserved Food,Pickle,Jumbo Box,Kerala,Kottayam,South,India,2013-12-16,2013-12-17,-58.450559999999996,8,1214.76
High,0.1,81.32,0.99,Regular Air,Hotels / Hospitals,Processed Meat,Jelly Fish,Small Box,Uttar Pradesh,Baghpat,North,India,2013-12-17,2013-12-19,320.12032,7,522.56
High,0.1,10.98,5.14,Regular Air,Restaurant Chain,Processed Meat,Bacon,Small Box,Jammu And Kashmir,Srinagar,North,India,2013-12-17,2013-12-19,-236.13799999999998,14,151.99
High,0.09,45.98,4.8,Regular Air,Stand Alone Restaurants,Preserved Food,Marmalade,Wrap Bag,Andhra Pradesh,Hindupur,South,India,2013-12-18,2013-12-19,384.5508,13,557.32
High,0.07,6.23,6.97,Regular Air,Hotels / Hospitals,Processed Meat,Bacon,Small Box,Rajasthan,Ganganagar,West,India,2013-12-19,2013-12-20,-30.668568,13,84.97
High,0.07,193.17,19.99,Regular Air,Hotels / Hospitals,Processed Meat,Fresh Water Eel,Small Box,Jharkhand,Godda,North,India,2013-12-20,2013-12-21,-24.0856,3,592.06
High,0.02,30.56,2.99,Regular Air,Hotels / Hospitals,Processed Meat,Bacon,Small Box,Karnataka,Mysore,South,India,2013-12-20,2013-12-23,114.36,9,272.23
High,0.01,39.89,3.04,Regular Air,Hotels / Hospitals,Preserved Food,Marmalade,Wrap Bag,Madhya Pradesh,Ujjain,West,India,2013-12-20,2013-12-21,1121.916,14,563.93
High,0.07,101.41,35.0,Regular Air,Hotels / Hospitals,Processed Meat,Fresh Water Eel,Large Box,Madhya Pradesh,Ujjain,West,India,2013-12-20,2013-12-22,90.84,21,2136.68
Critical,0.07,22.23,5.08,Regular Air,Restaurant Chain,Preserved Food,Marmalade,Small Pack,Madhya Pradesh,Khargone,West,India,2013-12-21,2013-12-22,21.981440000000003,4,89.73
High,0.08,2.18,1.38,Regular Air,Stand Alone Restaurants,Processed Meat,Tuna,Wrap Bag,Andhra Pradesh,Rajampet,South,India,2013-12-21,2013-12-23,-3.4675199999999995,19,41.47
High,0.02,24.95,2.99,Regular Air,Hotels / Hospitals,Processed Meat,Bacon,Small Box,Haryana,Sirsa,North,India,2013-12-21,2013-12-26,116.52659999999999,1,27.44
Not Specified,0.01,95.98,58.2,Delivery Truck,Hotels / Hospitals,Preserved Food,Sundried Tomatoes,Jumbo Drum,Uttar Pradesh,Baghpat,North,India,2013-12-23,2013-12-24,-768.14,90,9095.8
Low,0.05,53.98,5.5,Regular Air,Personel Usage,Canned Foods,Assorted Fruits,Small Box,Maharashtra,Bhiwandi,West,India,2013-12-23,2013-12-27,71.50139999999999,5,277.11
High,0.09,6.81,5.48,Regular Air,Hotels / Hospitals,Processed Meat,Bacon,Small Box,Kerala,Trivandrum,South,India,2013-12-24,2013-12-26,51.864,4,29.16
High,0.01,3.57,4.17,Regular Air,Hotels / Hospitals,Processed Meat,Foie Gras,Small Pack,Uttar Pradesh,Sultanpur,North,India,2013-12-24,2013-12-28,1268.37,13,48.12
Low,0.04,65.99,4.2,Regular Air,Hotels / Hospitals,Canned Foods,Quail Eggs,Small Box,Uttar Pradesh,Sultanpur,North,India,2013-12-24,2013-12-29,40.182,9,523.4
High,0.02,24.92,12.98,Regular Air,Stand Alone Restaurants,Processed Meat,Bacon,Small Box,Uttar Pradesh,Meerut,North,India,2013-12-25,2013-12-26,-365.12,2,57.29
High,0.04,2.61,0.5,Regular Air,Restaurant Chain,Processed Meat,Oysters (Clam),Small Box,Uttar Pradesh,Ghaziabad,North,India,2013-12-26,2013-12-28,32.81,76,191.42
High,0.04,2.61,0.5,Regular Air,Restaurant Chain,Processed Meat,Oysters (Clam),Small Box,Kerala,Pathanamthitta,South,India,2013-12-26,2013-12-28,33.023399999999995,19,47.86
High,0.0001,5.81,3.37,Regular Air,Stand Alone Restaurants,Processed Meat,Tuna,Wrap Bag,Andhra Pradesh,Nellore,South,India,2013-12-26,2013-12-26,-12.00864,22,130.82
High,0.02,1.76,0.7,Express Air,Restaurant Chain,Processed Meat,Foie Gras,Wrap Bag,Madhya Pradesh,Satna,West,India,2013-12-27,2013-12-28,7.6710400000000005,11,22.61
High,0.02,67.28,19.99,Regular Air,Stand Alone Restaurants,Processed Meat,Bacon,Small Box,West Bengal,Diamond Harbour,East,India,2013-12-28,2013-12-30,730.2614999999998,15,1058.35
High,0.01,20.98,1.49,Regular Air,Restaurant Chain,Processed Meat,Bacon,Small Box,Jharkhand,Dhanbad,North,India,2013-12-28,2013-12-30,-5.865551999999999,1,22.23
Not Specified,0.02,29.89,1.99,Regular Air,Stand Alone Restaurants,Canned Foods,Assorted Fruits,Small Pack,Assam,Dibrugarh,East,India,2013-12-28,2013-12-29,-1.9152,5,147.93
High,0.01,3.28,3.97,Express Air,Stand Alone Restaurants,Processed Meat,Foie Gras,Wrap Bag,Assam,Dibrugarh,East,India,2013-12-28,2013-12-28,-8.79984,5,19.22
Critical,0.1,43.22,4.0,Regular Air,Restaurant Chain,Canned Foods,Assorted Fruits,Small Box,Jharkhand,Ranchi,North,India,2013-12-29,2013-12-30,-59.653999999999996,23,968.23
Critical,0.04,218.75,69.64,Delivery Truck,Restaurant Chain,Preserved Food,Jams,Jumbo Box,Jharkhand,Ranchi,North,India,2013-12-29,2013-12-30,-41.4253,9,1964.67
High,0.07,3.95,5.13,Regular Air,Hotels / Hospitals,Processed Meat,Jelly Fish,Small Box,Telangana,Nizamabad,South,India,2013-12-29,2013-12-29,-55.41311999999999,23,91.34
Low,0.0001,19.98,4.0,Regular Air,Restaurant Chain,Canned Foods,Assorted Fruits,Small Box,Orissa,Bhadrak,East,India,2013-12-30,2013-12-30,450.3276,16,347.32
High,0.09,832.81,24.49,Regular Air,Restaurant Chain,Processed Meat,Pacific Squid,Medium Box,Orissa,Bhadrak,East,India,2013-12-30,2013-12-30,676.0319999999999,1,803.33
